playerRanking,gamesPlayed,gamesStarted,minutesPlayed,pointsScored,twoPointersMade,twoPointersAttempted,twoPointersPercentage,threePointersMade,threePointersAttempted,threePointersPercentage,freeThrowsMade,freeThrowsAttempted,freeThrowsPercentage,offensiveRebounds,defensiveRebounds,totalRebounds,assists,steals,turnovers,blocks,blocksAgainst,foulsCommited,foulsDrawn,pir,player.code,player.name,price,fantasy_points_total,fantasy_points_per_game,value_score
191.0,38.0,38.0,30.39342105263158,19.8,4.9,7.6,64.5%,1.9,4.9,38.2%,4.3,4.9,88.6%,1.9,4.7,6.6,1.8,0.9,1.1,0.2,0.3,1.3,3.4,23.7,003469,"VEZENKOV, SASHA",16.0,23.699999999999996,0.6236842105263157,0.03898026315789473
,,,,,,,,,,,,,,,,,,,,,,,,,,"MICIC, VASILIJE",15.7,,,
186.0,40.0,39.0,30.82708333333333,20.0,4.4,7.9,56.3%,2.7,7.0,39.2%,3.0,3.4,86.2%,0.8,2.7,3.5,4.2,1.0,2.8,0.2,0.6,2.8,4.1,18.7,012774,"NUNN, KENDRICK",15.6,18.6,0.465,0.02980769230769231
189.0,30.0,30.0,27.487222222222226,17.7,3.3,6.0,55%,2.0,5.2,38.9%,5.0,5.6,89.3%,1.8,4.6,6.4,2.0,1.0,1.9,0.3,0.2,1.8,4.9,22.0,000796,"MIROTIC, NIKOLA",15.5,21.900000000000006,0.7300000000000002,0.0470967741935484
181.0,28.0,25.0,27.45595238095238,15.6,4.4,8.6,51.3%,0.9,2.5,36.2%,4.2,5.1,82.4%,1.6,3.4,5.0,2.7,0.7,2.5,0.4,0.4,2.5,5.2,17.5,001133,"SHENGELIA, TORNIKE",15.5,17.499999999999996,0.6249999999999999,0.04032258064516128
,,,,,,,,,,,,,,,,,,,,,,,,,,"LESSORT, MATHIAS",15.4,,,
185.0,33.0,29.0,28.203535353535354,14.0,3.4,5.2,64.5%,1.2,3.9,29.5%,3.8,4.7,81.3%,2.2,3.9,6.1,2.3,0.9,1.9,0.3,0.4,1.8,4.7,18.6,012201,"MONEKE, CHIMA",15.3,18.800000000000004,0.5696969696969698,0.037235096058625475
180.0,41.0,41.0,29.341463414634145,15.9,3.3,7.3,44.8%,1.9,5.6,33%,3.8,4.9,78.9%,0.3,2.6,3.0,5.8,1.1,1.9,0.0,0.6,1.8,4.7,17.4,005985,"JAMES, MIKE",15.2,17.4,0.424390243902439,0.0279204107830552
187.0,34.0,23.0,27.644117647058824,16.0,3.2,6.0,53.2%,1.6,3.5,46.2%,4.8,5.2,91.5%,0.7,3.8,4.5,1.2,0.7,1.3,0.1,0.4,2.0,5.7,19.4,008987,"LEDAY, ZACH",15.2,19.4,0.5705882352941176,0.03753869969040248
169.0,40.0,37.0,23.26333333333333,10.2,4.2,5.7,73.8%,0.0,0.0,0%,1.8,2.4,72.2%,2.4,4.1,6.6,1.2,0.7,2.0,1.2,0.2,3.0,2.8,15.3,005791,"TAVARES, WALTER",15.0,15.399999999999997,0.3849999999999999,0.02566666666666666
182.0,39.0,33.0,25.74017094017094,12.0,2.3,4.0,56.1%,1.3,3.9,33.8%,3.5,4.0,86%,0.7,2.4,3.1,6.0,1.0,2.3,0.1,0.4,2.2,5.2,17.5,005928,"CAMPAZZO, FACUNDO",15.0,17.7,0.45384615384615384,0.030256410256410255
179.0,34.0,23.0,26.96421568627451,14.1,4.2,8.3,50.9%,0.9,2.8,31.9%,3.1,3.6,85.2%,0.5,2.7,3.2,5.4,1.0,1.8,0.1,0.6,1.7,4.0,17.3,013369,"JONES, CARLIK",14.9,17.200000000000003,0.5058823529411766,0.033951835767864195
175.0,32.0,10.0,22.633854166666666,11.6,4.3,6.9,63.2%,0.0,0.0,0%,2.9,4.4,66.4%,2.8,3.2,6.0,1.0,1.1,1.7,0.7,0.2,2.5,4.0,16.0,011981,"JONES, TYRIQUE",14.5,15.899999999999999,0.49687499999999996,0.034267241379310344
190.0,37.0,37.0,27.32927927927928,19.0,6.2,12.0,52%,0.8,2.2,36.1%,4.1,5.6,73.4%,0.5,2.1,2.6,7.3,1.0,2.3,0.1,0.6,2.3,6.6,22.8,012608,"SHORTS, TJ",14.3,22.700000000000003,0.6135135135135136,0.04290304290304291
183.0,24.0,22.0,30.64027777777778,14.7,5.1,8.2,61.6%,0.5,1.4,32.4%,3.2,4.0,78.4%,1.3,3.8,5.0,1.4,1.3,0.9,0.2,0.3,1.9,3.0,17.5,006835,"HOARD, JAYLEN",14.3,17.700000000000003,0.7375000000000002,0.05157342657342658
173.0,34.0,18.0,25.49117647058824,14.6,2.1,4.3,47.9%,2.2,6.4,34.2%,3.8,5.1,75.6%,0.5,2.1,2.6,4.5,0.9,2.9,0.4,0.2,1.9,5.2,15.6,007975,"FRANCISCO, SYLVAIN",14.1,15.499999999999996,0.45588235294117635,0.03233208176887776
178.0,35.0,31.0,28.82523809523809,20.4,4.3,8.0,53.9%,2.9,8.0,35.6%,3.2,3.5,91%,0.5,1.8,2.3,3.3,1.0,2.3,0.1,0.9,2.1,4.2,16.7,011987,"EDWARDS, CARSEN",14.1,16.9,0.4828571428571428,0.034245187436676795
169.0,40.0,27.0,27.32125,10.0,2.2,3.8,56.9%,1.5,3.6,43%,1.0,1.6,63.1%,1.6,5.4,7.0,1.4,0.9,0.6,0.3,0.3,1.2,2.0,15.3,012712,"HERNANGOMEZ, JUANCHO",14.0,15.2,0.38,0.027142857142857142
,,,,,,,,,,,,,,,,,,,,,,,,,,"WALKER IV, LONNIE",14.0,,,
164.0,38.0,17.0,27.06184210526316,14.9,3.7,5.9,61.5%,1.9,6.1,31.5%,1.8,2.2,81.9%,0.5,4.8,5.3,1.5,0.8,1.6,0.1,0.3,1.7,2.1,14.3,003108,"HEZONJA, MARIO",13.9,14.3,0.3763157894736842,0.027073078379401743
160.0,28.0,28.0,27.55535714285714,12.0,2.7,5.0,53.2%,1.5,3.6,42.2%,2.0,2.8,72.7%,0.6,3.0,3.6,2.6,0.7,1.5,0.0,0.2,1.5,2.8,13.3,007831,"SHIELDS, SHAVON",13.8,13.3,0.47500000000000003,0.034420289855072464
172.0,28.0,11.0,26.198214285714283,11.7,1.9,3.9,48.1%,2.0,5.2,39.3%,1.9,2.2,86.9%,0.4,2.2,2.6,4.5,1.2,1.8,0.0,0.3,0.9,3.9,15.5,007200,"LARKIN, SHANE",13.6,15.399999999999995,0.5499999999999998,0.04044117647058822
177.0,37.0,33.0,27.07702702702703,16.6,3.3,6.2,53.9%,2.1,5.5,38.6%,3.6,3.9,94.4%,0.3,1.9,2.2,3.0,1.3,1.6,0.0,0.4,2.2,4.0,16.5,009862,"PUNTER, KEVIN",13.5,16.3,0.44054054054054054,0.032632632632632635
,,,,,,,,,,,,,,,,,,,,,,,,,,"MOTLEY, JONATHAN",13.5,,,
188.0,33.0,33.0,27.593434343434343,17.0,2.8,5.4,52.5%,1.7,4.8,34.4%,6.3,7.0,90.4%,0.4,3.0,3.5,4.6,1.0,2.9,0.2,0.5,1.8,5.9,20.6,007027,"MALEDON, THEO",13.3,20.6,0.6242424242424243,0.04693552061973114
,,,,,,,,,,,,,,,,,,,,,,,,,,"OKEKE, CHUMA",13.3,,,
156.0,35.0,23.0,21.78619047619048,12.2,2.6,4.8,53.3%,1.3,3.5,37.2%,3.2,3.9,81.2%,0.5,2.4,2.9,2.0,0.4,1.7,0.1,0.3,1.3,3.2,12.5,006540,"MUSA, DZANAN",13.2,12.4,0.3542857142857143,0.026839826839826844
171.0,24.0,24.0,27.43055555555556,13.8,3.2,6.1,51.7%,1.8,5.2,34.1%,2.0,2.5,81.7%,1.0,3.7,4.7,2.4,1.1,1.4,0.2,0.2,1.5,3.3,15.4,004888,"CLYBURN, WILL",13.0,15.599999999999998,0.6499999999999999,0.049999999999999996
167.0,38.0,31.0,27.03245614035088,13.8,3.4,6.9,49%,1.5,4.1,36.5%,2.6,2.9,90%,0.6,3.6,4.2,3.1,1.2,2.2,0.2,0.5,2.7,3.7,14.4,009846,"BRYANT, ELIJAH",13.0,14.399999999999999,0.3789473684210526,0.0291497975708502
157.0,37.0,36.0,25.79144144144144,16.1,2.9,5.7,50.7%,2.5,6.9,35.8%,2.9,4.0,73.5%,0.6,1.6,2.2,2.6,1.1,1.8,0.1,0.3,2.0,3.0,12.6,013380,"FOURNIER, EVAN",13.0,12.700000000000006,0.3432432432432434,0.026403326403326415
,,,,,,,,,,,,,,,,,,,,,,,,,,"THEIS, DANIEL",13.0,,,
,,,,,,,,,,,,,,,,,,,,,,,,,,"BOSTON, BRANDON",12.9,,,
,,,,,,,,,,,,,,,,,,,,,,,,,,"KEENAN, EVANS",12.8,,,
162.0,39.0,35.0,21.361538461538466,9.5,3.8,5.7,65.9%,0.0,0.1,0%,1.9,2.8,70.4%,2.0,3.0,5.0,1.2,0.6,0.9,1.3,0.3,2.2,2.2,13.4,004887,"POIRIER, VINCENT",12.8,13.499999999999998,0.3461538461538461,0.027043269230769225
165.0,34.0,20.0,21.501470588235293,8.7,3.4,4.7,71.4%,0.0,0.0,0%,2.0,2.9,69.1%,1.9,3.5,5.4,0.9,0.5,0.7,1.1,0.1,1.7,2.6,14.4,011196,"HALL, DONTA",12.8,14.500000000000004,0.4264705882352942,0.03331801470588236
134.0,34.0,8.0,15.836764705882354,8.2,3.1,4.9,64.1%,0.0,0.0,0%,1.9,2.9,67.3%,1.7,2.4,4.1,0.5,0.6,1.1,0.1,0.2,1.9,3.1,10.8,003196,"HERNANGOMEZ, WILLY",12.7,10.599999999999998,0.3117647058823529,0.024548402037980543
,,,,,,,,,,,,,,,,,,,,,,,,,,"HOLMES, RICHUAN",12.7,,,
152.0,39.0,2.0,21.746153846153845,9.1,1.1,2.5,45.4%,1.3,3.6,36.6%,2.9,3.1,94.1%,0.4,1.6,2.0,4.8,0.8,1.6,0.1,0.3,1.6,2.8,12.2,001926,"SLOUKAS, KOSTAS",12.6,12.200000000000001,0.3128205128205129,0.024827024827024834
174.0,28.0,24.0,24.464285714285715,12.6,4.0,6.6,60.2%,0.8,2.2,37.1%,2.1,2.5,85.7%,0.8,2.4,3.2,4.6,1.0,2.6,0.0,0.2,1.7,3.1,15.6,007519,"JOKUBAITIS, ROKAS",12.6,15.6,0.5571428571428572,0.04421768707482993
,,,,,,,,,,,,,,,,,,,,,,,,,,"BOLOMBOY, JOEL",12.5,,,
176.0,28.0,28.0,26.258333333333333,14.9,4.3,7.4,58.7%,1.1,2.8,40.5%,2.9,3.5,82.5%,1.8,2.9,4.7,1.6,0.7,1.6,0.2,0.3,2.7,3.9,16.2,007056,"BOOKER, DEVIN",12.5,15.999999999999998,0.5714285714285714,0.045714285714285714
166.0,29.0,4.0,19.86264367816092,8.2,2.9,5.0,58.2%,0.0,0.0,0%,2.3,2.8,83.7%,2.7,3.1,5.8,0.8,0.6,0.6,0.7,0.2,0.7,2.5,14.4,003941,"MILUTINOV, NIKOLA",12.4,14.500000000000002,0.5000000000000001,0.040322580645161296
159.0,32.0,0.0,20.593229166666667,11.5,1.8,3.3,52.8%,1.7,4.5,38.5%,2.8,3.0,94.8%,0.3,1.4,1.7,4.5,0.8,2.3,0.0,0.4,1.6,3.4,13.1,002100,"DE COLO, NANDO",12.4,13.099999999999998,0.40937499999999993,0.0330141129032258
,,,,,,,,,,,,,,,,,,,,,,,,,,"BRISSETT, OSHAE",12.4,,,
,,,,,,,,,,,,,,,,,,,,,,,,,,"MILTON, SHAKE",12.4,,,
,,,,,,,,,,,,,,,,,,,,,,,,,,"PETRUSEV,FILIP",12.3,,,
161.0,35.0,9.0,25.16333333333333,12.5,3.0,6.0,49.8%,1.2,3.1,38.9%,2.9,3.3,87.8%,0.1,1.7,1.9,4.1,1.1,1.8,0.2,0.2,2.1,3.1,13.4,011212,"OKOBO, ELIE",12.2,13.500000000000004,0.38571428571428584,0.031615925058548024
155.0,39.0,38.0,27.21410256410256,13.8,3.4,6.1,55.7%,1.9,5.0,38.3%,1.3,1.6,79.4%,1.0,3.0,4.0,1.7,0.8,1.5,0.2,0.3,1.9,1.7,12.4,012745,"PARKER, JABARI",12.1,12.4,0.317948717948718,0.026276753549480825
,,,,,,,,,,,,,,,,,,,,,,,,,,"KABENGELE, MFIONDU",12.1,,,
107.0,39.0,22.0,19.82264957264957,9.6,1.6,3.0,55.2%,1.3,3.5,37.7%,2.3,2.9,79.1%,0.5,2.2,2.7,0.7,0.5,0.6,0.2,0.4,2.1,2.2,8.5,004088,"OSMAN, CEDI",12.1,8.599999999999998,0.22051282051282045,0.018224200042381854
77.0,32.0,22.0,16.525520833333335,6.0,2.6,4.1,64.1%,0.0,0.2,0%,0.7,1.8,41.1%,1.9,2.0,3.9,0.7,0.6,1.2,0.9,0.3,2.8,1.8,7.0,013383,"GABRIEL, WENYEN",12.0,6.800000000000002,0.21250000000000005,0.017708333333333336
,,,,,,,,,,,,,,,,,,,,,,,,,,"NEBO, JOSH",12.0,,,
175.0,17.0,10.0,22.434313725490195,13.2,2.4,4.8,48.8%,1.6,5.4,30.8%,3.5,4.3,82.2%,1.1,1.8,2.9,5.3,1.7,2.1,0.4,0.4,2.4,4.3,15.9,010042,"MONTERO, JEAN",12.0,15.899999999999999,0.9352941176470587,0.07794117647058822
,,,,,,,,,,,,,,,,,,,,,,,,,,"GRAHAM, DEVONTE",12.0,,,
,,,,,,,,,,,,,,,,,,,,,,,,,,"DOWTIN JR., JEFF",12.0,,,
,,,,,,,,,,,,,,,,,,,,,,,,,,"LYLES, TREY",12.0,,,
158.0,15.0,6.0,19.57888888888889,10.6,2.8,4.7,59.2%,1.1,3.1,36.2%,1.6,1.9,85.7%,0.4,2.2,2.6,4.5,0.9,2.4,0.1,0.3,2.2,3.0,12.6,010568,"JONES, CHRIS",11.8,12.599999999999998,0.8399999999999999,0.07118644067796609
,,,,,,,,,,,,,,,,,,,,,,,,,,"BACON, DWAYNE",11.7,,,
149.0,36.0,25.0,22.038425925925925,10.9,2.2,3.7,58.2%,1.3,3.5,38.4%,2.5,2.9,88.3%,0.4,2.2,2.6,3.1,0.7,2.0,0.1,0.3,2.4,3.2,11.9,004004,"GUDURIC, MARKO",11.5,11.800000000000002,0.32777777777777783,0.028502415458937204
,,,,,,,,,,,,,,,,,,,,,,,,,,"ROBINSON, JUSTIN",11.5,,,
,,,,,,,,,,,,,,,,,,,,,,,,,,"BACOT, ARMANDO",11.5,,,
,,,,,,,,,,,,,,,,,,,,,,,,,,"NORRIS, MILES",11.4,,,
,,,,,,,,,,,,,,,,,,,,,,,,,,"LEAF, T.J",11.4,,,
,,,,,,,,,,,,,,,,,,,,,,,,,,"LAPROVITTOLA, NICOLAS",11.3,,,
,,,,,,,,,,,,,,,,,,,,,,,,,,"CANCAR, VLATKO",11.2,,,
144.0,24.0,13.0,21.17361111111111,9.0,3.3,6.0,55.9%,0.3,0.6,50%,1.5,1.9,76.1%,1.1,2.5,3.6,1.9,1.1,0.9,0.5,0.0,2.3,2.2,11.6,000925,"VESELY, JAN",11.1,11.700000000000001,0.48750000000000004,0.04391891891891892
147.0,39.0,36.0,26.32991452991453,9.5,1.9,3.4,55.6%,1.5,3.5,44.1%,1.1,1.4,79.2%,0.6,1.4,2.0,4.5,0.9,1.2,0.4,0.2,1.9,1.5,11.7,011078,"THOMPSON, DARIUS",11.0,11.699999999999996,0.2999999999999999,0.02727272727272726
130.0,38.0,0.0,19.967543859649123,15.1,2.4,4.9,48.9%,2.5,7.4,34.3%,2.7,3.1,85.7%,0.5,1.6,2.1,1.3,0.6,1.5,0.0,0.3,1.8,2.9,10.6,012640,"HIFI, NADIR",11.0,10.599999999999998,0.27894736842105256,0.02535885167464114
,,,,,,,,,,,,,,,,,,,,,,,,,,"SWIDER, COLE",10.9,,,
153.0,35.0,27.0,26.562380952380952,11.5,3.7,6.1,60.6%,0.9,2.1,44%,1.3,2.0,66.7%,1.5,2.5,4.0,1.7,1.0,1.2,0.3,0.4,3.0,2.5,12.2,011226,"DIALLO, ALPHA",10.8,12.099999999999998,0.34571428571428564,0.032010582010582
163.0,34.0,31.0,26.9156862745098,12.0,3.4,6.1,56.8%,0.8,3.0,27.7%,2.7,3.4,79.8%,1.0,2.9,3.9,3.9,0.7,2.0,0.3,0.2,2.8,3.3,13.6,009549,"CORDINIER, ISAIA",10.8,13.500000000000002,0.3970588235294118,0.03676470588235294
,,,,,,,,,,,,,,,,,,,,,,,,,,"JONES, KAI",10.8,,,
108.0,28.0,15.0,23.37559523809524,8.0,2.2,3.6,61.8%,0.8,1.8,41.2%,1.2,1.9,65.4%,1.0,2.2,3.2,1.4,0.5,1.0,0.2,0.3,1.8,1.6,8.6,009005,"DECK, GABRIEL",10.7,8.7,0.31071428571428567,0.029038718291054737
141.0,25.0,21.0,24.41133333333333,7.4,2.0,3.2,60.5%,0.8,1.8,44.4%,1.0,1.4,74.3%,1.4,3.4,4.8,1.7,0.3,0.9,0.2,0.4,0.8,1.9,11.5,007230,"SEDEKERSKIS, TADAS",10.7,11.599999999999998,0.4639999999999999,0.043364485981308404
92.0,38.0,11.0,14.914473684210526,6.3,1.6,3.1,53.4%,0.7,2.1,33.3%,0.9,1.1,80.5%,0.3,1.7,2.0,2.7,0.8,1.3,0.1,0.1,1.1,1.3,7.6,009622,"BROWN, LORENZO",10.6,7.6000000000000005,0.2,0.01886792452830189
103.0,35.0,32.0,17.37238095238095,5.8,2.5,3.4,73.7%,0.0,0.0,0%,0.8,1.9,41.2%,1.3,1.6,2.9,1.9,0.3,0.9,0.8,0.1,2.4,2.2,8.3,008811,"FALL, MOUSTAPHA",10.6,8.500000000000002,0.2428571428571429,0.022911051212938013
151.0,22.0,11.0,18.456060606060607,10.3,2.4,3.5,68.4%,1.5,3.5,43.6%,1.0,1.5,65.6%,1.3,3.0,4.3,1.0,1.0,0.7,0.5,0.2,1.9,1.5,12.3,010444,"COSTELLO, MATTHEW",10.6,12.200000000000001,0.5545454545454546,0.05231560891938251
128.0,35.0,34.0,25.374285714285715,10.3,3.0,5.8,52.5%,1.1,3.7,30.5%,0.9,1.2,71.4%,0.6,2.5,3.1,4.6,0.6,2.1,0.0,0.4,2.3,1.8,10.0,009048,"MILLER-MCINTYRE, CODI",10.5,9.900000000000002,0.2828571428571429,0.02693877551020409
116.0,40.0,4.0,16.43208333333333,8.1,1.6,2.8,55.3%,1.2,2.2,52.3%,1.5,1.6,93.8%,1.0,1.7,2.6,0.8,0.3,0.4,0.0,0.2,1.6,1.8,9.0,008829,"PETERS, ALEC",10.5,9.100000000000001,0.22750000000000004,0.02166666666666667
,,,,,,,,,,,,,,,,,,,,,,,,,,"WRIGHT, MOSES",10.5,,,
105.0,22.0,14.0,20.37954545454545,11.4,1.3,3.6,36.2%,2.1,5.0,42.7%,2.3,2.8,82.3%,1.3,2.3,3.5,0.5,0.4,1.2,0.2,0.7,1.1,2.1,9.5,011982,"OJELEYE, SEMI",10.5,9.400000000000002,0.42727272727272736,0.040692640692640704
,,,,,,,,,,,,,,,,,,,,,,,,,,"DIALLO, HAMIDOU",10.5,,,
82.0,23.0,4.0,17.328260869565216,7.4,2.1,3.6,59%,0.7,1.8,39%,1.1,1.5,71.4%,0.9,2.8,3.7,0.7,0.7,0.9,0.7,0.1,2.7,1.6,8.2,012096,"CABOCLO, BRUNO",10.4,8.099999999999998,0.35217391304347817,0.03386287625418059
140.0,34.0,30.0,25.762254901960784,12.4,2.6,4.5,57.5%,2.0,4.3,46.9%,1.1,1.2,92.9%,0.7,2.4,3.0,2.1,0.8,1.4,0.2,0.4,2.1,1.3,11.5,012720,"BROWN, STERLING",10.4,11.600000000000001,0.34117647058823536,0.0328054298642534
158.0,34.0,34.0,26.347549019607843,8.2,1.1,2.0,56.7%,1.8,4.1,43.5%,0.7,1.0,72.7%,1.3,2.9,4.1,4.9,1.5,1.6,0.1,0.1,2.5,1.6,12.9,010391,"WEILER-BABB, NICK",10.4,12.700000000000003,0.37352941176470594,0.035916289592760185
,,,,,,,,,,,,,,,,,,,,,,,,,,"WRIGHT, MCKINLEY",10.4,,,
136.0,27.0,13.0,24.224691358024693,11.1,3.0,6.3,47.6%,0.9,3.0,30.9%,2.3,2.9,79.7%,0.6,2.0,2.7,3.7,0.9,2.1,0.1,0.3,2.1,3.0,11.0,009863,"BALDWIN IV, WADE",10.3,11.0,0.4074074074074074,0.03955411722402013
74.0,37.0,15.0,16.82162162162162,7.6,1.7,3.4,50.8%,1.1,3.2,34.5%,0.9,1.0,86.5%,0.6,2.7,3.3,0.8,0.5,1.3,0.2,0.1,1.2,1.0,6.8,013363,"NWORA, JORDAN",10.3,6.899999999999999,0.18648648648648644,0.018105484124901594
137.0,38.0,4.0,16.58815789473684,8.8,3.6,5.0,71.6%,0.0,0.0,0%,1.6,2.3,68.5%,2.0,2.2,4.2,0.5,0.5,1.1,1.0,0.3,2.4,2.2,11.1,012788,"OTURU, DAN",10.3,11.299999999999999,0.29736842105263156,0.02887072049054675
154.0,33.0,27.0,21.975252525252525,9.0,3.8,5.6,68.1%,0.0,0.0,0%,1.4,2.4,57%,2.7,3.4,6.2,0.8,0.8,0.9,0.5,0.4,2.8,2.1,12.4,010545,"SAKO, NEAL",10.3,12.500000000000004,0.3787878787878789,0.036775522212415424
150.0,33.0,23.0,23.36060606060606,12.9,4.0,6.9,57.7%,0.9,2.8,34.1%,2.2,2.6,84.7%,1.7,2.4,4.1,1.1,0.5,1.5,0.5,0.4,2.5,2.3,11.9,011219,"SORKIN, ROMAN",10.2,11.799999999999999,0.35757575757575755,0.035056446821152706
179.0,13.0,13.0,28.764102564102565,13.5,3.3,6.6,50%,1.3,2.9,44.7%,3.0,3.2,92.9%,0.7,2.8,3.5,4.6,0.8,2.5,0.0,0.2,1.9,4.0,16.6,008858,"ENNIS, TYLER",10.2,16.700000000000003,1.284615384615385,0.12594268476621423
125.0,39.0,34.0,23.705128205128204,5.9,1.7,3.3,50%,0.6,1.8,34.7%,0.7,1.0,67.5%,0.8,2.4,3.2,5.3,0.9,1.8,0.1,0.1,2.3,1.6,9.7,002939,"SATORANSKY, TOMAS",10.1,9.700000000000005,0.24871794871794883,0.024625539477024637
,,,,,,,,,,,,,,,,,,,,,,,,,,"RIVERO, JASIEL",10.1,,,
147.0,21.0,12.0,21.034920634920635,7.7,2.4,3.5,68.9%,0.6,1.0,61.9%,1.0,1.3,71.4%,1.5,4.3,5.8,1.9,0.3,1.3,0.2,0.1,2.0,1.6,12.2,010393,"PRADILLA, JAIME",10.1,12.299999999999999,0.5857142857142856,0.05799151343705799
,,,,,,,,,,,,,,,,,,,,,,,,,,"TAYLOR, BRANDON",10.1,,,
131.0,41.0,32.0,26.865040650406502,8.6,1.8,3.2,55%,1.2,2.8,43%,1.5,1.8,84.7%,0.4,1.8,2.1,3.2,0.9,0.8,0.1,0.2,2.0,2.2,10.6,011204,"GRANT, JERIAN",10.1,10.799999999999997,0.2634146341463414,0.026080656846172418
,,,,,,,,,,,,,,,,,,,,,,,,,,"ATAMAN, ERGIN",10.0,,,
108.0,35.0,20.0,22.90619047619048,8.6,2.1,4.5,47.8%,0.7,2.0,35.7%,2.2,2.7,82.8%,0.2,1.9,2.1,3.4,0.7,1.8,0.1,0.2,2.7,2.3,8.6,007982,"WILLIAMS-GOSS, NIGEL",10.0,8.3,0.23714285714285716,0.023714285714285716
,,,,,,,,,,,,,,,,,,,,,,,,,,"SAMANIC, LUKA",10.0,,,
,,,,,,,,,,,,,,,,,,,,,,,,,,"STEVENS, LAMAR",10.0,,,
,,,,,,,,,,,,,,,,,,,,,,,,,,"MOORE, OMARI",10.0,,,
,,,,,,,,,,,,,,,,,,,,,,,,,,"DIAKITE, MAMADI",10.0,,,
145.0,34.0,28.0,24.780882352941177,9.7,3.2,6.1,52.2%,0.6,1.7,32.8%,1.6,1.9,81.8%,0.4,2.4,2.8,4.7,0.8,1.9,0.2,0.5,1.9,2.2,11.6,013367,"FORREST, TRENT",9.9,11.799999999999999,0.34705882352941175,0.0350564468211527
142.0,35.0,35.0,27.185714285714287,9.0,2.0,3.5,57.7%,1.1,2.6,43.5%,1.5,2.3,67.5%,1.3,2.9,4.1,2.6,0.8,1.7,0.1,0.3,2.3,2.7,11.6,004866,"KALINIC, NIKOLA",9.9,11.2,0.32,0.03232323232323232
,,,,,,,,,,,,,,,,,,,,,,,,,,"SELJAAS, ZAC",9.9,,,
138.0,38.0,38.0,26.346929824561403,11.0,2.2,3.7,58.9%,1.7,5.1,33.2%,1.6,2.1,75.9%,1.1,3.9,4.9,1.3,0.9,1.0,0.2,0.3,2.6,2.3,11.3,012610,"WARD, TYSON",9.8,11.299999999999997,0.2973684210526315,0.03034371643394199
98.0,29.0,1.0,17.17183908045977,10.0,2.5,4.4,57.5%,1.3,4.0,33.3%,1.0,1.2,77.8%,0.4,1.1,1.5,2.1,0.4,1.3,0.0,0.5,1.1,1.6,8.0,007032,"LO, MAODO",9.8,7.899999999999999,0.2724137931034482,0.02779732582688247
,,,,,,,,,,,,,,,,,,,,,,,,,,"ASTON JR., DERRICK",9.8,,,
,,,,,,,,,,,,,,,,,,,,,,,,,,"DIARRA, ALIOU",9.8,,,
,,,,,,,,,,,,,,,,,,,,,,,,,,"WATSON, GLYNN",9.8,,,
50.0,33.0,10.0,17.671212121212122,4.8,0.6,1.2,48.7%,1.1,2.9,36.8%,0.4,0.5,82.4%,0.1,1.4,1.5,2.7,0.7,1.0,0.1,0.1,2.2,1.2,5.2,007947,"VILDOZA, LUCA",9.7,5.1999999999999975,0.1575757575757575,0.0162449234614183
,,,,,,,,,,,,,,,,,,,,,,,,,,"WILBEKIN, SCOTTIE",9.7,,,
,,,,,,,,,,,,,,,,,,,,,,,,,,"MASON, NATE",9.7,,,
64.0,32.0,18.0,22.3390625,12.1,1.5,3.4,44.4%,2.5,7.4,33.9%,1.6,1.9,85%,0.2,1.1,1.3,1.5,0.3,1.4,0.0,0.6,2.3,2.2,6.2,011948,"HOWARD, MARKUS",9.6,6.000000000000001,0.18750000000000003,0.019531250000000003
183.0,15.0,15.0,26.17888888888889,14.4,2.6,4.7,55.7%,1.8,3.2,56.2%,3.8,4.1,91.9%,0.6,1.9,2.5,4.5,1.3,2.1,0.1,0.2,2.3,4.1,18.5,011052,"MADAR, YAM",9.6,18.499999999999996,1.2333333333333332,0.1284722222222222
,,,,,,,,,,,,,,,,,,,,,,,,,,"HUERTEL, THOMAS",9.6,,,
72.0,38.0,1.0,17.27675438596491,4.9,1.0,1.7,61.9%,0.8,2.2,37.3%,0.4,0.7,60.7%,1.3,2.8,4.1,1.1,0.6,0.7,0.4,0.0,2.8,1.5,6.8,002849,"MELLI, NICOLO",9.5,6.699999999999999,0.1763157894736842,0.0185595567867036
27.0,23.0,5.0,11.970289855072464,5.3,0.7,1.4,51.5%,1.1,3.0,35.7%,0.5,0.8,63.2%,0.1,0.8,0.9,1.4,0.5,1.1,0.0,0.1,1.4,1.4,3.9,013378,"RATHAN-MAYES, XAVIER",9.5,4.000000000000001,0.17391304347826092,0.018306636155606414
,,,,,,,,,,,,,,,,,,,,,,,,,,"BARTZOKAS, GEROGIOS",9.5,,,
,,,,,,,,,,,,,,,,,,,,,,,,,,"OSETKOWSKI, DYLAN",9.5,,,
168.0,20.0,7.0,16.621666666666666,10.4,2.0,3.3,59.1%,1.0,2.7,38.9%,3.4,3.8,88.2%,1.1,2.8,3.8,1.6,0.9,1.0,0.0,0.3,1.8,3.5,13.8,005356,"LOPEZ-AROSTEGUI, XABI",9.4,13.699999999999998,0.6849999999999998,0.0728723404255319
,,,,,,,,,,,,,,,,,,,,,,,,,,"BERTANS, DAVIS",9.4,,,
73.0,39.0,35.0,18.449572649572648,6.7,1.7,3.5,47.8%,0.9,2.5,35.7%,0.6,1.0,65.8%,1.1,2.4,3.5,0.5,0.6,0.8,0.3,0.1,1.4,1.3,6.8,009783,"COLSON, BONZIE",9.3,6.800000000000001,0.17435897435897438,0.018748276812792942
,,,,,,,,,,,,,,,,,,,,,,,,,,"CLARK III, JIMMY",9.3,,,
,,,,,,,,,,,,,,,,,,,,,,,,,,"CARTER, TYSON",9.3,,,
,,,,,,,,,,,,,,,,,,,,,,,,,,NTILIKINA FRANK,9.2,,,
82.0,26.0,20.0,20.231410256410257,4.0,0.8,1.7,50%,0.7,1.9,34%,0.3,0.5,61.5%,0.5,1.8,2.3,4.6,1.0,1.5,0.1,0.1,2.6,1.7,7.2,008855,"WALKUP, THOMAS",9.2,7.199999999999997,0.27692307692307677,0.030100334448160522
119.0,36.0,32.0,23.64305555555556,6.5,1.4,2.3,60.2%,1.1,3.0,34.9%,0.6,0.8,69%,1.2,3.8,4.9,2.4,0.5,1.5,0.2,0.2,1.8,1.1,9.2,007201,"VOIGTMANN, JOHANNES",9.2,9.1,0.25277777777777777,0.02747584541062802
121.0,24.0,19.0,23.615277777777777,8.9,2.9,4.5,65.4%,0.7,2.4,28.1%,1.1,1.6,68.4%,1.3,3.5,4.8,1.4,0.7,1.0,0.1,0.4,2.1,1.9,10.6,010550,"GINAT, TOMER",9.2,10.499999999999996,0.43749999999999983,0.04755434782608694
149.0,17.0,6.0,20.04019607843137,13.4,2.6,4.2,62.5%,1.8,5.0,36.5%,2.6,3.3,78.6%,0.3,2.5,2.8,0.9,0.4,1.5,0.4,0.3,1.3,3.0,12.2,013402,"BLAKENEY, ANTONIO",9.2,12.299999999999994,0.7235294117647055,0.07864450127877234
114.0,35.0,19.0,21.19761904761905,9.4,1.8,3.4,52.1%,1.3,3.5,36.9%,2.0,2.2,89.7%,0.6,2.3,2.9,1.7,0.6,1.1,0.1,0.1,2.8,2.3,9.0,009754,"LOYD, JORDAN",9.1,9.0,0.2571428571428571,0.028257456828885398
,,,,,,,,,,,,,,,,,,,,,,,,,,"TAYLOR, KAMERON",9.1,,,
57.0,39.0,13.0,16.146153846153847,6.0,1.7,3.1,53.3%,0.7,1.7,43.1%,0.5,0.8,66.7%,1.0,1.9,2.9,0.6,0.5,0.6,0.1,0.2,1.9,0.9,5.6,007866,"MITOGLOU, KONSTANTINOS",9.0,5.6000000000000005,0.1435897435897436,0.015954415954415956
122.0,38.0,38.0,25.51315789473684,7.5,1.1,1.8,63.2%,1.5,3.9,38.8%,0.7,0.9,82.4%,1.6,3.2,4.8,1.0,0.7,0.4,0.2,0.2,2.6,1.6,9.5,012613,"JANTUNEN, MIKAEL",9.0,9.299999999999997,0.24473684210526309,0.027192982456140342
,,,,,,,,,,,,,,,,,,,,,,,,,,"SCARIOLO, SERGIO",9.0,,,
95.0,29.0,7.0,15.004597701149423,8.1,2.3,3.4,67.7%,0.8,2.2,34.9%,1.2,1.7,73.5%,1.1,1.8,2.9,0.4,0.4,0.9,0.6,0.3,2.3,1.8,7.8,011051,"SMAILAGIC, ALEN",9.0,7.700000000000001,0.2655172413793104,0.029501915708812262
174.0,22.0,19.0,26.470454545454547,12.7,4.5,7.2,62%,0.0,0.1,0%,3.8,5.0,76.4%,2.4,2.8,5.2,0.8,0.2,1.3,0.9,0.2,2.2,3.5,15.5,011823,"ODIASE, TAI",9.0,15.599999999999998,0.709090909090909,0.07878787878787878
124.0,13.0,13.0,27.515384615384612,9.2,2.8,4.3,64.3%,0.3,1.6,19%,2.7,3.7,72.9%,0.9,2.9,3.8,2.1,1.0,2.2,0.0,0.5,2.5,3.6,10.7,005422,"JALLOW, KARIM",9.0,10.700000000000003,0.8230769230769233,0.09145299145299148
,,,,,,,,,,,,,,,,,,,,,,,,,,"DOZIER JR, PERRY",9.0,,,
,,,,,,,,,,,,,,,,,,,,,,,,,,BONGA ISAAC,8.8,,,
125.0,19.0,17.0,23.2280701754386,10.3,2.5,4.3,58%,1.1,2.6,40%,2.2,2.8,77.8%,1.8,1.7,3.5,1.1,1.8,1.1,0.1,0.3,3.8,3.4,10.9,011927,"SLEVA, DUSTIN",8.8,11.100000000000001,0.5842105263157895,0.06638755980861244
120.0,31.0,9.0,14.579569892473115,8.4,3.5,5.5,63.3%,0.1,0.3,40%,1.1,1.5,70.8%,1.8,2.2,4.0,0.6,0.4,1.4,0.7,0.4,1.7,1.4,9.4,005353,"YURTSEVEN, OMER",8.8,9.4,0.3032258064516129,0.0344574780058651
,,,,,,,,,,,,,,,,,,,,,,,,,,"LEE, SABEN",8.8,,,
109.0,20.0,11.0,20.144166666666667,9.6,1.8,2.7,64.8%,1.6,4.2,39.8%,1.1,1.3,84.6%,0.7,1.4,2.0,2.8,0.5,1.2,0.1,0.5,1.8,1.9,9.7,007527,"BADIO, BRANCOU",8.7,9.7,0.485,0.05574712643678161
,,,,,,,,,,,,,,,,,,,,,,,,,,"M'BAYE, AMATH",8.7,,,
,,,,,,,,,,,,,,,,,,,,,,,,,,"MICHINEAU, DAVID",8.6,,,
,,,,,,,,,,,,,,,,,,,,,,,,,,"WASHINGTON, DUANE",8.5,,,
101.0,34.0,16.0,22.367156862745095,6.6,1.1,2.3,48.1%,0.8,1.9,39.4%,2.0,2.4,83.1%,1.0,1.8,2.9,1.8,0.5,0.9,0.1,0.1,2.7,2.9,8.2,002329,"ULANOVAS, EDGARAS",8.5,8.400000000000002,0.24705882352941183,0.029065743944636686
,,,,,,,,,,,,,,,,,,,,,,,,,,"LUWAWU-CABARROT, TIMOTHÈ",8.5,,,
112.0,25.0,18.0,22.40266666666667,6.9,2.4,4.6,50.9%,0.3,1.4,22.2%,1.2,1.8,67.4%,0.4,1.9,2.4,3.1,1.1,1.2,0.2,0.2,1.9,2.5,8.8,008985,"BOLMARO, LEANDRO",8.5,8.999999999999998,0.35999999999999993,0.04235294117647058
,,,,,,,,,,,,,,,,,,,,,,,,,,"SPANOULIS, VASILIS",8.5,,,
,,,,,,,,,,,,,,,,,,,,,,,,,,"JASIKEVICIUS, SARAS",8.5,,,
,,,,,,,,,,,,,,,,,,,,,,,,,,"WAINRIGHT, ISH",8.5,,,
,,,,,,,,,,,,,,,,,,,,,,,,,,"ITOUDIS, DIMITRIS",8.5,,,
122.0,17.0,11.0,19.707843137254905,7.2,2.5,3.8,64.6%,0.5,1.2,38.1%,0.9,1.2,71.4%,1.5,2.4,3.9,3.6,1.6,2.3,0.2,0.2,2.4,1.4,10.6,006904,"AYAYI, JOEL",8.5,10.7,0.6294117647058823,0.07404844290657439
,,,,,,,,,,,,,,,,,,,,,,,,,,"IZUNDU, EBUKA",8.5,,,
,,,,,,,,,,,,,,,,,,,,,,,,,,"DORSEY, TYLER",8.4,,,
,,,,,,,,,,,,,,,,,,,,,,,,,,"TUBELIS, AZOULAS",8.4,,,
,,,,,,,,,,,,,,,,,,,,,,,,,,"PAPAGIANNIS, GERORGIOS",8.3,,,
102.0,27.0,11.0,18.57469135802469,9.2,1.4,2.9,48.1%,1.7,4.3,39.1%,1.4,1.8,81.2%,0.5,1.0,1.4,2.9,0.5,1.3,0.1,0.3,1.9,2.2,8.3,000848,"NEDOVIC, NEMANJA",8.3,8.3,0.3074074074074074,0.037037037037037035
91.0,29.0,18.0,17.655172413793103,8.2,2.5,4.8,52.2%,0.6,2.6,24%,1.3,1.5,88.6%,0.9,2.3,3.2,1.4,0.3,0.9,0.1,0.4,1.5,1.5,7.6,011983,"BRAZDEIKIS, IGNAS",8.3,7.399999999999999,0.2551724137931034,0.030743664312422096
,,,,,,,,,,,,,,,,,,,,,,,,,,"BAKO, ISMAEL",8.3,,,
93.0,34.0,5.0,18.65686274509804,7.8,1.2,2.2,56%,1.1,3.9,27.1%,2.2,2.4,92.5%,0.2,1.5,1.7,2.6,0.5,1.0,0.0,0.4,2.0,2.3,7.6,012585,"MORGAN, MATTHEW",8.2,7.499999999999998,0.22058823529411759,0.026901004304160682
33.0,27.0,1.0,11.52716049382716,3.1,0.7,1.3,55.9%,0.4,1.3,31.4%,0.5,0.8,66.7%,0.9,1.6,2.4,0.4,0.4,0.5,0.3,0.0,0.8,0.8,4.4,009664,"WILLIS, DEREK",8.2,4.300000000000001,0.1592592592592593,0.019421860885275526
118.0,40.0,25.0,24.065,7.7,2.5,4.1,61.3%,0.6,1.9,31.2%,0.9,1.4,63.8%,1.3,2.8,4.1,0.5,0.4,0.4,0.2,0.2,2.0,2.2,9.1,011231,"BLOSSOMGAME, JARON",8.2,9.100000000000001,0.22750000000000004,0.027743902439024398
,,,,,,,,,,,,,,,,,,,,,,,,,,"GRIGONIS, MARIUS",8.2,,,
110.0,32.0,15.0,23.472395833333334,7.8,1.6,3.0,53.6%,1.1,2.9,38.7%,1.2,1.4,82.2%,0.7,1.5,2.2,3.4,0.5,1.3,0.1,0.1,2.1,1.8,8.8,011205,"HALL, DEVON",8.2,8.900000000000002,0.27812500000000007,0.03391768292682928
104.0,37.0,7.0,22.48513513513513,10.4,1.5,3.0,51.4%,2.2,5.0,43.2%,0.8,1.0,83.3%,0.9,2.2,3.1,1.4,0.5,1.2,0.2,0.2,2.3,1.0,8.4,006961,"BIBEROVIC, TARIK",8.2,8.400000000000002,0.2270270270270271,0.027686222808174038
146.0,26.0,23.0,24.183333333333334,8.9,0.7,1.4,45.9%,2.0,5.7,35.6%,1.5,1.5,95%,0.4,2.0,2.4,6.7,0.5,2.9,0.0,0.2,1.3,2.1,11.7,011193,"BLATT, TAMIR",8.2,11.800000000000002,0.45384615384615395,0.055347091932457806
26.0,27.0,9.0,14.096913580246914,3.9,1.3,2.0,65.5%,0.3,1.3,23.5%,0.4,0.7,50%,0.9,2.2,3.1,0.6,0.6,0.6,0.4,0.2,2.6,0.6,3.8,007630,"GARUBA, USMAN",8.1,3.799999999999999,0.1407407407407407,0.01737540009144947
,,,,,,,,,,,,,,,,,,,,,,,,,,"PAPANIKOLAU, KOSTAS",8.1,,,
105.0,36.0,0.0,18.34583333333333,10.0,1.8,3.4,53.3%,1.8,3.9,46%,1.1,1.4,79.6%,0.3,1.1,1.4,2.2,0.4,1.3,0.1,0.3,2.0,1.9,8.4,009992,"BRIZUELA, DARIO",8.1,8.400000000000002,0.2333333333333334,0.028806584362139925
70.0,19.0,4.0,20.516666666666666,6.5,0.6,1.4,44.4%,1.3,2.8,45.3%,1.4,1.8,79.4%,0.4,2.5,2.8,1.7,1.2,0.7,0.2,0.2,3.1,1.7,7.5,010431,"MORGAN, JEREMY",8.1,7.399999999999998,0.3894736842105262,0.048083170890188424
,,,,,,,,,,,,,,,,,,,,,,,,,,"PENARROYA, JOAN",8.0,,,
113.0,27.0,14.0,20.73827160493827,9.6,3.2,7.1,44.8%,0.4,1.7,26.1%,1.9,2.4,79.7%,0.5,1.5,2.0,3.8,0.5,2.1,0.0,0.4,1.5,2.7,8.9,008173,"SPAGNOLO, MATTEO",8.0,8.899999999999999,0.32962962962962955,0.041203703703703694
,,,,,,,,,,,,,,,,,,,,,,,,,,"KOKOSKOV, IGOR",8.0,,,
170.0,19.0,18.0,23.913157894736845,10.7,4.2,7.5,56.3%,0.1,0.2,66.7%,1.9,2.5,78.7%,1.9,4.4,6.3,2.1,1.1,1.9,0.1,0.4,2.1,2.2,14.2,008325,"KAMENJAS, KENAN",8.0,14.100000000000001,0.7421052631578948,0.09276315789473685
91.0,18.0,18.0,25.07592592592593,10.7,2.9,5.3,54.2%,1.2,3.9,31.4%,1.3,1.4,92%,0.7,2.1,2.8,1.5,0.8,1.3,0.2,0.4,2.5,2.2,8.8,013269,"CALE, MYLES",8.0,8.8,0.48888888888888893,0.061111111111111116
,,,,,,,,,,,,,,,,,,,,,,,,,,"FERNANDO, BRUNO",8.0,,,
,,,,,,,,,,,,,,,,,,,,,,,,,,"FRISCH, CLEMENT",8.0,,,
,,,,,,,,,,,,,,,,,,,,,,,,,,"TRAORE, ARMEL",8.0,,,
,,,,,,,,,,,,,,,,,,,,,,,,,,"KRAMER, DAVID",8.0,,,
,,,,,,,,,,,,,,,,,,,,,,,,,,"DOKOSSI, ALLAN",7.9,,,
77.0,34.0,11.0,16.54264705882353,8.4,1.0,1.9,51.5%,1.7,4.3,38.8%,1.4,2.0,69.1%,0.6,2.0,2.6,0.8,0.5,1.1,0.1,0.1,1.5,1.5,7.0,007029,"SIRVYDIS, DEIVIDAS",7.8,7.1,0.20882352941176469,0.026772247360482653
,,,,,,,,,,,,,,,,,,,,,,,,,,"AVRAMOVIC, ALEKSA",7.8,,,
,,,,,,,,,,,,,,,,,,,,,,,,,,"PREPELIC, KLEMEN",7.8,,,
,,,,,,,,,,,,,,,,,,,,,,,,,,"FAYE, MOUHAMED",7.8,,,
84.0,33.0,9.0,18.953535353535354,7.7,1.7,3.1,55.3%,1.0,3.2,32.7%,1.1,1.5,77.1%,0.6,1.9,2.5,1.2,0.4,0.7,0.2,0.2,1.3,1.5,7.2,012609,"MALCOLM, COLLIN",7.7,7.299999999999997,0.22121212121212114,0.028728846910665084
,,,,,,,,,,,,,,,,,,,,,,,,,,"ROGAKAVOPOULOS, NIKOS",7.7,,,
,,,,,,,,,,,,,,,,,,,,,,,,,,"PLAVSIC, UROS",7.7,,,
96.0,27.0,23.0,22.02469135802469,8.5,1.9,3.3,57.3%,1.1,3.3,33%,1.5,1.9,82%,0.1,1.3,1.4,4.0,0.7,2.3,0.0,0.2,2.5,2.0,7.8,011064,"MANNION, NICCOLO",7.7,7.600000000000001,0.28148148148148155,0.036556036556036564
,,,,,,,,,,,,,,,,,,,,,,,,,,"ABASS, AWUDU",7.7,,,
106.0,37.0,18.0,19.57072072072072,7.1,1.8,2.9,62.6%,0.8,2.0,41.3%,1.0,1.1,88.1%,0.7,2.1,2.8,1.4,0.7,0.5,0.3,0.1,1.8,1.1,8.5,012795,"ANDERSON, JUSTIN",7.6,8.599999999999998,0.23243243243243236,0.0305832147937411
100.0,33.0,11.0,18.870202020202026,8.9,1.6,2.8,57.6%,1.7,3.7,45.9%,0.6,0.7,86.4%,0.2,1.2,1.4,1.6,0.7,0.5,0.3,0.1,1.9,1.0,8.1,006590,"BEAUBOIS, RODRIGUE",7.6,8.100000000000001,0.2454545454545455,0.03229665071770336
,,,,,,,,,,,,,,,,,,,,,,,,,,"DESSERT, BRICE",7.6,,,
63.0,32.0,3.0,15.011979166666666,7.6,1.0,2.2,45.8%,1.6,3.8,41.3%,0.9,0.9,96.6%,0.4,1.6,2.0,0.8,0.5,0.5,0.1,0.2,1.4,0.7,6.1,013384,"BROOKS, ARMONI",7.5,6.199999999999999,0.19374999999999998,0.02583333333333333
47.0,29.0,18.0,10.44425287356322,4.4,1.9,2.7,70.1%,0.0,0.0,0%,0.7,1.0,66.7%,1.4,2.0,3.3,0.0,0.1,0.9,0.2,0.1,1.8,1.0,5.2,006568,"FALL, YOUSSOUPHA",7.5,5.1,0.17586206896551723,0.023448275862068966
86.0,26.0,14.0,24.91217948717949,7.9,1.1,3.2,34.9%,1.4,4.0,34.6%,1.5,1.9,80%,0.6,1.7,2.2,3.0,0.9,1.1,0.0,0.3,2.0,1.8,7.3,010781,"LUNDBERG, IFFE",7.5,7.3000000000000025,0.2807692307692309,0.03743589743589745
94.0,26.0,17.0,20.512179487179488,9.7,2.8,4.5,61.9%,0.8,3.7,21.9%,1.7,2.2,78.6%,0.6,1.7,2.2,0.8,0.7,1.2,0.3,0.1,1.8,2.0,7.7,008384,"PROCIDA, GABRIELE",7.5,7.499999999999999,0.28846153846153844,0.03846153846153846
,,,,,,,,,,,,,,,,,,,,,,,,,,"MESSINA, ETTORE",7.5,,,
104.0,15.0,6.0,24.5,13.7,2.2,5.0,44%,2.5,8.2,30.1%,1.9,2.2,84.8%,0.5,1.5,2.0,2.5,1.0,2.6,0.1,0.6,2.3,4.5,9.4,004292,"TOLIOPOULOS, VASSILIS",7.5,9.5,0.6333333333333333,0.08444444444444445
169.0,18.0,18.0,30.45925925925926,13.0,2.2,4.3,51.3%,2.4,5.9,40.6%,1.4,1.8,75.8%,0.9,3.3,4.2,3.4,1.3,1.5,0.3,0.2,2.2,1.8,14.0,013290,"JESSUP, JUSTINIAN",7.5,14.100000000000001,0.7833333333333334,0.10444444444444446
156.0,20.0,12.0,22.6475,11.2,3.4,6.2,56.1%,0.6,2.0,31.7%,2.4,2.8,84.2%,1.6,3.4,4.9,0.9,0.4,2.0,1.6,0.2,2.8,2.8,12.4,011935,"MAKOUNDOU, YOAN",7.5,12.200000000000001,0.6100000000000001,0.08133333333333334
,,,,,,,,,,,,,,,,,,,,,,,,,,"HAPP, ETHAN",7.5,,,
,,,,,,,,,,,,,,,,,,,,,,,,,,"CALATHES, NICK",7.4,,,
83.0,38.0,0.0,16.432894736842105,7.6,1.7,2.7,62.7%,0.9,2.9,31.2%,1.5,2.3,65.2%,0.6,1.5,2.1,1.6,0.5,1.0,0.0,0.3,1.4,1.8,7.2,007853,"MCKISSIC, SHAQUIELLE",7.4,7.099999999999999,0.18684210526315786,0.02524893314366998
,,,,,,,,,,,,,,,,,,,,,,,,,,"MARINKOVIC, VANJA",7.4,,,
87.0,17.0,8.0,18.569607843137256,6.7,2.3,4.3,53.4%,0.2,0.7,33.3%,1.4,2.2,63.2%,1.5,3.5,5.1,1.8,0.6,2.2,0.2,0.4,2.3,2.4,8.5,012687,"NIANG, SALIOU",7.4,8.6,0.5058823529411764,0.068362480127186
43.0,33.0,5.0,14.193939393939392,4.8,1.5,2.7,54.4%,0.4,1.5,29.2%,0.5,0.9,62.1%,0.4,1.4,1.8,1.6,0.7,0.7,0.1,0.3,2.1,1.5,4.8,011247,"FELIZ, ANDRES",7.4,4.699999999999998,0.14242424242424237,0.01924651924651924
28.0,23.0,13.0,15.357971014492756,3.9,1.0,1.7,63.2%,0.4,1.7,25.6%,0.5,0.8,57.9%,1.0,1.4,2.4,0.7,0.6,0.6,0.1,0.1,1.8,1.0,4.0,011836,"MIKE, ISIAHA",7.3,3.8999999999999995,0.1695652173913043,0.02322811197141155
115.0,38.0,38.0,20.226754385964917,6.5,2.5,4.1,61.9%,0.0,0.0,0%,1.4,1.8,78.3%,1.8,2.8,4.6,0.5,1.0,0.9,0.8,0.3,2.8,1.6,9.0,010390,"HAYES, KEVARRIUS",7.3,9.0,0.23684210526315788,0.032444124008651765
81.0,30.0,21.0,23.61555555555556,5.4,0.8,1.7,49%,1.0,3.0,34.8%,0.6,0.8,79.2%,0.3,2.1,2.4,4.1,1.2,1.3,0.1,0.3,2.7,1.3,7.2,006739,"PAJOLA, ALESSANDRO",7.3,7.1,0.23666666666666666,0.032420091324200914
97.0,31.0,10.0,15.853225806451611,6.2,2.1,3.5,60%,0.0,0.0,0%,2.0,2.8,70.1%,1.3,1.8,3.1,0.4,0.6,0.7,0.4,0.2,2.0,2.2,7.9,013374,"DIOUF, MOUHAMET",7.3,7.8000000000000025,0.25161290322580654,0.03446752098983651
,,,,,,,,,,,,,,,,,,,,,,,,,,"MASSA, BODIAN",7.3,,,
87.0,25.0,5.0,15.576666666666668,5.0,1.6,2.9,53.4%,0.4,1.6,27.5%,0.5,0.8,65%,0.6,1.9,2.5,3.4,0.8,1.3,0.0,0.1,2.1,2.0,7.4,010106,"NUNEZ, JUAN",7.2,7.400000000000001,0.29600000000000004,0.04111111111111112
59.0,22.0,13.0,14.91439393939394,5.9,0.5,1.3,42.9%,1.0,3.1,32.4%,1.8,2.4,75%,0.4,0.8,1.1,2.3,0.4,1.3,0.0,0.0,2.0,2.8,5.8,008104,"ZAGARS, ARTURS",7.2,5.699999999999999,0.25909090909090904,0.035984848484848474
116.0,31.0,7.0,14.638709677419357,7.5,3.2,4.9,65.6%,0.0,0.0,0%,1.2,1.8,63.2%,1.5,2.4,4.0,0.6,0.5,1.1,0.3,0.2,2.1,2.0,9.0,002581,"JAITEH, MAM",7.2,9.2,0.2967741935483871,0.041218637992831535
,,,,,,,,,,,,,,,,,,,,,,,,,,"TRIFUNOVIC, UROS",7.2,,,
,,,,,,,,,,,,,,,,,,,,,,,,,,"SIMA, YANKUBA",7.2,,,
66.0,25.0,13.0,21.412,7.1,2.0,4.6,43%,0.8,2.6,30.3%,0.8,1.0,80%,0.2,1.5,1.7,3.7,0.9,0.9,0.2,0.2,2.4,1.0,6.4,012597,"BALDWIN, KAMAR",7.1,6.5,0.26,0.036619718309859155
,,,,,,,,,,,,,,,,,,,,,,,,,,"HOMMES, DAULTON",7.1,,,
99.0,41.0,9.0,20.24878048780488,8.3,1.2,2.4,50.5%,1.4,3.4,41%,1.7,2.0,84.3%,0.5,0.8,1.2,2.4,0.5,1.0,0.0,0.3,2.0,2.4,8.0,008099,"STRAZEL, MATTHEW",7.1,8.0,0.1951219512195122,0.027481964960494678
49.0,36.0,19.0,13.665277777777778,3.5,1.3,2.3,58.5%,0.0,0.0,0%,0.8,1.1,72.5%,1.6,2.0,3.7,0.6,0.4,0.9,0.4,0.0,2.3,1.1,5.2,007182,"BIRCH, KHEM",7.1,5.2,0.14444444444444446,0.020344287949921755
90.0,29.0,24.0,14.729885057471265,6.4,2.3,3.9,59.3%,0.3,0.7,47.4%,0.9,1.6,54.3%,1.2,1.9,3.1,0.9,0.3,0.9,0.3,0.1,2.0,2.0,7.5,LCZ,"MOTIEJUNAS, DONATAS",7.0,7.300000000000002,0.25172413793103454,0.035960591133004934
71.0,39.0,4.0,18.14145299145299,6.8,1.6,2.4,67.7%,0.8,2.1,38.6%,1.2,1.4,81.8%,0.6,1.8,2.5,0.9,0.3,0.9,0.1,0.2,2.2,1.7,6.7,007109,"SMITS, ROLANDS",7.0,6.7,0.1717948717948718,0.02454212454212454
,,,,,,,,,,,,,,,,,,,,,,,,,,"SFAIROPOULOS, IOANNIS",7.0,,,
,,,,,,,,,,,,,,,,,,,,,,,,,,"KATTASH, ODED",7.0,,,
90.0,16.0,12.0,25.34375,7.9,2.4,5.5,44.3%,0.3,2.4,13.2%,2.1,2.8,77.3%,0.5,3.1,3.6,4.4,0.9,2.7,0.2,0.6,2.2,2.8,8.6,012593,"ELLIS, QUINN",7.0,8.4,0.525,0.075
97.0,18.0,5.0,15.475925925925926,4.7,1.4,2.1,68.4%,0.4,1.5,25.9%,0.7,0.9,70.6%,0.4,1.7,2.1,5.1,1.2,1.3,0.0,0.1,1.9,1.3,9.1,004863,"JOVIC, STEFAN",7.0,9.100000000000001,0.5055555555555556,0.07222222222222223
,,,,,,,,,,,,,,,,,,,,,,,,,,"BITIM, ONURALP",7.0,,,
,,,,,,,,,,,,,,,,,,,,,,,,,,"GOLEMAC, JURICA",7.0,,,
,,,,,,,,,,,,,,,,,,,,,,,,,,"VAUTIER, BASTIEN",7.0,,,
66.0,17.0,8.0,14.46470588235294,7.6,2.9,4.0,72.1%,0.3,1.6,18.5%,0.9,2.0,47.1%,1.5,1.7,3.2,0.3,0.4,1.2,1.2,0.2,2.6,2.0,7.2,012738,"REUVERS, NATHAN",7.0,7.200000000000001,0.42352941176470593,0.060504201680672276
69.0,17.0,9.0,14.49705882352941,7.6,1.6,2.7,58.7%,0.9,2.0,44.1%,1.8,2.2,81.6%,1.6,1.6,3.2,0.9,0.4,1.4,0.4,0.3,3.5,2.6,7.4,013289,"SANTOS, MARCIO",6.9,7.300000000000002,0.42941176470588244,0.062233589087809044
,,,,,,,,,,,,,,,,,,,,,,,,,,"KURUCS, RODIONS",6.9,,,
55.0,31.0,6.0,14.97956989247312,4.9,1.6,2.8,58.6%,0.4,1.5,23.9%,0.5,0.7,77.3%,0.9,1.9,2.8,0.6,0.6,0.4,0.1,0.2,1.4,0.8,5.5,007464,"PARRA, JOEL",6.8,5.300000000000001,0.1709677419354839,0.025142314990512338
,,,,,,,,,,,,,,,,,,,,,,,,,,"ALMANSA, IZAN",6.8,,,
119.0,21.0,10.0,23.17460317460317,9.6,2.3,5.0,45.7%,0.6,2.1,28.9%,3.2,4.5,70.5%,0.4,1.9,2.2,3.0,1.4,1.2,0.0,0.3,1.9,3.2,10.5,011201,"HAZER, SEHMUS",6.7,10.499999999999998,0.4999999999999999,0.07462686567164177
37.0,30.0,18.0,24.011666666666667,5.8,1.5,3.1,46.8%,0.8,2.1,39.1%,0.4,0.5,78.6%,0.7,1.1,1.8,1.9,0.6,1.1,0.1,0.4,2.0,0.9,4.5,007513,"GIEDRAITIS, DOVYDAS",6.6,4.6,0.15333333333333332,0.023232323232323233
54.0,34.0,17.0,13.02156862745098,5.3,2.1,3.4,63.5%,0.0,0.0,0%,1.0,1.7,59.6%,0.9,1.8,2.7,0.4,0.1,0.7,0.5,0.2,2.3,1.5,5.4,005504,"BIRUTIS, LAURYNAS",6.6,5.300000000000001,0.1558823529411765,0.023618538324420683
76.0,36.0,17.0,23.862962962962964,10.2,0.6,1.4,41.2%,2.8,6.7,42.5%,0.6,0.8,74.1%,0.4,1.5,1.9,1.5,0.5,1.2,0.0,0.2,2.1,1.3,7.0,004508,"OBST, ANDREAS",6.5,7.0,0.19444444444444445,0.029914529914529916
,,,,,,,,,,,,,,,,,,,,,,,,,,"NDIAYE, MBAYE",6.5,,,
70.0,35.0,8.0,21.01904761904762,10.0,1.3,2.7,46.8%,2.0,5.2,38.3%,1.5,1.7,86.4%,0.3,1.1,1.5,1.3,0.6,0.9,0.0,0.2,1.9,1.2,6.7,010612,"CANAAN, ISAIAH",6.5,6.799999999999999,0.19428571428571426,0.029890109890109887
,,,,,,,,,,,,,,,,,,,,,,,,,,"IVANOVIC, DUSKO",6.5,,,
,,,,,,,,,,,,,,,,,,,,,,,,,,"MASIULIS, TOMAS",6.5,,,
,,,,,,,,,,,,,,,,,,,,,,,,,,"MARTINEZ, PEDRO",6.5,,,
74.0,22.0,6.0,18.01742424242424,7.6,1.1,2.1,53.2%,1.4,3.9,36.5%,1.1,1.5,70.6%,0.9,2.1,3.0,0.8,0.5,0.5,0.3,0.5,1.0,1.5,7.8,006643,"PUERTO, JOSEP",6.5,7.800000000000001,0.35454545454545455,0.05454545454545455
53.0,15.0,7.0,12.823333333333332,4.8,1.2,2.3,52.9%,0.5,1.3,40%,0.8,1.3,63.2%,0.7,1.1,1.9,2.8,0.5,1.7,0.1,0.1,1.6,2.1,6.5,010750,"DE LARREA, SERGIO",6.5,6.399999999999999,0.4266666666666666,0.06564102564102563
,,,,,,,,,,,,,,,,,,,,,,,,,,"ANDJUSIC, DANILO",6.5,,,
,,,,,,,,,,,,,,,,,,,,,,,,,,"LAVY, GUR",6.5,,,
75.0,39.0,35.0,16.582905982905984,6.5,1.6,2.9,55.7%,0.7,1.9,39.2%,1.0,1.1,92.7%,0.9,2.0,2.9,1.0,0.5,1.0,0.2,0.2,1.7,1.3,6.9,012710,"OSMANI, ERCAN",6.5,6.9,0.17692307692307693,0.027218934911242606
,,,,,,,,,,,,,,,,,,,,,,,,,,"BANGO, JILSON",6.4,,,
19.0,31.0,9.0,15.51774193548387,2.5,0.4,1.1,38.2%,0.4,1.2,36.1%,0.4,0.5,85.7%,0.3,1.7,2.0,1.7,0.4,0.9,0.0,0.0,2.4,1.2,2.9,001844,"HACKETT, DANIEL",6.3,2.900000000000001,0.09354838709677422,0.014848950332821307
58.0,32.0,11.0,14.4609375,4.1,1.8,2.8,62.9%,0.0,0.1,0%,0.6,1.1,52.8%,1.7,1.9,3.6,0.5,0.3,0.7,0.5,0.3,2.0,1.4,5.8,008072,"DIOP, KHALIFA",6.3,5.800000000000001,0.18125000000000002,0.028769841269841275
69.0,39.0,28.0,18.87136752136752,5.9,1.1,1.9,58.9%,1.0,2.2,46%,0.6,0.7,88.5%,0.4,1.9,2.4,1.7,0.5,0.5,0.0,0.0,1.8,0.6,6.6,003733,"ABALDE, ALBERTO",6.1,6.700000000000001,0.17179487179487182,0.028163093736864236
,,,,,,,,,,,,,,,,,,,,,,,,,,"MARCOS, JUANI",6.1,,,
53.0,34.0,16.0,15.699019607843136,4.1,1.7,2.7,62.4%,0.0,0.1,0%,0.7,1.1,63.9%,1.7,1.6,3.3,0.9,0.5,0.6,0.5,0.1,2.8,1.0,5.4,003048,"DUNSTON, BRYANT",6.0,5.299999999999999,0.15588235294117644,0.02598039215686274
,,,,,,,,,,,,,,,,,,,,,,,,,,"HERBERT, GORDON",6.0,,,
48.0,33.0,6.0,17.421212121212122,5.2,0.2,0.6,33.3%,1.3,3.1,42.7%,0.7,0.8,88.9%,0.7,1.2,1.9,0.7,0.7,0.2,0.0,0.1,2.3,1.8,5.2,007990,"DIBARTOLOMEO, JOHN",6.0,5.4,0.16363636363636364,0.02727272727272727
,,,,,,,,,,,,,,,,,,,,,,,,,,"TABELLINI, FRANCESCO",6.0,,,
39.0,27.0,6.0,15.406172839506173,3.2,0.7,1.3,55.6%,0.5,1.1,45.2%,0.2,0.3,55.6%,0.4,1.5,1.9,1.1,0.3,0.3,0.1,0.1,1.1,0.7,4.5,006509,"TONUT, STEFANO",6.0,4.499999999999998,0.1666666666666666,0.027777777777777766
68.0,33.0,17.0,22.01313131313131,4.5,0.6,1.3,46.5%,0.8,2.2,38%,0.8,1.1,74.3%,0.9,2.8,3.7,1.2,1.0,0.7,0.3,0.2,2.5,1.6,6.5,002676,"BUTKEVICIUS, ARNAS",6.0,6.499999999999998,0.1969696969696969,0.03282828282828282
38.0,21.0,10.0,18.263492063492063,6.8,0.9,1.4,62.1%,1.7,4.5,37.2%,0.1,0.1,66.7%,0.6,2.4,3.0,1.0,0.1,0.6,0.1,0.1,2.2,0.6,5.4,011980,"SESTINA, NATHAN",6.0,5.3999999999999995,0.2571428571428571,0.04285714285714285
,,,,,,,,,,,,,,,,,,,,,,,,,,"NAKIC, MARIO",5.9,,,
13.0,35.0,17.0,14.864285714285714,4.5,0.9,1.7,49.2%,0.8,2.6,30.4%,0.4,0.4,100%,0.7,1.1,1.8,0.3,0.4,0.5,0.1,0.2,1.3,0.3,2.6,004197,"OUATTARA, YAKUBA",5.8,2.7999999999999994,0.07999999999999999,0.01379310344827586
56.0,25.0,5.0,15.460666666666668,4.8,1.8,2.8,65.2%,0.2,0.8,31.6%,0.5,0.8,68.4%,1.2,1.9,3.1,0.5,0.5,0.8,0.2,0.2,2.1,1.3,5.6,011244,"DA SILVA, OSCAR",5.7,5.4,0.21600000000000003,0.037894736842105266
45.0,40.0,3.0,17.098333333333333,6.6,0.8,2.0,40.5%,1.4,4.6,29.2%,1.0,1.2,81.2%,0.4,1.0,1.4,2.2,0.4,0.7,0.0,0.2,1.5,1.5,5.1,TGB,"LLULL, SERGIO",5.6,5.1,0.1275,0.022767857142857145
52.0,25.0,8.0,18.192666666666668,6.4,1.0,1.8,54.5%,1.3,2.3,57.9%,0.6,0.7,77.8%,0.5,1.3,1.8,0.9,0.2,0.8,0.2,0.2,2.6,1.2,5.3,001557,"GIFFEY, NIELS",5.6,5.199999999999999,0.20799999999999996,0.03714285714285714
,,,,,,,,,,,,,,,,,,,,,,,,,,"GALBIATI, PAOLO",5.5,,,
,,,,,,,,,,,,,,,,,,,,,,,,,,"HOLLATZ, JUSTUS",5.5,,,
34.0,28.0,5.0,9.81904761904762,4.1,1.4,2.1,65%,0.0,0.2,16.7%,1.2,1.3,89.2%,0.7,0.8,1.5,0.5,0.1,0.3,0.0,0.1,1.2,1.0,4.4,005460,"HARRIS, ELIAS",5.5,4.6,0.16428571428571428,0.02987012987012987
,,,,,,,,,,,,,,,,,,,,,,,,,,"ANTETOKOUNMPO, KOSTAS",5.5,,,
28.0,23.0,6.0,11.567391304347826,2.2,0.3,0.7,53.3%,0.3,0.9,38.1%,0.5,0.7,73.3%,0.7,1.5,2.3,0.4,1.0,0.0,0.3,0.0,1.7,0.6,4.0,012515,"TARPEY, TERRY",5.4,3.8999999999999995,0.1695652173913043,0.03140096618357487
,,,,,,,,,,,,,,,,,,,,,,,,,,"LARENTZAKIS, GIANNOULIS",5.3,,,
,,,,,,,,,,,,,,,,,,,,,,,,,,"YILMAZ, ERKAN",5.3,,,
23.0,33.0,8.0,11.39090909090909,2.6,0.5,1.2,40%,0.2,0.6,40%,0.9,1.2,75%,1.2,1.8,3.1,0.2,0.2,0.2,0.1,0.2,2.4,1.3,3.3,013381,"RAYMAN, WILLIAM",5.3,3.3000000000000003,0.1,0.01886792452830189
,,,,,,,,,,,,,,,,,,,,,,,,,,"DIOP, OUSMANE",5.2,,,
,,,,,,,,,,,,,,,,,,,,,,,,,,"AKELE, NICOLA",5.2,,,
25.0,36.0,0.0,10.934722222222222,2.8,1.0,1.6,64.9%,0.1,0.3,40%,0.4,0.6,72.7%,1.1,1.7,2.7,0.4,0.2,0.5,0.0,0.0,1.9,0.9,3.7,013373,"CAVALIERE, LEOPOLD",5.1,3.6000000000000014,0.10000000000000003,0.01960784313725491
,,,,,,,,,,,,,,,,,,,,,,,,,,"VILLAR, RAFA",5.1,,,
9.0,27.0,13.0,11.079629629629627,3.5,0.9,1.4,60.5%,0.5,1.7,28.9%,0.3,0.4,75%,0.3,0.8,1.1,0.4,0.5,0.6,0.1,0.0,1.3,0.6,2.3,004007,"DOBRIC, OGNJEN",5.0,2.499999999999999,0.09259259259259256,0.01851851851851851
20.0,33.0,22.0,19.44242424242424,4.4,0.7,1.7,43.6%,0.8,2.1,40.6%,0.4,0.5,77.8%,0.3,1.5,1.8,1.0,0.5,0.6,0.1,0.1,2.5,0.9,3.2,003526,"LIGHTY, DAVID",5.0,3.099999999999999,0.09393939393939392,0.018787878787878784
,,,,,,,,,,,,,,,,,,,,,,,,,,"SHAHRVIN, ENZO",5.0,,,
22.0,32.0,15.0,15.1125,3.6,0.5,0.7,65.2%,0.8,1.8,44.8%,0.2,0.2,100%,0.6,1.9,2.5,0.4,0.4,0.4,0.2,0.0,2.5,0.3,3.2,001518,"RICCI, GIAMPAOLO",5.0,3.3,0.103125,0.020624999999999998
,,,,,,,,,,,,,,,,,,,,,,,,,,"PUPET, PIERRIC",5.0,,,
11.0,16.0,0.0,7.209375,1.5,0.4,0.8,53.8%,0.1,0.6,22.2%,0.2,0.3,80%,0.4,0.8,1.2,0.2,0.2,0.2,0.2,0.1,1.1,0.6,1.7,009877,"BLAYZER, OZ",5.0,1.5000000000000009,0.09375000000000006,0.01875000000000001
,,,,,,,,,,,,,,,,,,,,,,,,,,"MUTAF, DAVID",5.0,,,
,,,,,,,,,,,,,,,,,,,,,,,,,,"MILJENOVIC, STEFAN",5.0,,,
,,,,,,,,,,,,,,,,,,,,,,,,,,"CANKA, ABRAMO",4.9,,,
,,,,,,,,,,,,,,,,,,,,,,,,,,"FLACCADORI, DIEGO",4.8,,,
,,,,,,,,,,,,,,,,,,,,,,,,,,"DANGUBIC, NEMANJA",4.8,,,
,,,,,,,,,,,,,,,,,,,,,,,,,,"BEGARIN, JUHANN",4.5,,,
1.0,27.0,0.0,9.522222222222224,0.6,0.3,0.8,33.3%,0.0,0.0,0%,0.1,0.2,60%,0.9,1.4,2.4,0.2,0.3,0.8,0.3,0.0,2.6,0.3,0.1,004512,"KRATZER, LEON",4.5,0.09999999999999931,0.0037037037037036783,0.0008230452674897063
,,,,,,,,,,,,,,,,,,,,,,,,,,"HERRERA, SEBASTIAN",4.5,,,
,,,,,,,,,,,,,,,,,,,,,,,,,,"MAHMUTOGLU, MELIH",4.5,,,
,,,,,,,,,,,,,,,,,,,,,,,,,,"ILIC, DALIBOR",4.5,,,
,,,,,,,,,,,,,,,,,,,,,,,,,,"LAKIC, ARIJAN",4.3,,,
7.0,22.0,3.0,15.02727272727273,3.6,0.8,1.8,46.2%,0.5,2.2,25%,0.4,0.4,100%,0.4,1.1,1.5,0.6,0.2,0.5,0.0,0.2,1.7,0.9,1.8,000229,"JACKSON, EDWIN",4.2,1.7000000000000002,0.07727272727272728,0.0183982683982684
,,,,,,,,,,,,,,,,,,,,,,,,,,"DIRSEN, METECAN",4.2,,,
,,,,,,,,,,,,,,,,,,,,,,,,,,"RAVENA, THIRDY",4.2,,,
,,,,,,,,,,,,,,,,,,,,,,,,,,"KOUZELOGLOU, IOANNIS",4.2,,,
5.0,32.0,10.0,7.355729166666666,1.8,0.5,0.9,55.2%,0.1,0.7,19%,0.4,0.6,72.2%,0.3,0.4,0.8,0.4,0.5,0.3,0.0,0.1,1.1,0.5,1.3,011209,"KALAITZAKIS, PANAGIOTIS",4.1,1.3,0.040625,0.009908536585365856
,,,,,,,,,,,,,,,,,,,,,,,,,,"BOSNJAKOVIC, MITAR",4.0,,,
,,,,,,,,,,,,,,,,,,,,,,,,,,"YILDIZLI, BURAKCAN",4.0,,,
,,,,,,,,,,,,,,,,,,,,,,,,,,"MESTOGLU, YIGIT HAMZA",4.0,,,
,,,,,,,,,,,,,,,,,,,,,,,,,,"EKSIOGLU, MERT",4.0,,,
14.0,17.0,0.0,5.790196078431372,1.4,0.1,0.1,100%,0.3,0.8,35.7%,0.3,0.4,83.3%,0.4,0.2,0.6,0.3,0.3,0.0,0.0,0.0,0.5,0.6,2.2,013283,"PALATIN, GUY",4.0,2.0999999999999996,0.12352941176470586,0.030882352941176465
,,,,,,,,,,,,,,,,,,,,,,,,,,"SAMODUROV, ALEXANDROS",4.0,,,
44.0,23.0,4.0,17.860869565217392,5.1,1.1,1.8,61.9%,0.6,1.8,31.7%,1.2,1.7,71.1%,0.1,1.6,1.7,2.2,0.8,0.7,0.0,0.3,1.8,1.4,6.1,004846,"TIMOR, BAR",4.0,6.000000000000002,0.2608695652173914,0.06521739130434785
,,,,,,,,,,,,,,,,,,,,,,,,,,"STOJKOVIC, LAZAR",4.0,,,
,,,,,,,,,,,,,,,,,,,,,,,,,,"RADOSIC, OGNJEN",4.0,,,
,,,,,,,,,,,,,,,,,,,,,,,,,,"ZIV, IFTACH",4.0,,,
,,,,,,,,,,,,,,,,,,,,,,,,,,"SEGEV, ITAY",4.0,,,
,,,,,,,,,,,,,,,,,,,,,,,,,,"NETZIPOGLOU, OMIROS",4.0,,,
,,,,,,,,,,,,,,,,,,,,,,,,,,"MOUNGALLA, ILIAN",4.0,,,
,,,,,,,,,,,,,,,,,,,,,,,,,,"ACCORSI, MATTEO",4.0,,,
