Player,fantasy_points_mean,fantasy_points_std,fantasy_points_sum,fantasy_points_max,Minutes_mean,Points_mean,TotalRebounds_mean,Assistances_mean,Valuation_mean,Team_first,games_played,player.name,price,value_score,consistency,points_per_credit
"VEZENKOV, SASHA",23.736842105263158,8.136285793587634,902.0,52.0,30.39342105263158,19.763157894736842,6.578947368421052,1.8421052631578947,23.736842105263158,OLY,38.0,"VEZENKOV, SASHA",16.0,1.4835526315789473,0.10945366887514148,1.4835526315789473
"NUNN, KENDRICK",18.725,11.140104266878433,749.0,43.0,30.82708333333333,20.05,3.525,4.15,18.725,PAN,40.0,"NUNN, KENDRICK",15.6,1.200320512820513,0.08237161543400225,1.200320512820513
"MIROTIC, NIKOLA",21.966666666666665,8.479115655470833,659.0,40.0,27.487222222222222,17.7,6.4,1.9666666666666666,21.966666666666665,MIL,30.0,"MIROTIC, NIKOLA",15.5,1.4172043010752686,0.10549507320578519,1.4172043010752686
"SHENGELIA, TORNIKE",17.5,8.850612031567836,490.0,39.0,27.45595238095238,15.642857142857142,5.0,2.6785714285714284,17.5,VIR,28.0,"SHENGELIA, TORNIKE",15.5,1.1290322580645162,0.10151653489096339,1.1290322580645162
"LESSORT, MATHIAS",20.05263157894737,6.0504699928603,381.0,32.0,25.45175438596491,13.0,6.578947368421052,1.631578947368421,20.05263157894737,PAN,19.0,"LESSORT, MATHIAS",15.4,1.3021189336978811,0.14183451614043543,1.3021189336978811
"MONEKE, CHIMA",18.606060606060606,9.499800635866634,614.0,34.0,28.203535353535354,14.0,6.0606060606060606,2.303030303030303,18.606060606060606,BAS,33.0,"MONEKE, CHIMA",15.3,1.2160823925529807,0.09523990356388913,1.2160823925529807
"JAMES, MIKE",17.4390243902439,7.953140198964825,715.0,33.0,29.341463414634145,15.926829268292684,2.951219512195122,5.7560975609756095,17.4390243902439,MCO,41.0,"JAMES, MIKE",15.2,1.1473042362002568,0.11169265506594228,1.1473042362002568
"LEDAY, ZACH",19.441176470588236,9.22181595365392,661.0,39.0,27.644117647058824,16.029411764705884,4.470588235294118,1.1764705882352942,19.441176470588236,MIL,34.0,"LEDAY, ZACH",15.2,1.2790247678018576,0.09782997507820879,1.2790247678018576
"TAVARES, WALTER",15.275,8.617178728027477,611.0,39.0,23.263333333333332,10.2,6.575,1.15,15.275,MAD,40.0,"TAVARES, WALTER",15.0,1.0183333333333333,0.10398059849773678,1.0183333333333333
"CAMPAZZO, FACUNDO",17.512820512820515,9.161911415350296,683.0,43.0,25.74017094017094,11.974358974358974,3.051282051282051,6.0,17.512820512820515,MAD,39.0,"CAMPAZZO, FACUNDO",15.0,1.1675213675213676,0.09840668346010459,1.1675213675213676
"JONES, CARLIK",17.294117647058822,9.130466521204196,588.0,37.0,26.96421568627451,14.117647058823529,3.2058823529411766,5.352941176470588,17.294117647058822,PAR,34.0,"JONES, CARLIK",14.9,1.1606790367153572,0.09871213708735807,1.1606790367153572
"JONES, TYRIQUE",16.0,8.576035628236056,512.0,32.0,22.633854166666666,11.59375,6.0,1.03125,16.0,PAR,32.0,"JONES, TYRIQUE",14.5,1.103448275862069,0.10442734747679755,1.103448275862069
"SHORTS, TJ",22.756756756756758,8.203676023606754,842.0,41.0,27.329279279279277,19.027027027027028,2.5945945945945947,7.324324324324325,22.756756756756758,PRS,37.0,"SHORTS, TJ",14.3,1.5913815913815914,0.10865223823992429,1.5913815913815914
"HOARD, JAYLEN",15.592592592592593,8.784861363379001,421.0,34.0,27.235802469135802,13.074074074074074,4.481481481481482,1.2222222222222223,15.592592592592593,TEL,27.0,"HOARD, JAYLEN",14.3,1.0903910903910905,0.1021986886541508,1.0903910903910905
"FRANCISCO, SYLVAIN",15.529411764705882,9.022649258587732,528.0,36.0,25.491176470588236,14.558823529411764,2.6470588235294117,4.529411764705882,15.529411764705882,ZAL,34.0,"FRANCISCO, SYLVAIN",14.1,1.1013767209011265,0.09977401924378103,1.1013767209011265
"EDWARDS, CARSEN",16.742857142857144,10.059654002770781,586.0,34.0,28.825238095238095,20.37142857142857,2.342857142857143,3.2857142857142856,16.742857142857144,MUN,35.0,"EDWARDS, CARSEN",14.1,1.187436676798379,0.09041874182948847,1.187436676798379
"HERNANGOMEZ, JUANCHO",15.275,8.36043030422447,611.0,40.0,27.32125,9.95,6.95,1.45,15.275,PAN,40.0,"HERNANGOMEZ, JUANCHO",14.0,1.0910714285714287,0.10683269545297383,1.0910714285714287
"WALKER IV, LONNIE",11.263157894736842,9.176310716326748,214.0,25.0,22.292105263157897,13.631578947368421,3.1578947368421053,1.8421052631578947,11.263157894736842,ZAL,19.0,"WALKER IV, LONNIE",14.0,0.8045112781954887,0.09826743973094416,0.8045112781954887
"HEZONJA, MARIO",14.31578947368421,6.802643616322776,544.0,29.0,27.061842105263157,14.868421052631579,5.2894736842105265,1.5263157894736843,14.31578947368421,MAD,38.0,"HEZONJA, MARIO",13.9,1.0299129117758425,0.12816169098227753,1.0299129117758425
"SHIELDS, SHAVON",13.285714285714286,7.080788525126713,372.0,29.0,27.55535714285714,11.964285714285714,3.5714285714285716,2.607142857142857,13.285714285714286,MIL,28.0,"SHIELDS, SHAVON",13.8,0.9627329192546584,0.12375029947765143,0.9627329192546584
"LARKIN, SHANE",15.5,6.686082837035726,434.0,33.0,26.198214285714283,11.714285714285714,2.5714285714285716,4.535714285714286,15.5,IST,28.0,"LARKIN, SHANE",13.6,1.1397058823529411,0.13010528525420728,1.1397058823529411
"PUNTER, KEVIN",16.486486486486488,8.64941109627195,610.0,32.0,27.07702702702703,16.62162162162162,2.189189189189189,3.0,16.486486486486488,BAR,37.0,"PUNTER, KEVIN",13.5,1.2212212212212212,0.10363326735932622,1.2212212212212212
"MALEDON, THEO",20.575757575757574,10.195067137561868,679.0,37.0,27.593434343434346,17.0,3.4545454545454546,4.636363636363637,20.575757575757574,ASV,33.0,"MALEDON, THEO",13.3,1.5470494417862837,0.0893250560905333,1.5470494417862837
"MUSA, DZANAN",12.13888888888889,8.057481980930262,437.0,26.0,21.181018518518517,11.86111111111111,2.8055555555555554,1.9444444444444444,12.13888888888889,MAD,36.0,"MUSA, DZANAN",13.2,0.9196127946127947,0.11040596074112129,0.9196127946127947
"CLYBURN, WILL",15.375,8.92389318432361,369.0,38.0,27.430555555555557,13.75,4.708333333333333,2.375,15.375,VIR,24.0,"CLYBURN, WILL",13.0,1.1826923076923077,0.10076690482518104,1.1826923076923077
"BRYANT, ELIJAH",14.447368421052632,7.744910686139195,549.0,30.0,27.032456140350877,13.842105263157896,4.2368421052631575,3.1315789473684212,14.447368421052632,IST,38.0,"BRYANT, ELIJAH",13.0,1.111336032388664,0.11435222564193981,1.111336032388664
"FOURNIER, EVAN",12.594594594594595,9.858610053764789,466.0,34.0,25.791441441441442,16.08108108108108,2.1621621621621623,2.5675675675675675,12.594594594594595,OLY,37.0,"FOURNIER, EVAN",13.0,0.9688149688149689,0.09209281805393592,0.9688149688149689
"THEIS, DANIEL",12.6,9.612491872558333,189.0,26.0,22.805555555555554,11.733333333333333,5.466666666666667,0.7333333333333333,12.6,MCO,15.0,"THEIS, DANIEL",13.0,0.9692307692307692,0.09422857628619619,0.9692307692307692
"POIRIER, VINCENT",13.41025641025641,7.778911940956472,523.0,29.0,21.361538461538462,9.487179487179487,4.9743589743589745,1.205128205128205,13.41025641025641,IST,39.0,"POIRIER, VINCENT",12.8,1.047676282051282,0.11390933258308192,1.047676282051282
"HALL, DONTA",14.352941176470589,6.494204189663349,488.0,25.0,21.501470588235293,8.735294117647058,5.352941176470588,0.8823529411764706,14.352941176470589,BAS,34.0,"HALL, DONTA",12.8,1.1213235294117647,0.13343644964722018,1.1213235294117647
"HERNANGOMEZ, WILLY",9.631578947368421,8.87273702441415,366.0,31.0,14.169736842105264,7.368421052631579,3.710526315789474,0.47368421052631576,9.631578947368421,BAR,38.0,"HERNANGOMEZ, WILLY",12.7,0.7583920430998757,0.10128903439108267,0.7583920430998757
"SLOUKAS, KOSTAS",11.9,8.48467698794383,476.0,28.0,21.2025,8.9,1.925,4.675,11.9,PAN,40.0,"SLOUKAS, KOSTAS",12.6,0.9444444444444445,0.10543321625724532,0.9444444444444445
"JOKUBAITIS, ROKAS",14.533333333333333,8.278486174013539,436.0,31.0,22.833333333333332,11.766666666666667,2.966666666666667,4.333333333333333,14.533333333333333,TEL,30.0,"JOKUBAITIS, ROKAS",12.6,1.1534391534391535,0.10777620198440582,1.1534391534391535
"BOLOMBOY, JOEL",16.555555555555557,6.844682111143977,298.0,28.0,24.270370370370372,10.166666666666666,8.333333333333334,0.6111111111111112,16.555555555555557,RED,18.0,"BOLOMBOY, JOEL",12.5,1.3244444444444445,0.1274748913763405,1.3244444444444445
"BOOKER, DEVIN",16.214285714285715,7.641781559088522,454.0,34.0,26.258333333333333,14.928571428571429,4.714285714285714,1.6428571428571428,16.214285714285715,MUN,28.0,"BOOKER, DEVIN",12.5,1.2971428571428572,0.11571688003942945,1.2971428571428572
"MILUTINOV, NIKOLA",13.483870967741936,7.6632063252137295,418.0,26.0,18.581182795698926,7.645161290322581,5.419354838709677,0.7096774193548387,13.483870967741936,OLY,31.0,"MILUTINOV, NIKOLA",12.4,1.0874089490114465,0.11543070342092183,1.0874089490114465
"DE COLO, NANDO",12.696969696969697,8.087354513702428,419.0,29.0,19.96919191919192,11.151515151515152,1.6666666666666667,4.333333333333333,12.696969696969697,ASV,33.0,"DE COLO, NANDO",12.4,1.0239491691104594,0.11004302720798924,1.0239491691104594
"OKOBO, ELIE",13.371428571428572,9.499491361881109,468.0,36.0,25.163333333333334,12.485714285714286,1.8571428571428572,4.114285714285714,13.371428571428572,MCO,35.0,"OKOBO, ELIE",12.2,1.0960187353629978,0.09524270895926887,1.0960187353629978
"PARKER, JABARI",12.435897435897436,8.146018955987584,485.0,29.0,27.21410256410256,13.820512820512821,4.0,1.7435897435897436,12.435897435897436,BAR,39.0,"PARKER, JABARI",12.1,1.0277601186692096,0.10933718865138962,1.0277601186692096
"OSMAN, CEDI",8.512820512820513,7.608415682898686,332.0,32.0,19.822649572649574,9.615384615384615,2.6666666666666665,0.6666666666666666,8.512820512820513,PAN,39.0,"OSMAN, CEDI",12.1,0.7035388853570672,0.11616539405579367,0.7035388853570672
"GABRIEL, WENYEN",6.588235294117647,7.6993413612791874,224.0,28.0,15.55343137254902,5.617647058823529,3.6470588235294117,0.6764705882352942,6.588235294117647,TEL,34.0,"GABRIEL, WENYEN",12.0,0.5490196078431372,0.1149512311875707,0.5490196078431372
"NEBO, JOSH",10.5,4.203173404306164,42.0,15.0,19.333333333333332,8.25,4.5,0.75,10.5,MIL,4.0,"NEBO, JOSH",12.0,0.875,0.1921904042583698,0.875
"GUDURIC, MARKO",11.86111111111111,9.071628544227572,427.0,30.0,22.038425925925925,10.86111111111111,2.611111111111111,3.111111111111111,11.86111111111111,ULK,36.0,"GUDURIC, MARKO",11.5,1.0314009661835748,0.09928880871734864,1.0314009661835748
"LAPROVITTOLA, NICOLAS",13.25,5.852349955359813,53.0,20.0,22.025,10.0,1.0,6.25,13.25,BAR,4.0,"LAPROVITTOLA, NICOLAS",11.3,1.1725663716814159,0.14593533700330263,1.1725663716814159
"VESELY, JAN",11.625,7.856387597805783,279.0,28.0,21.17361111111111,9.0,3.625,1.9166666666666667,11.625,BAR,24.0,"VESELY, JAN",11.1,1.0472972972972974,0.11291285402275701,1.0472972972972974
"THOMPSON, DARIUS",11.743589743589743,6.703172653060203,458.0,26.0,26.32991452991453,9.487179487179487,1.9743589743589745,4.487179487179487,11.743589743589743,IST,39.0,"THOMPSON, DARIUS",11.0,1.0675990675990674,0.12981664114755817,1.0675990675990674
"HIFI, NADIR",10.552631578947368,6.676693502840137,401.0,24.0,19.967543859649123,15.105263157894736,2.0789473684210527,1.3421052631578947,10.552631578947368,PRS,38.0,"HIFI, NADIR",11.0,0.9593301435406698,0.13026441652646822,0.9593301435406698
"DIALLO, ALPHA",12.228571428571428,7.930157309787946,428.0,35.0,26.562380952380956,11.514285714285714,4.0,1.7428571428571429,12.228571428571428,MCO,35.0,"DIALLO, ALPHA",10.8,1.132275132275132,0.11198011023881346,1.132275132275132
"CORDINIER, ISAIA",13.558823529411764,8.88031932428377,461.0,38.0,26.915686274509802,12.029411764705882,3.8823529411764706,3.8823529411764706,13.558823529411764,VIR,34.0,"CORDINIER, ISAIA",10.8,1.2554466230936818,0.10121130372195644,1.2554466230936818
"DECK, GABRIEL",8.571428571428571,4.709553501118146,240.0,16.0,23.375595238095237,7.964285714285714,3.2142857142857144,1.3928571428571428,8.571428571428571,MAD,28.0,"DECK, GABRIEL",10.7,0.801068090787717,0.17514504414472382,0.801068090787717
"SEDEKERSKIS, TADAS",10.666666666666666,7.168306312136458,288.0,23.0,22.603086419753087,6.814814814814815,4.407407407407407,1.5555555555555556,10.666666666666666,BAS,27.0,"SEDEKERSKIS, TADAS",10.7,0.9968847352024922,0.1224244000882045,0.9968847352024922
"BROWN, LORENZO",7.410256410256411,7.989196483929997,289.0,23.0,14.532051282051283,6.102564102564102,1.9487179487179487,2.6153846153846154,7.410256410256411,PAN,39.0,"BROWN, LORENZO",10.6,0.6990807934204161,0.11124464814933145,0.6990807934204161
"FALL, MOUSTAPHA",8.371428571428572,6.169592008084367,293.0,25.0,17.37238095238095,5.771428571428571,2.8857142857142857,1.9142857142857144,8.371428571428572,OLY,35.0,"FALL, MOUSTAPHA",10.6,0.7897574123989219,0.13947795061035678,0.7897574123989219
"MILLER-MCINTYRE, CODI",9.971428571428572,7.563401484570729,349.0,23.0,25.374285714285715,10.257142857142858,3.142857142857143,4.571428571428571,9.971428571428572,RED,35.0,"MILLER-MCINTYRE, CODI",10.5,0.9496598639455782,0.11677602665269975,0.9496598639455782
"PETERS, ALEC",9.0,8.0638477804111,360.0,31.0,16.43208333333333,8.125,2.625,0.8,9.0,OLY,40.0,"PETERS, ALEC",10.5,0.8571428571428571,0.1103284194777865,0.8571428571428571
"WRIGHT, MOSES",6.0,7.930251502246879,114.0,28.0,12.155263157894737,5.526315789473684,2.4210526315789473,0.5789473684210527,6.0,OLY,19.0,"WRIGHT, MOSES",10.5,0.5714285714285714,0.11197892912068567,0.5714285714285714
"BROWN, STERLING",11.470588235294118,9.567100488899753,390.0,32.0,25.762254901960784,12.411764705882353,3.0294117647058822,2.088235294117647,11.470588235294118,PAR,34.0,"BROWN, STERLING",10.4,1.1029411764705883,0.09463333873378543,1.1029411764705883
"WEILER-BABB, NICK",12.852941176470589,8.560417551913083,437.0,34.0,26.347549019607843,8.235294117647058,4.147058823529412,4.9411764705882355,12.852941176470589,MUN,34.0,"WEILER-BABB, NICK",10.4,1.2358597285067874,0.10459794193820493,1.2358597285067874
"BALDWIN IV, WADE",11.037037037037036,5.9966752421749465,298.0,26.0,24.22469135802469,11.11111111111111,2.6666666666666665,3.740740740740741,11.037037037037036,ULK,27.0,"BALDWIN IV, WADE",10.3,1.0715569938870908,0.14292502730041615,1.0715569938870908
"NWORA, JORDAN",6.487179487179487,7.206984166954029,253.0,23.0,15.95897435897436,7.205128205128205,3.128205128205128,0.7435897435897436,6.487179487179487,IST,39.0,"NWORA, JORDAN",10.3,0.6298232511824744,0.12184743867626391,0.6298232511824744
"OTURU, DAN",11.105263157894736,7.373398034659793,422.0,28.0,16.58815789473684,8.763157894736842,4.157894736842105,0.5263157894736842,11.105263157894736,IST,38.0,"OTURU, DAN",10.3,1.0781808891159936,0.11942582878070832,1.0781808891159936
"SAKO, NEAL",12.058823529411764,8.707158937092697,410.0,30.0,21.328921568627454,8.735294117647058,5.970588235294118,0.7941176470588235,12.058823529411764,ASV,34.0,"SAKO, NEAL",10.3,1.1707595659623071,0.1030167535610065,1.1707595659623071
"SORKIN, ROMAN",11.93939393939394,7.035354441761418,394.0,27.0,23.36060606060606,12.93939393939394,4.090909090909091,1.0606060606060606,11.93939393939394,TEL,33.0,"SORKIN, ROMAN",10.2,1.1705288175876412,0.12445001738850382,1.1705288175876412
"SATORANSKY, TOMAS",9.717948717948717,5.656615679420811,379.0,21.0,23.705128205128204,5.948717948717949,3.230769230769231,5.256410256410256,9.717948717948717,BAR,39.0,"SATORANSKY, TOMAS",10.1,0.9621731403909621,0.15022648867825422,0.9621731403909621
"RIVERO, JASIEL",12.35,6.799961300199475,247.0,24.0,21.968333333333334,10.2,4.35,1.3,12.35,TEL,20.0,"RIVERO, JASIEL",10.1,1.2227722772277227,0.1282057642996801,1.2227722772277227
"GRANT, JERIAN",10.634146341463415,7.930183155391102,436.0,33.0,26.865040650406506,8.585365853658537,2.1219512195121952,3.1707317073170733,10.634146341463415,PAN,41.0,"GRANT, JERIAN",10.1,1.0528857763825163,0.11197978614764531,1.0528857763825163
"WILLIAMS-GOSS, NIGEL",8.571428571428571,8.541544543774112,300.0,32.0,22.906190476190478,8.628571428571428,2.1142857142857143,3.4,8.571428571428571,OLY,35.0,"WILLIAMS-GOSS, NIGEL",10.0,0.8571428571428571,0.10480483483698697,0.8571428571428571
"SAMANIC, LUKA",8.6,7.21902249021886,129.0,21.0,15.204444444444444,9.066666666666666,3.2,1.0666666666666667,8.6,BAS,15.0,"SAMANIC, LUKA",10.0,0.86,0.12166896990366692,0.86
"FORREST, TRENT",11.647058823529411,7.239966318945498,396.0,23.0,24.780882352941177,9.676470588235293,2.7941176470588234,4.705882352941177,11.647058823529411,BAS,34.0,"FORREST, TRENT",9.9,1.176470588235294,0.12135971935962646,1.176470588235294
"KALINIC, NIKOLA",11.628571428571428,6.375900002378969,407.0,24.0,27.185714285714287,9.028571428571428,4.2,2.6,11.628571428571428,RED,35.0,"KALINIC, NIKOLA",9.9,1.1746031746031744,0.1355766753450382,1.1746031746031744
"WARD, TYSON",11.31578947368421,6.43514532126759,430.0,24.0,26.346929824561403,11.0,4.947368421052632,1.3157894736842106,11.31578947368421,PRS,38.0,"WARD, TYSON",9.8,1.1546723952738989,0.1344963624503191,1.1546723952738989
"LO, MAODO",7.9655172413793105,8.028888726791033,231.0,35.0,17.17183908045977,10.03448275862069,1.5172413793103448,2.1379310344827585,7.9655172413793105,PRS,29.0,"LO, MAODO",9.8,0.812807881773399,0.11075560129927652,0.812807881773399
"VILDOZA, LUCA",5.088235294117647,4.679857852404983,173.0,18.0,17.151470588235295,4.617647058823529,1.4411764705882353,2.6470588235294117,5.088235294117647,OLY,34.0,"VILDOZA, LUCA",9.7,0.5245603395997575,0.1760607441217172,0.5245603395997575
"WILBEKIN, SCOTTIE",0.0,,0.0,0.0,2.0833333333333335,0.0,0.0,0.0,0.0,ULK,1.0,"WILBEKIN, SCOTTIE",9.7,0.0,,0.0
"HOWARD, MARKUS",6.15625,9.037946437463082,197.0,26.0,22.3390625,12.09375,1.3125,1.5,6.15625,BAS,32.0,"HOWARD, MARKUS",9.6,0.6412760416666667,0.09962197011411159,0.6412760416666667
"MADAR, YAM",2.3,4.3982319680121975,23.0,14.0,5.970000000000001,2.1,0.7,0.8,2.3,MUN,10.0,"MADAR, YAM",9.6,0.23958333333333331,0.18524583714179146,0.23958333333333331
"MELLI, NICOLO",6.7631578947368425,6.334949009058275,257.0,24.0,17.27675438596491,4.947368421052632,4.052631578947368,1.131578947368421,6.7631578947368425,ULK,38.0,"MELLI, NICOLO",9.5,0.7119113573407203,0.13633359942448853,0.7119113573407203
"RATHAN-MAYES, XAVIER",3.0689655172413794,5.637445181759189,89.0,17.0,9.49367816091954,4.172413793103448,0.7241379310344828,1.103448275862069,3.0689655172413794,MAD,29.0,"RATHAN-MAYES, XAVIER",9.5,0.32304900181488205,0.1506603779942571,0.32304900181488205
"COLSON, BONZIE",6.794871794871795,5.65768916552131,265.0,21.0,18.449572649572648,6.666666666666667,3.5384615384615383,0.5384615384615384,6.794871794871795,ULK,39.0,"COLSON, BONZIE",9.3,0.730631375792666,0.15020226615246285,0.730631375792666
"CLARK III, JIMMY",8.875,7.199950396654529,71.0,15.0,18.966666666666665,10.0,2.375,4.0,8.875,TEL,8.0,"CLARK III, JIMMY",9.3,0.9543010752688171,0.1219519572225689,0.9543010752688171
"WALKUP, THOMAS",7.230769230769231,5.573563975107435,188.0,18.0,20.231410256410257,3.9615384615384617,2.3076923076923075,4.615384615384615,7.230769230769231,OLY,26.0,"WALKUP, THOMAS",9.2,0.7859531772575251,0.15212447977790564,0.7859531772575251
"VOIGTMANN, JOHANNES",9.166666666666666,6.90962062220909,330.0,25.0,23.643055555555556,6.5,4.944444444444445,2.4166666666666665,9.166666666666666,MUN,36.0,"VOIGTMANN, JOHANNES",9.2,0.9963768115942029,0.12642831404481553,0.9963768115942029
"LOYD, JORDAN",8.971428571428572,7.394297143887366,314.0,25.0,21.197619047619046,9.4,2.8857142857142857,1.7142857142857142,8.971428571428572,TEL,35.0,"LOYD, JORDAN",9.1,0.9858712715855573,0.11912849674712658,0.9858712715855573
"MITOGLOU, KONSTANTINOS",5.641025641025641,7.08031808491227,220.0,25.0,16.146153846153847,6.0,2.923076923076923,0.6153846153846154,5.641025641025641,PAN,39.0,"MITOGLOU, KONSTANTINOS",9.0,0.6267806267806268,0.12375750428281031,0.6267806267806268
"JANTUNEN, MIKAEL",9.5,6.433653075189235,361.0,21.0,25.513157894736842,7.5,4.842105263157895,1.0263157894736843,9.5,PRS,38.0,"JANTUNEN, MIKAEL",9.0,1.0555555555555556,0.1345233615135508,1.0555555555555556
"SMAILAGIC, ALEN",7.793103448275862,6.061466762289869,226.0,25.0,15.004597701149425,8.137931034482758,2.896551724137931,0.41379310344827586,7.793103448275862,ZAL,29.0,"SMAILAGIC, ALEN",9.0,0.8659003831417624,0.14161363830815843,0.8659003831417624
"DOZIER JR, PERRY",8.833333333333334,5.338539126015656,159.0,19.0,18.461111111111112,8.333333333333334,2.2222222222222223,2.888888888888889,8.833333333333334,IST,18.0,"DOZIER JR, PERRY",9.0,0.9814814814814815,0.15776505912784203,0.9814814814814815
"YURTSEVEN, OMER",9.35483870967742,8.627662437751313,290.0,34.0,14.579569892473117,8.387096774193548,4.0,0.5806451612903226,9.35483870967742,PAN,31.0,"YURTSEVEN, OMER",8.8,1.063049853372434,0.10386737242457424,1.063049853372434
"LEE, SABEN",8.454545454545455,7.169560474854604,186.0,26.0,16.666666666666668,7.045454545454546,1.9090909090909092,2.090909090909091,8.454545454545455,TEL,22.0,"LEE, SABEN",8.8,0.9607438016528925,0.12240560591698138,0.9607438016528925
"WASHINGTON, DUANE",4.5,7.695283705254005,108.0,27.0,11.521527777777777,6.041666666666667,0.875,1.375,4.5,PAR,24.0,"WASHINGTON, DUANE",8.5,0.5294117647058824,0.11500487320451243,0.5294117647058824
"ULANOVAS, EDGARAS",8.176470588235293,5.446547909958414,278.0,20.0,22.367156862745098,6.5588235294117645,2.8529411764705883,1.8235294117647058,8.176470588235293,ZAL,34.0,"ULANOVAS, EDGARAS",8.5,0.9619377162629758,0.15512178207118155,0.9619377162629758
"BOLMARO, LEANDRO",8.5,6.766091929614909,221.0,22.0,21.541025641025637,6.653846153846154,2.269230769230769,2.9615384615384617,8.5,MIL,26.0,"BOLMARO, LEANDRO",8.5,1.0,0.12876489347063216,1.0
"DORSEY, TYLER",1.3,4.4267992640437095,39.0,16.0,6.7461111111111105,2.2,0.6333333333333333,0.7,1.3,OLY,30.0,"DORSEY, TYLER",8.4,0.15476190476190477,0.18427068173051658,0.15476190476190477
"NEDOVIC, NEMANJA",8.333333333333334,7.615773105863908,225.0,28.0,18.57469135802469,9.185185185185185,1.4444444444444444,2.8518518518518516,8.333333333333334,RED,27.0,"NEDOVIC, NEMANJA",8.3,1.0040160642570282,0.11606619483971768,1.0040160642570282
"BRAZDEIKIS, IGNAS",7.064516129032258,6.791835706056538,219.0,22.0,16.516129032258064,7.645161290322581,3.0,1.3225806451612903,7.064516129032258,ZAL,31.0,"BRAZDEIKIS, IGNAS",8.3,0.8511465215701515,0.1283394616781649,0.8511465215701515
"MORGAN, MATTHEW",7.617647058823529,7.058262752531883,259.0,21.0,18.65686274509804,7.823529411764706,1.7352941176470589,2.5588235294117645,7.617647058823529,VIR,34.0,"MORGAN, MATTHEW",8.2,0.9289813486370158,0.12409622653292149,0.9289813486370158
"WILLIS, DEREK",3.0256410256410255,3.943596938724178,118.0,14.0,7.98034188034188,2.1794871794871793,1.6666666666666667,0.2564102564102564,3.0256410256410255,IST,39.0,"WILLIS, DEREK",8.2,0.36898061288305195,0.20228186326575315,0.36898061288305195
"BLOSSOMGAME, JARON",9.125,6.2396067430321525,365.0,24.0,24.065,7.725,4.125,0.525,9.125,MCO,40.0,"BLOSSOMGAME, JARON",8.2,1.1128048780487805,0.13812904975293888,1.1128048780487805
"GRIGONIS, MARIUS",2.2,3.8340579025361627,11.0,9.0,9.166666666666666,2.4,0.6,0.8,2.2,PAN,5.0,"GRIGONIS, MARIUS",8.2,0.26829268292682934,0.20686554033110677,0.26829268292682934
"HALL, DEVON",8.78125,7.3867115866612885,281.0,24.0,23.472395833333334,7.78125,2.1875,3.375,8.78125,ULK,32.0,"HALL, DEVON",8.2,1.0708841463414636,0.11923624529910601,1.0708841463414636
"BIBEROVIC, TARIK",8.405405405405405,6.9978546691089525,311.0,21.0,22.485135135135135,10.378378378378379,3.081081081081081,1.4054054054054055,8.405405405405405,ULK,37.0,"BIBEROVIC, TARIK",8.2,1.025049439683586,0.12503352978673352,1.025049439683586
"BLATT, TAMIR",11.653846153846153,9.645485193362989,303.0,36.0,24.183333333333334,8.884615384615385,2.3846153846153846,6.730769230769231,11.653846153846153,TEL,26.0,"BLATT, TAMIR",8.2,1.4212007504690432,0.0939365357084389,1.4212007504690432
"GARUBA, USMAN",3.5517241379310347,4.687263951363705,103.0,17.0,13.124712643678162,3.6551724137931036,2.896551724137931,0.5172413793103449,3.5517241379310347,MAD,29.0,"GARUBA, USMAN",8.1,0.43848446147296727,0.1758314733678253,0.43848446147296727
"BRIZUELA, DARIO",8.444444444444445,7.450577904505871,304.0,25.0,18.345833333333335,10.027777777777779,1.3888888888888888,2.1944444444444446,8.444444444444445,BAR,36.0,"BRIZUELA, DARIO",8.1,1.0425240054869684,0.11833510220251296,1.0425240054869684
"SPAGNOLO, MATTEO",8.535714285714286,7.416109306683475,239.0,23.0,19.99761904761905,9.25,1.9285714285714286,3.642857142857143,8.535714285714286,BER,28.0,"SPAGNOLO, MATTEO",8.0,1.0669642857142858,0.11881974954934002,1.0669642857142858
"FERNANDO, BRUNO",5.153846153846154,4.259228291724409,67.0,14.0,12.814102564102566,4.615384615384615,2.769230769230769,0.5384615384615384,5.153846153846154,MAD,13.0,"FERNANDO, BRUNO",8.0,0.6442307692307693,0.19014196466305466,0.6442307692307693
"SIRVYDIS, DEIVIDAS",7.0,6.0603030227268935,238.0,21.0,16.54264705882353,8.411764705882353,2.6470588235294117,0.8235294117647058,7.0,ZAL,34.0,"SIRVYDIS, DEIVIDAS",7.8,0.8974358974358975,0.14163698027988764,0.8974358974358975
"MALCOLM, COLLIN",7.242424242424242,4.520994795329225,239.0,16.0,18.953535353535354,7.666666666666667,2.515151515151515,1.1818181818181819,7.242424242424242,PRS,33.0,"MALCOLM, COLLIN",7.7,0.9405745769382132,0.18112677824764525,0.9405745769382132
"PLAVSIC, UROS",3.6666666666666665,6.582805886043833,44.0,23.0,9.525,4.333333333333333,2.25,0.25,3.6666666666666665,RED,12.0,"PLAVSIC, UROS",7.7,0.47619047619047616,0.13187730439473622,0.47619047619047616
"MANNION, NICCOLO",7.814814814814815,7.51939562340688,211.0,27.0,22.02469135802469,8.518518518518519,1.4444444444444444,3.962962962962963,7.814814814814815,MIL,27.0,"MANNION, NICCOLO",7.7,1.014911014911015,0.1173792184568256,1.014911014911015
"ANDERSON, JUSTIN",8.45945945945946,7.388409070198305,313.0,26.0,19.570720720720722,7.135135135135135,2.7567567567567566,1.3783783783783783,8.45945945945946,BAR,37.0,"ANDERSON, JUSTIN",7.6,1.113086770981508,0.11921211658033264,1.113086770981508
"BEAUBOIS, RODRIGUE",8.121212121212121,6.886388638818498,268.0,24.0,18.870202020202022,8.878787878787879,1.4242424242424243,1.606060606060606,8.121212121212121,IST,33.0,"BEAUBOIS, RODRIGUE",7.6,1.0685805422647527,0.1268007507362477,1.0685805422647527
"BROOKS, ARMONI",5.9393939393939394,6.097844875135159,196.0,20.0,14.557070707070707,7.393939393939394,1.9696969696969697,0.7575757575757576,5.9393939393939394,MIL,33.0,"BROOKS, ARMONI",7.5,0.7919191919191919,0.1408878353348005,0.7919191919191919
"FALL, YOUSSOUPHA",3.9473684210526314,6.705977037148249,150.0,25.0,7.970614035087719,3.3684210526315788,2.5526315789473686,0.02631578947368421,3.9473684210526314,BAR,38.0,"FALL, YOUSSOUPHA",7.5,0.5263157894736842,0.1297693978556248,0.5263157894736842
"LUNDBERG, IFFE",7.074074074074074,8.061904365241626,191.0,24.0,23.98950617283951,7.62962962962963,2.1481481481481484,2.888888888888889,7.074074074074074,PAR,27.0,"LUNDBERG, IFFE",7.5,0.9432098765432099,0.11035208050039227,0.9432098765432099
"PROCIDA, GABRIELE",7.444444444444445,9.560871111476004,201.0,34.0,19.752469135802468,9.37037037037037,2.1481481481481484,0.7777777777777778,7.444444444444445,BER,27.0,"PROCIDA, GABRIELE",7.5,0.9925925925925926,0.09468915863515717,0.9925925925925926
"CALATHES, NICK",4.142857142857143,6.585031310680106,58.0,17.0,16.26904761904762,3.4285714285714284,2.0714285714285716,3.5714285714285716,4.142857142857143,MCO,14.0,"CALATHES, NICK",7.4,0.5598455598455598,0.13183861200308422,0.5598455598455598
"MCKISSIC, SHAQUIELLE",7.051282051282051,9.464472954850175,275.0,26.0,16.011538461538464,7.384615384615385,2.076923076923077,1.5897435897435896,7.051282051282051,OLY,39.0,"MCKISSIC, SHAQUIELLE",7.4,0.9528759528759528,0.09556143002276196,0.9528759528759528
"MARINKOVIC, VANJA",5.238095238095238,5.038896326625126,110.0,14.0,22.91031746031746,7.333333333333333,1.619047619047619,1.1904761904761905,5.238095238095238,PAR,21.0,"MARINKOVIC, VANJA",7.4,0.7078507078507078,0.1655931723137986,0.7078507078507078
"FELIZ, ANDRES",4.787878787878788,5.224686448472146,158.0,16.0,14.193939393939393,4.787878787878788,1.8181818181818181,1.5757575757575757,4.787878787878788,MAD,33.0,"FELIZ, ANDRES",7.4,0.647010647010647,0.16065066221053606,0.647010647010647
"MIKE, ISIAHA",3.1379310344827585,6.016193254940218,91.0,19.0,12.180459770114943,3.0689655172413794,1.896551724137931,0.5172413793103449,3.1379310344827585,PAR,29.0,"MIKE, ISIAHA",7.3,0.42985356636750116,0.14252743099627188,0.42985356636750116
"HAYES, KEVARRIUS",8.973684210526315,5.430080593226323,341.0,21.0,20.226754385964913,6.473684210526316,4.552631578947368,0.47368421052631576,8.973684210526315,PRS,38.0,"HAYES, KEVARRIUS",7.3,1.229271809661139,0.15551904606816838,1.229271809661139
"PAJOLA, ALESSANDRO",7.166666666666667,6.633682772520615,215.0,24.0,23.615555555555556,5.4,2.3666666666666667,4.1,7.166666666666667,VIR,30.0,"PAJOLA, ALESSANDRO",7.3,0.9817351598173517,0.13099836996105663,0.9817351598173517
"DIOUF, MOUHAMET",7.903225806451613,5.081698132905819,245.0,22.0,15.853225806451613,6.225806451612903,3.129032258064516,0.41935483870967744,7.903225806451613,VIR,31.0,"DIOUF, MOUHAMET",7.3,1.0826336721166594,0.16442775983723523,1.0826336721166594
"NUNEZ, JUAN",7.36,5.772636601530823,184.0,21.0,15.576666666666668,4.96,2.52,3.36,7.36,BAR,25.0,"NUNEZ, JUAN",7.2,1.0222222222222221,0.1476529834442866,1.0222222222222221
"ZAGARS, ARTURS",4.7407407407407405,5.971680555837582,128.0,21.0,12.15246913580247,4.777777777777778,0.9259259259259259,1.8888888888888888,4.7407407407407405,ULK,27.0,"ZAGARS, ARTURS",7.2,0.6584362139917695,0.1434374383609232,0.6584362139917695
"JAITEH, MAM",8.205882352941176,7.470261898636794,279.0,27.0,13.347058823529412,6.882352941176471,3.6176470588235294,0.5294117647058824,8.205882352941176,MCO,34.0,"JAITEH, MAM",7.2,1.1397058823529411,0.11806010392204522,1.1397058823529411
"BALDWIN, KAMAR",6.44,5.94474557908074,161.0,19.0,21.412,7.12,1.68,3.72,6.44,BAS,25.0,"BALDWIN, KAMAR",7.1,0.9070422535211269,0.14399375594294525,0.9070422535211269
"HOMMES, DAULTON",3.5,5.648008498577175,21.0,13.0,12.116666666666667,4.333333333333333,2.0,0.6666666666666666,3.5,PRS,6.0,"HOMMES, DAULTON",7.1,0.49295774647887325,0.15042098700897008,0.49295774647887325
"STRAZEL, MATTHEW",8.048780487804878,6.328314228576973,330.0,21.0,20.24878048780488,8.317073170731707,1.2195121951219512,2.3902439024390243,8.048780487804878,MCO,41.0,"STRAZEL, MATTHEW",7.1,1.1336310546204054,0.13645703074527987,1.1336310546204054
"BIRCH, KHEM",5.222222222222222,4.402019738458447,188.0,15.0,13.665277777777778,3.4722222222222223,3.6666666666666665,0.5833333333333334,5.222222222222222,ULK,36.0,"BIRCH, KHEM",7.1,0.7355242566510173,0.18511594707452253,0.7355242566510173
"MOTIEJUNAS, DONATAS",5.891891891891892,6.012874076068336,218.0,20.0,11.545045045045045,5.027027027027027,2.4594594594594597,0.7297297297297297,5.891891891891892,MCO,37.0,"MOTIEJUNAS, DONATAS",7.0,0.8416988416988417,0.14259488893612576,0.8416988416988417
"SMITS, ROLANDS",6.666666666666667,5.367216927222119,260.0,17.0,18.14145299145299,6.846153846153846,2.4615384615384617,0.9230769230769231,6.666666666666667,IST,39.0,"SMITS, ROLANDS",7.0,0.9523809523809524,0.15705448886540116,0.9523809523809524
"BITIM, ONURALP",0.4230769230769231,2.7301732827507763,11.0,12.0,3.9365384615384613,0.9615384615384616,0.4230769230769231,0.038461538461538464,0.4230769230769231,MUN,26.0,"BITIM, ONURALP",7.0,0.06043956043956044,0.26808406049773664,0.06043956043956044
"PARRA, JOEL",5.121212121212121,7.44461876020851,169.0,26.0,14.071717171717172,4.606060606060606,2.6666666666666665,0.5757575757575758,5.121212121212121,BAR,33.0,"PARRA, JOEL",6.8,0.7531194295900179,0.1184186081569547,0.7531194295900179
"GIEDRAITIS, DOVYDAS",4.466666666666667,6.452656941849256,134.0,23.0,24.011666666666667,5.8,1.7666666666666666,1.9,4.466666666666667,ZAL,30.0,"GIEDRAITIS, DOVYDAS",6.6,0.6767676767676768,0.134180334316028,0.6767676767676768
"BIRUTIS, LAURYNAS",5.4411764705882355,5.461663507663644,185.0,20.0,13.02156862745098,5.294117647058823,2.735294117647059,0.35294117647058826,5.4411764705882355,ZAL,34.0,"BIRUTIS, LAURYNAS",6.6,0.8244206773618539,0.15475890980921286,0.8244206773618539
"OBST, ANDREAS",6.972222222222222,8.395529800728518,251.0,30.0,23.862962962962964,10.222222222222221,1.8888888888888888,1.4722222222222223,6.972222222222222,MUN,36.0,"OBST, ANDREAS",6.5,1.0726495726495726,0.10643359355024995,1.0726495726495726
"NDIAYE, MBAYE",6.6,8.183607307992519,99.0,25.0,18.176666666666666,6.733333333333333,2.7333333333333334,0.7333333333333333,6.6,ASV,15.0,"NDIAYE, MBAYE",6.5,1.0153846153846153,0.10888967335631797,1.0153846153846153
"CANAAN, ISAIAH",6.6571428571428575,8.242439877005499,233.0,29.0,21.01904761904762,9.971428571428572,1.4857142857142858,1.3142857142857143,6.6571428571428575,RED,35.0,"CANAAN, ISAIAH",6.5,1.0241758241758243,0.10819653828508265,1.0241758241758243
"OSMANI, ERCAN",6.871794871794871,7.395516021209947,268.0,29.0,16.582905982905984,6.487179487179487,2.8974358974358974,1.0,6.871794871794871,IST,39.0,"OSMANI, ERCAN",6.5,1.0571992110453647,0.1191112014405854,1.0571992110453647
"BANGO, JILSON",2.3076923076923075,4.130871889093459,30.0,11.0,5.3820512820512825,2.076923076923077,1.3846153846153846,0.07692307692307693,2.3076923076923075,ULK,13.0,"BANGO, JILSON",6.4,0.360576923076923,0.19489864912154015,0.360576923076923
"HACKETT, DANIEL",2.935483870967742,3.669109645594944,91.0,11.0,15.51774193548387,2.4838709677419355,1.967741935483871,1.7419354838709677,2.935483870967742,VIR,31.0,"HACKETT, DANIEL",6.3,0.4659498207885305,0.214173595375608,0.4659498207885305
"DIOP, KHALIFA",5.636363636363637,6.739891420760156,186.0,21.0,14.022727272727273,3.9696969696969697,3.515151515151515,0.45454545454545453,5.636363636363637,BAS,33.0,"DIOP, KHALIFA",6.3,0.8946608946608947,0.12920077887885761,0.8946608946608947
"ABALDE, ALBERTO",6.641025641025641,5.178331266909403,259.0,23.0,18.87136752136752,5.871794871794871,2.358974358974359,1.6923076923076923,6.641025641025641,MAD,39.0,"ABALDE, ALBERTO",6.1,1.0886927280369905,0.16185600234094144,1.0886927280369905
"DUNSTON, BRYANT",5.411764705882353,5.3264215462553794,184.0,19.0,15.699019607843137,4.088235294117647,3.323529411764706,0.8529411764705882,5.411764705882353,ZAL,34.0,"DUNSTON, BRYANT",6.0,0.9019607843137255,0.1580672411233649,0.9019607843137255
"DIBARTOLOMEO, JOHN",5.0588235294117645,6.835474209217978,172.0,22.0,16.908823529411762,5.0,1.8235294117647058,0.6470588235294118,5.0588235294117645,TEL,34.0,"DIBARTOLOMEO, JOHN",6.0,0.8431372549019608,0.12762469421742956,0.8431372549019608
"TONUT, STEFANO",4.321428571428571,4.33806213288642,121.0,12.0,14.855952380952383,3.107142857142857,1.8571428571428572,1.1071428571428572,4.321428571428571,MIL,28.0,"TONUT, STEFANO",6.0,0.7202380952380952,0.1873339004128968,0.7202380952380952
"BUTKEVICIUS, ARNAS",6.545454545454546,5.226679808270429,216.0,19.0,22.01313131313131,4.454545454545454,3.696969696969697,1.1515151515151516,6.545454545454546,ZAL,33.0,"BUTKEVICIUS, ARNAS",6.0,1.090909090909091,0.16059923278402327,1.090909090909091
"NAKIC, MARIO",1.0909090909090908,2.8436912783528534,24.0,9.0,4.696969696969696,1.1363636363636365,0.5454545454545454,0.13636363636363635,1.0909090909090908,PAR,22.0,"NAKIC, MARIO",5.9,0.18489984591679504,0.2601665762367191,0.18489984591679504
"OUATTARA, YAKUBA",2.5555555555555554,4.00317334441026,92.0,11.0,14.45138888888889,4.361111111111111,1.7222222222222223,0.3055555555555556,2.5555555555555554,PRS,36.0,"OUATTARA, YAKUBA",5.8,0.44061302681992337,0.1998731467334105,0.44061302681992337
"DA SILVA, OSCAR",5.6,5.330728530573158,140.0,18.0,15.460666666666667,4.84,3.08,0.48,5.6,MUN,25.0,"DA SILVA, OSCAR",5.7,0.9824561403508771,0.15795970324279,0.9824561403508771
"LLULL, SERGIO",5.1,5.261373516682815,204.0,15.0,17.098333333333336,6.625,1.4,2.175,5.1,MAD,40.0,"LLULL, SERGIO",5.6,0.9107142857142857,0.15970936685626536,0.9107142857142857
"GIFFEY, NIELS",5.32,5.030904491242107,133.0,14.0,18.192666666666668,6.44,1.84,0.92,5.32,MUN,25.0,"GIFFEY, NIELS",5.6,0.9500000000000001,0.16581260761999614,0.9500000000000001
"HOLLATZ, JUSTUS",0.4,1.2421180068162376,6.0,3.0,4.668888888888889,0.5333333333333333,0.5333333333333333,0.7333333333333333,0.4,IST,15.0,"HOLLATZ, JUSTUS",5.5,0.07272727272727274,0.44600685466149026,0.07272727272727274
"HARRIS, ELIAS",4.0,5.428320796219275,124.0,20.0,8.868817204301076,3.6774193548387095,1.3548387096774193,0.41935483870967744,4.0,MUN,31.0,"HARRIS, ELIAS",5.5,0.7272727272727273,0.15556162047608696,0.7272727272727273
"ANTETOKOUNMPO, KOSTAS",1.4,2.3190036174568114,14.0,6.0,2.7683333333333335,1.0,0.3,0.1,1.4,PAN,10.0,"ANTETOKOUNMPO, KOSTAS",5.5,0.2545454545454545,0.30129524256627677,0.2545454545454545
"TARPEY, TERRY",2.275,3.9025796859421336,91.0,14.0,6.65125,1.275,1.3,0.25,2.275,MCO,40.0,"TARPEY, TERRY",5.4,0.4212962962962963,0.20397424704129596,0.4212962962962963
"LARENTZAKIS, GIANNOULIS",2.103448275862069,4.100042051929004,61.0,13.0,4.1160919540229886,1.5517241379310345,0.7931034482758621,0.7241379310344828,2.103448275862069,OLY,29.0,"LARENTZAKIS, GIANNOULIS",5.3,0.39687703318152245,0.19607681462582588,0.39687703318152245
"YILMAZ, ERKAN",1.7272727272727273,3.3120532860594154,38.0,11.0,2.5674242424242424,0.9545454545454546,0.5909090909090909,0.4090909090909091,1.7272727272727273,IST,22.0,"YILMAZ, ERKAN",5.3,0.3259005145797599,0.23190808036462218,0.3259005145797599
"RAYMAN, WILLIAM",3.272727272727273,4.938830373129396,108.0,16.0,11.39090909090909,2.606060606060606,3.090909090909091,0.15151515151515152,3.272727272727273,TEL,33.0,"RAYMAN, WILLIAM",5.3,0.6174957118353346,0.16838332418527419,0.6174957118353346
"DIOP, OUSMANE",2.9523809523809526,5.054465258325459,62.0,15.0,7.60952380952381,3.0952380952380953,1.6666666666666667,0.42857142857142855,2.9523809523809526,MIL,21.0,"DIOP, OUSMANE",5.2,0.5677655677655677,0.1651673529094755,0.5677655677655677
"AKELE, NICOLA",2.4782608695652173,3.382704206258001,57.0,10.0,7.184057971014494,2.217391304347826,1.1304347826086956,0.043478260869565216,2.4782608695652173,VIR,23.0,"AKELE, NICOLA",5.2,0.47658862876254177,0.22816963065226126,0.47658862876254177
"CAVALIERE, LEOPOLD",3.5,4.379003959312628,133.0,14.0,10.359210526315788,2.6842105263157894,2.5789473684210527,0.39473684210526316,3.5,PRS,38.0,"CAVALIERE, LEOPOLD",5.1,0.6862745098039216,0.18590802452723754,0.6862745098039216
"DOBRIC, OGNJEN",2.2142857142857144,4.8408534819660085,62.0,16.0,10.68392857142857,3.357142857142857,1.0357142857142858,0.42857142857142855,2.2142857142857144,RED,28.0,"DOBRIC, OGNJEN",5.0,0.4428571428571429,0.1712078556819754,0.4428571428571429
"LIGHTY, DAVID",3.212121212121212,4.233479477315141,106.0,12.0,19.44242424242424,4.424242424242424,1.7878787878787878,1.0303030303030303,3.212121212121212,ASV,33.0,"LIGHTY, DAVID",5.0,0.6424242424242423,0.19107746659456015,0.6424242424242423
"SHAHRVIN, ENZO",1.6666666666666667,2.5495097567963922,15.0,7.0,4.87962962962963,0.6666666666666666,1.4444444444444444,0.3333333333333333,1.6666666666666667,PRS,9.0,"SHAHRVIN, ENZO",5.0,0.33333333333333337,0.28172904669025317,0.33333333333333337
"RICCI, GIAMPAOLO",3.1515151515151514,4.644359563769343,104.0,17.0,14.654545454545456,3.4545454545454546,2.393939393939394,0.42424242424242425,3.1515151515151514,MIL,33.0,"RICCI, GIAMPAOLO",5.0,0.6303030303030303,0.1771680185682914,0.6303030303030303
"FLACCADORI, DIEGO",0.52,2.535087112244206,13.0,9.0,4.507333333333333,0.92,0.28,0.56,0.52,MIL,25.0,"FLACCADORI, DIEGO",4.8,0.10833333333333334,0.2828784604872615,0.10833333333333334
"BEGARIN, JUHANN",-0.2,1.4719601443879744,-5.0,4.0,1.7046666666666668,0.24,0.48,0.08,-0.2,MCO,25.0,"BEGARIN, JUHANN",4.5,-0.044444444444444446,0.40453726661826384,-0.044444444444444446
"KRATZER, LEON",0.14285714285714285,2.9150222121545655,4.0,6.0,9.182142857142859,0.6071428571428571,2.2857142857142856,0.17857142857142858,0.14285714285714285,PRS,28.0,"KRATZER, LEON",4.5,0.031746031746031744,0.25542639244686866,0.031746031746031744
"HERRERA, SEBASTIAN",0.96875,3.3743278900660236,31.0,13.0,6.313020833333334,2.125,0.5625,0.28125,0.96875,PRS,32.0,"HERRERA, SEBASTIAN",4.5,0.2152777777777778,0.22860654828161647,0.2152777777777778
"MAHMUTOGLU, MELIH",0.5,1.1677484162422844,6.0,3.0,2.7527777777777778,1.1666666666666667,0.16666666666666666,0.08333333333333333,0.5,ULK,12.0,"MAHMUTOGLU, MELIH",4.5,0.1111111111111111,0.4613081446662822,0.1111111111111111
"LAKIC, ARIJAN",0.9090909090909091,2.5054054117160915,20.0,8.0,5.725757575757576,0.7727272727272727,0.8636363636363636,0.13636363636363635,0.9090909090909091,PAR,22.0,"LAKIC, ARIJAN",4.3,0.21141649048625794,0.28527370804464075,0.21141649048625794
"JACKSON, EDWIN",1.625,5.954994250353155,39.0,21.0,13.775,3.3333333333333335,1.3333333333333333,0.5833333333333334,1.625,ASV,24.0,"JACKSON, EDWIN",4.2,0.38690476190476186,0.14378157105582406,0.38690476190476186
"KALAITZAKIS, PANAGIOTIS",1.0,3.3166247903554003,41.0,13.0,5.741056910569106,1.3902439024390243,0.5853658536585366,0.2926829268292683,1.0,PAN,41.0,"KALAITZAKIS, PANAGIOTIS",4.1,0.24390243902439027,0.23166247903554,0.24390243902439027
"BOSNJAKOVIC, MITAR",0.5,3.13581462037113,5.0,9.0,3.5766666666666667,1.0,0.4,0.3,0.5,PAR,10.0,"BOSNJAKOVIC, MITAR",4.0,0.125,0.24179033438163733,0.125
"EKSIOGLU, MERT",0.0,0.0,0.0,0.0,1.6194444444444445,0.0,0.0,0.0,0.0,ULK,6.0,"EKSIOGLU, MERT",4.0,0.0,1.0,0.0
"SAMODUROV, ALEXANDROS",0.6666666666666666,1.970801352499661,16.0,8.0,1.0673611111111112,0.4583333333333333,0.2916666666666667,0.041666666666666664,0.6666666666666666,PAN,24.0,"SAMODUROV, ALEXANDROS",4.0,0.16666666666666666,0.3366095141832995,0.16666666666666666
