Player,Team,Season,Phase,fantasy_points,fp_last_3,fp_last_5,fp_last_10,fp_std_3,fp_std_5,minutes_last_3,minutes_last_5,form_trend,hot_streak,team_offensive_rating,games_played,Minutes,Points,Valuation,fantasy_points_mean,fantasy_points_std,fantasy_points_max,Minutes_mean,games_played_max,player.name,price
"WILBEKIN, SCOTTIE",ULK,2024,RS,0,0.0,0.0,0.0,0.0,0.0,2.0833333333333335,2.0833333333333335,0.0,0.0,7.122287968441815,1,2.0833333333333335,0,0,0.0,,0,2.0833333333333335,1,"WILBEKIN, SCOTTIE",9.7
"LAPROVITTOLA, NICOLAS",BAR,2024,RS,12,11.0,13.25,13.25,4.58257569495584,5.852349955359813,21.538888888888888,22.025,-2.25,1.0,7.642292490118577,4,29.833333333333332,9,12,13.25,5.852349955359813,20,22.025,4,"LAPROVITTOLA, NICOLAS",11.3
"GRIGONIS, MARIUS",PAN,2024,RS,0,3.0,2.2,2.2,5.196152422706632,3.8340579025361627,6.044444444444444,9.166666666666666,0.7999999999999998,1.0,7.952830188679245,5,0.0,0,0,2.2,3.8340579025361627,9,9.166666666666666,5,"GRIGONIS, MARIUS",8.2
"MADAR, YAM",MUN,2024,RS,5,1.6666666666666667,1.4,2.3,2.88675134594813,2.1908902300206643,5.7444444444444445,4.880000000000001,-0.6333333333333331,1.0,7.219827586206897,10,17.233333333333334,6,5,2.3,4.3982319680121975,14,5.970000000000001,10,"MADAR, YAM",9.6
"NDIAYE, MBAYE",ASV,2024,RS,-1,10.333333333333334,10.0,9.3,13.316656236958785,11.180339887498949,22.688888888888886,21.913333333333334,3.7333333333333343,2.0,6.7379310344827585,15,12.533333333333333,0,-1,6.6,8.183607307992519,25,18.176666666666666,15,"NDIAYE, MBAYE",6.5
"NEBO, JOSH",MIL,2024,RS,13,11.333333333333334,10.5,10.5,4.725815626252608,4.203173404306164,18.311111111111114,19.333333333333332,0.8333333333333339,2.0,7.4104308390022675,4,16.55,11,13,10.5,4.203173404306164,15,19.333333333333332,4,"NEBO, JOSH",12.0
"PLAVSIC, UROS",RED,2024,RS,0,0.6666666666666666,1.4,4.1,1.1547005383792388,1.3416407864998734,5.505555555555554,5.503333333333333,-3.0,0.0,7.039560439560439,12,0.0,0,0,3.6666666666666665,6.582805886043833,23,9.525,12,"PLAVSIC, UROS",7.7
"EKSIOGLU, MERT",ULK,2024,RS,0,0.0,0.0,0.0,0.0,0.0,0.41111111111111115,0.9933333333333334,0.0,0.0,7.122287968441815,6,0.0,0,0,0.0,0.0,0,1.6194444444444445,6,"EKSIOGLU, MERT",4.0
"HOLLATZ, JUSTUS",IST,2024,RS,0,-0.3333333333333333,-0.2,0.6,0.5773502691896252,0.4472135954999577,1.8666666666666665,1.1200000000000006,-0.7333333333333334,0.0,7.658777120315582,15,0.0,0,0,0.4,1.2421180068162376,3,4.668888888888889,15,"HOLLATZ, JUSTUS",5.5
"SHAHRVIN, ENZO",PRS,2024,RS,3,1.0,0.6,1.6666666666666667,1.9999999999999998,1.5165750888103104,5.772222222222222,3.4633333333333334,-0.6666666666666667,1.0,6.944558521560575,9,2.6666666666666665,2,3,1.6666666666666667,2.5495097567963922,7,4.87962962962963,9,"SHAHRVIN, ENZO",5.0
"BOSNJAKOVIC, MITAR",PAR,2024,RS,0,-0.3333333333333333,-0.2,0.5,0.5773502691896258,0.4472135954999582,1.538888888888889,1.3233333333333335,-0.8333333333333333,0.0,7.045558086560365,10,0.0,0,0,0.5,3.13581462037113,9,3.5766666666666667,10,"BOSNJAKOVIC, MITAR",4.0
"ANTETOKOUNMPO, KOSTAS",PAN,2024,RS,0,0.0,0.8,1.4,0.0,1.7888543819998317,1.4611111111111112,3.193333333333334,-1.4,0.0,7.952830188679245,10,4.383333333333334,0,0,1.4,2.3190036174568114,6,2.7683333333333335,10,"ANTETOKOUNMPO, KOSTAS",5.5
"WALKER IV, LONNIE",ZAL,2024,RS,25,12.666666666666666,11.8,9.3,10.692676621563624,7.854934754662195,20.32777777777778,23.31,1.4035087719298236,1.0,6.129251700680272,19,27.166666666666668,22,25,11.263157894736842,9.176310716326748,25,22.292105263157897,19,"WALKER IV, LONNIE",14.0
"NUNEZ, JUAN",BAR,2024,RS,0,8.333333333333334,9.6,7.3,8.020806277010646,7.092249290598858,15.961111111111114,17.10333333333333,0.9733333333333336,2.0,7.642292490118577,25,11.75,0,0,7.36,5.772636601530823,21,15.576666666666668,25,"NUNEZ, JUAN",7.2
"DA SILVA, OSCAR",MUN,2024,RS,0,3.6666666666666665,5.2,3.2,4.041451884327381,3.9623225512317903,13.072222222222223,16.976666666666667,-1.9333333333333331,1.0,7.219827586206897,25,2.3166666666666664,0,0,5.6,5.330728530573158,18,15.460666666666667,25,"DA SILVA, OSCAR",5.7
"RIVERO, JASIEL",TEL,2024,RS,19,10.666666666666666,12.6,9.6,9.71253485622231,8.324662155306966,24.650000000000002,24.223333333333333,-1.6833333333333336,2.0,7.459770114942529,20,30.316666666666666,15,19,12.35,6.799961300199475,24,21.968333333333334,20,"RIVERO, JASIEL",10.1
"BALDWIN, KAMAR",BAS,2024,RS,5,4.333333333333333,6.2,7.7,0.5773502691896382,5.585696017507578,17.61111111111111,19.57333333333333,-2.1066666666666674,0.0,7.140589569160998,25,16.816666666666666,4,5,6.44,5.94474557908074,19,21.412,25,"BALDWIN, KAMAR",7.1
"BOLOMBOY, JOEL",RED,2024,RS,6,17.666666666666668,17.4,16.3,11.06044001535804,7.861297602813417,26.494444444444444,24.46,1.1111111111111107,2.0,7.039560439560439,18,18.866666666666667,4,6,16.555555555555557,6.844682111143977,28,24.270370370370372,18,"BOLOMBOY, JOEL",12.5
"HOMMES, DAULTON",PRS,2024,RS,2,4.0,4.8,3.5,1.7320508075688783,5.215361924162119,15.683333333333332,13.05,0.5,2.0,6.944558521560575,6,15.183333333333334,6,2,3.5,5.648008498577175,13,12.116666666666667,6,"HOMMES, DAULTON",7.1
"BEGARIN, JUHANN",MCO,2024,RS,0,0.0,0.2,0.0,0.0,0.447213595499956,0.0,0.9333333333333332,0.2,3.0,7.5150943396226415,25,0.0,0,0,-0.2,1.4719601443879744,4,1.7046666666666668,25,"BEGARIN, JUHANN",4.5
"SPAGNOLO, MATTEO",BER,2024,RS,-5,0.0,2.0,5.1,4.358898943540678,5.4313902456001095,13.677777777777779,14.053333333333333,-8.535714285714286,0.0,6.235565819861431,28,11.4,2,-5,8.535714285714286,7.416109306683475,23,19.99761904761905,28,"SPAGNOLO, MATTEO",8.0
"JONES, TYRIQUE",PAR,2024,RS,19,11.333333333333334,11.0,12.9,8.020806277010639,5.700877125495691,14.200000000000001,16.61,-4.666666666666666,1.0,7.045558086560365,32,17.133333333333333,8,19,16.0,8.576035628236056,32,22.633854166666666,32,"JONES, TYRIQUE",14.5
"BOLMARO, LEANDRO",MIL,2024,RS,9,1.0,4.0,6.4,6.9999999999999964,6.519202405202649,17.07777777777778,19.12333333333333,-7.5,1.0,7.4104308390022675,26,17.433333333333334,6,9,8.5,6.766091929614909,22,21.541025641025637,26,"BOLMARO, LEANDRO",8.5
"JACKSON, EDWIN",ASV,2024,RS,0,0.6666666666666666,1.0,0.1,0.5773502691896025,3.2403703492039324,14.172222222222222,13.65,-0.9583333333333334,0.0,6.7379310344827585,24,20.5,4,0,1.625,5.954994250353155,21,13.775,24,"JACKSON, EDWIN",4.2
"BEAUBOIS, RODRIGUE",IST,2024,RS,13,7.666666666666667,11.4,7.0,9.237604307034013,9.6591925128346,19.55,20.470000000000002,-0.45454545454545414,2.0,7.658777120315582,33,16.8,10,13,8.121212121212121,6.886388638818498,24,18.870202020202022,33,"BEAUBOIS, RODRIGUE",7.6
"SMAILAGIC, ALEN",ZAL,2024,RS,16,12.0,8.8,8.2,4.000000000000008,5.9329587896765315,22.05,20.5,4.206896551724138,3.0,6.129251700680272,29,22.5,14,16,7.793103448275862,6.061466762289869,25,15.004597701149425,29,"SMAILAGIC, ALEN",9.0
"SHIELDS, SHAVON",MIL,2024,RS,11,17.0,16.6,15.9,5.196152422706631,5.639148871948674,25.2,26.483333333333338,3.7142857142857135,2.0,7.4104308390022675,28,16.316666666666666,8,11,13.285714285714286,7.080788525126713,29,27.55535714285714,28,"SHIELDS, SHAVON",13.8
"BUTKEVICIUS, ARNAS",ZAL,2024,RS,1,4.666666666666667,5.2,5.0,4.725815626252605,4.024922359499622,21.772222222222222,20.229999999999997,-1.878787878787879,1.0,6.129251700680272,33,29.45,3,1,6.545454545454546,5.226679808270429,19,22.01313131313131,33,"BUTKEVICIUS, ARNAS",6.0
"NAKIC, MARIO",PAR,2024,RS,5,1.6666666666666667,1.0,0.5,2.8867513459481287,2.2360679774997907,3.1444444444444444,1.8866666666666667,0.5757575757575759,1.0,7.045558086560365,22,9.433333333333334,4,5,1.0909090909090908,2.8436912783528534,9,4.696969696969696,22,"NAKIC, MARIO",5.9
"TONUT, STEFANO",MIL,2024,RS,6,8.666666666666666,8.4,6.9,2.516611478423583,2.7928480087537895,25.20555555555556,18.869999999999997,4.345238095238095,3.0,7.4104308390022675,28,26.833333333333332,0,6,4.321428571428571,4.33806213288642,12,14.855952380952383,28,"TONUT, STEFANO",6.0
"AKELE, NICOLA",VIR,2024,RS,2,6.333333333333333,5.6,4.5,3.785938897200183,3.3615472627943235,12.511111111111111,11.433333333333334,3.8550724637681157,2.0,6.748858447488584,23,8.033333333333333,0,2,2.4782608695652173,3.382704206258001,10,7.184057971014494,23,"AKELE, NICOLA",5.2
"SORKIN, ROMAN",TEL,2024,RS,14,17.0,15.2,15.9,8.88819441731559,7.79102047231298,28.744444444444444,27.926666666666666,5.0606060606060606,2.0,7.459770114942529,33,21.6,16,14,11.93939393939394,7.035354441761418,27,23.36060606060606,33,"SORKIN, ROMAN",10.2
"SIRVYDIS, DEIVIDAS",ZAL,2024,RS,7,6.0,7.6,6.2,3.6055512754639887,3.6469165057620954,17.61111111111111,17.55,-1.0,1.0,6.129251700680272,34,19.833333333333332,10,7,7.0,6.0603030227268935,21,16.54264705882353,34,"SIRVYDIS, DEIVIDAS",7.8
"SHENGELIA, TORNIKE",VIR,2024,RS,12,19.333333333333332,15.8,19.7,8.082903768654763,8.438009243891596,23.833333333333332,23.81666666666667,1.8333333333333321,2.0,6.748858447488584,28,28.433333333333334,17,12,17.5,8.850612031567836,39,27.45595238095238,28,"SHENGELIA, TORNIKE",15.5
"SEDEKERSKIS, TADAS",BAS,2024,RS,6,12.666666666666666,13.0,9.1,6.506407098647709,5.244044240850758,23.24444444444444,23.42666666666667,2.0,2.0,7.140589569160998,27,24.45,5,6,10.666666666666666,7.168306312136458,23,22.603086419753087,27,"SEDEKERSKIS, TADAS",10.7
"BIRUTIS, LAURYNAS",ZAL,2024,RS,10,14.666666666666666,8.4,7.0,5.033222956847168,9.528903399657278,21.005555555555556,16.57,9.22549019607843,3.0,6.129251700680272,34,19.1,10,10,5.4411764705882355,5.461663507663644,20,13.02156862745098,34,"BIRUTIS, LAURYNAS",6.6
"DUNSTON, BRYANT",ZAL,2024,RS,6,3.6666666666666665,4.6,7.3,4.041451884327393,3.4351128074635358,12.744444444444442,16.006666666666668,-1.7450980392156867,2.0,6.129251700680272,34,20.616666666666667,4,6,5.411764705882353,5.3264215462553794,19,15.699019607843137,34,"DUNSTON, BRYANT",6.0
"MONEKE, CHIMA",BAS,2024,RS,15,19.0,13.4,16.8,3.605551275464013,9.476286192385704,20.416666666666668,21.009999999999998,0.3939393939393945,2.0,7.140589569160998,33,16.0,9,15,18.606060606060606,9.499800635866634,34,28.203535353535354,33,"MONEKE, CHIMA",15.3
"CORDINIER, ISAIA",VIR,2024,RS,10,8.333333333333334,6.8,9.7,3.785938897200168,3.5637059362410883,23.277777777777775,22.160000000000004,-5.225490196078431,0.0,6.748858447488584,34,25.366666666666667,11,10,13.558823529411764,8.88031932428377,38,26.915686274509802,34,"CORDINIER, ISAIA",10.8
"LEDAY, ZACH",MIL,2024,RS,31,19.666666666666668,19.2,18.8,10.016652800877813,7.120393247567159,26.655555555555555,26.753333333333337,0.22549019607843235,1.0,7.4104308390022675,34,28.7,32,31,19.441176470588236,9.22181595365392,39,27.644117647058824,34,"LEDAY, ZACH",15.2
"LIGHTY, DAVID",ASV,2024,RS,3,4.0,5.0,2.4,7.549834435270748,5.612486080160911,21.46666666666667,21.23,0.7878787878787881,1.0,6.7379310344827585,33,24.183333333333334,6,3,3.212121212121212,4.233479477315141,12,19.44242424242424,33,"LIGHTY, DAVID",5.0
"SAKO, NEAL",ASV,2024,RS,29,17.333333333333332,13.4,14.1,10.408329997330663,9.6591925128346,28.277777777777775,25.616666666666664,5.274509803921568,2.0,6.7379310344827585,34,33.2,20,29,12.058823529411764,8.707158937092697,30,21.328921568627454,34,"SAKO, NEAL",10.3
"LAKIC, ARIJAN",PAR,2024,RS,2,0.6666666666666666,0.4,0.7,1.154700538379257,0.894427190999917,5.116666666666666,4.4399999999999995,-0.24242424242424243,1.0,7.045558086560365,22,15.35,0,2,0.9090909090909091,2.5054054117160915,8,5.725757575757576,22,"LAKIC, ARIJAN",4.3
"CLARK III, JIMMY",TEL,2024,RS,10,10.666666666666666,9.8,8.875,4.041451884327381,5.540758070878027,16.900000000000002,18.436666666666667,1.791666666666666,2.0,7.459770114942529,8,14.933333333333334,11,10,8.875,7.199950396654529,15,18.966666666666665,8,"CLARK III, JIMMY",9.3
"MORGAN, MATTHEW",VIR,2024,RS,-3,9.666666666666666,5.4,5.3,11.372481406154657,9.939818911831342,19.75,18.556666666666665,2.049019607843137,2.0,6.748858447488584,34,20.466666666666665,5,-3,7.617647058823529,7.058262752531883,21,18.65686274509804,34,"MORGAN, MATTHEW",8.2
"DIOUF, MOUHAMET",VIR,2024,RS,13,7.0,8.4,6.9,5.1961524227066285,5.683308895353127,16.13888888888889,18.43,-0.903225806451613,1.0,6.748858447488584,31,15.15,6,13,7.903225806451613,5.081698132905819,22,15.853225806451613,31,"DIOUF, MOUHAMET",7.3
"DIOP, OUSMANE",MIL,2024,RS,15,5.0,2.8,2.0,9.16515138991168,7.224956747275377,10.055555555555555,7.356666666666667,2.0476190476190474,2.0,7.4104308390022675,21,14.383333333333333,11,15,2.9523809523809526,5.054465258325459,15,7.60952380952381,21,"DIOP, OUSMANE",5.2
"JONES, CARLIK",PAR,2024,RS,16,19.333333333333332,17.8,17.7,4.163331998932269,6.418722614352483,31.372222222222224,28.29,2.0392156862745097,2.0,7.045558086560365,34,27.25,15,16,17.294117647058822,9.130466521204196,37,26.96421568627451,34,"JONES, CARLIK",14.9
"JOKUBAITIS, ROKAS",TEL,2024,RS,18,18.0,16.6,12.4,6.000000000000004,8.173126696681022,21.644444444444442,22.653333333333332,3.466666666666667,2.0,7.459770114942529,30,19.833333333333332,16,18,14.533333333333333,8.278486174013539,31,22.833333333333332,30,"JOKUBAITIS, ROKAS",12.6
"CLYBURN, WILL",VIR,2024,RS,13,16.0,14.6,16.5,3.60555127546398,3.646916505762096,21.78333333333333,23.746666666666663,0.625,1.0,6.748858447488584,24,23.483333333333334,15,13,15.375,8.92389318432361,38,27.430555555555557,24,"CLYBURN, WILL",13.0
"BLATT, TAMIR",TEL,2024,RS,7,8.0,4.2,8.8,3.6055512754639856,6.05805249234439,24.17222222222222,22.386666666666667,-3.6538461538461533,1.0,7.459770114942529,26,25.066666666666666,6,7,11.653846153846153,9.645485193362989,36,24.183333333333334,26,"BLATT, TAMIR",8.2
"DIOP, KHALIFA",BAS,2024,RS,3,8.333333333333334,8.4,6.7,5.033222956847162,4.335896677735757,9.777777777777777,12.543333333333333,2.6969696969696972,2.0,7.140589569160998,33,9.233333333333333,8,3,5.636363636363637,6.739891420760156,21,14.022727272727273,33,"DIOP, KHALIFA",6.3
"FORREST, TRENT",BAS,2024,RS,10,18.0,18.8,15.6,6.999999999999994,5.495452665613634,22.777777777777775,24.703333333333333,6.352941176470589,2.0,7.140589569160998,34,18.95,7,10,11.647058823529411,7.239966318945498,23,24.780882352941177,34,"FORREST, TRENT",9.9
"FLACCADORI, DIEGO",MIL,2024,RS,6,0.0,0.0,0.1,5.567764362830022,3.9370039370059056,15.333333333333334,9.2,-0.52,1.0,7.4104308390022675,25,22.616666666666667,6,6,0.52,2.535087112244206,9,4.507333333333333,25,"FLACCADORI, DIEGO",4.8
"DIBARTOLOMEO, JOHN",TEL,2024,RS,10,11.666666666666666,11.2,9.1,1.527525231651916,2.7748873851023244,21.694444444444443,18.586666666666666,6.607843137254902,3.0,7.459770114942529,34,18.966666666666665,9,10,5.0588235294117645,6.835474209217978,22,16.908823529411762,34,"DIBARTOLOMEO, JOHN",6.0
"MARINKOVIC, VANJA",PAR,2024,RS,6,4.333333333333333,3.2,4.7,1.527525231651948,3.114482300479487,29.133333333333336,27.043333333333333,-0.9047619047619051,1.0,7.045558086560365,21,36.4,9,6,5.238095238095238,5.038896326625126,14,22.91031746031746,21,"MARINKOVIC, VANJA",7.4
"SAMANIC, LUKA",BAS,2024,RS,21,12.0,10.4,8.3,7.810249675906657,8.706319543871565,16.72222222222222,15.16,3.4000000000000004,1.0,7.140589569160998,15,22.833333333333332,17,21,8.6,7.21902249021886,21,15.204444444444444,15,"SAMANIC, LUKA",10.0
"PAJOLA, ALESSANDRO",VIR,2024,RS,3,10.333333333333334,9.2,7.4,11.846237095944574,8.5848704125339,18.522222222222222,21.91,3.166666666666667,1.0,6.748858447488584,30,15.266666666666667,0,3,7.166666666666667,6.633682772520615,24,23.615555555555556,30,"PAJOLA, ALESSANDRO",7.3
"BROWN, STERLING",PAR,2024,RS,9,7.666666666666667,7.2,10.7,7.094598884597601,7.3280283842245035,30.16666666666667,27.96666666666666,-3.803921568627451,1.0,7.045558086560365,34,24.416666666666668,9,9,11.470588235294118,9.567100488899753,32,25.762254901960784,34,"BROWN, STERLING",10.4
"BROOKS, ARMONI",MIL,2024,RS,20,5.0,6.6,6.0,13.0,9.476286192385706,13.694444444444443,12.75,-0.9393939393939394,1.0,7.4104308390022675,33,24.333333333333332,18,20,5.9393939393939394,6.097844875135159,20,14.557070707070707,33,"BROOKS, ARMONI",7.5
"MANNION, NICCOLO",MIL,2024,RS,12,8.666666666666666,9.0,8.9,8.504900548115382,6.123724356957946,23.71111111111111,25.193333333333335,0.8518518518518512,2.0,7.4104308390022675,27,17.483333333333334,8,12,7.814814814814815,7.51939562340688,27,22.02469135802469,27,"MANNION, NICCOLO",7.7
"FRANCISCO, SYLVAIN",ZAL,2024,RS,7,16.0,15.4,17.1,9.539392014169458,6.8044103344816,27.594444444444445,29.26666666666667,0.47058823529411775,1.0,6.129251700680272,34,29.55,12,7,15.529411764705882,9.022649258587732,36,25.491176470588236,34,"FRANCISCO, SYLVAIN",14.1
"DE COLO, NANDO",ASV,2024,RS,11,14.333333333333334,12.2,14.3,3.5118845842842465,8.67179335547152,19.083333333333332,18.683333333333334,1.6363636363636367,2.0,6.7379310344827585,33,19.833333333333332,7,11,12.696969696969697,8.087354513702428,29,19.96919191919192,33,"DE COLO, NANDO",12.4
"MIROTIC, NIKOLA",MIL,2024,RS,40,26.333333333333332,20.0,20.2,17.214335111567145,15.149257407543116,25.42222222222222,24.529999999999998,4.366666666666667,2.0,7.4104308390022675,30,24.25,23,40,21.966666666666665,8.479115655470833,40,27.487222222222222,30,"MIROTIC, NIKOLA",15.5
"MALEDON, THEO",ASV,2024,RS,10,14.666666666666666,21.4,16.6,5.033222956847157,10.188228501560028,26.649999999999995,28.0,-5.909090909090908,0.0,6.7379310344827585,33,29.55,18,10,20.575757575757574,10.195067137561868,37,27.593434343434346,33,"MALEDON, THEO",13.3
"WASHINGTON, DUANE",PAR,2024,RS,0,-0.3333333333333333,-0.6,2.2,1.527525231651877,1.3416407864998785,4.794444444444445,6.876666666666668,-4.833333333333333,0.0,7.045558086560365,24,0.0,0,0,4.5,7.695283705254005,27,11.521527777777777,24,"WASHINGTON, DUANE",8.5
"BRAZDEIKIS, IGNAS",ZAL,2024,RS,10,10.0,12.2,11.8,4.000000000000008,4.147288270665544,29.455555555555552,28.959999999999997,2.935483870967742,2.0,6.129251700680272,31,28.133333333333333,11,10,7.064516129032258,6.791835706056538,22,16.516129032258064,31,"BRAZDEIKIS, IGNAS",8.3
"MAHMUTOGLU, MELIH",ULK,2024,RS,0,0.6666666666666666,0.2,0.3,1.1547005383792517,1.0954451150103324,0.7111111111111111,1.7166666666666668,0.16666666666666663,1.0,7.122287968441815,12,0.0,0,0,0.5,1.1677484162422844,3,2.7527777777777778,12,"MAHMUTOGLU, MELIH",4.5
"LUNDBERG, IFFE",PAR,2024,RS,0,-2.3333333333333335,-0.8,2.8,2.081665999466101,3.563705936241089,9.972222222222223,11.753333333333334,-9.407407407407408,0.0,7.045558086560365,27,0.0,0,0,7.074074074074074,8.061904365241626,24,23.98950617283951,27,"LUNDBERG, IFFE",7.5
"MIKE, ISIAHA",PAR,2024,RS,-2,1.3333333333333333,1.6,3.2,4.163331998932262,5.176871642217913,13.283333333333333,13.976666666666665,-1.8045977011494252,1.0,7.045558086560365,29,2.1333333333333333,0,-2,3.1379310344827585,6.016193254940218,19,12.180459770114943,29,"MIKE, ISIAHA",7.3
"GIEDRAITIS, DOVYDAS",ZAL,2024,RS,1,3.6666666666666665,1.4,1.4,3.785938897200183,4.159326868617085,18.62222222222222,19.62333333333333,-0.8000000000000003,1.0,6.129251700680272,30,17.816666666666666,2,1,4.466666666666667,6.452656941849256,23,24.011666666666667,30,"GIEDRAITIS, DOVYDAS",6.6
"DORSEY, TYLER",OLY,2024,RS,-5,-1.6666666666666667,-0.6,-0.2,2.886751345948133,3.286335345030999,5.277777777777778,6.073333333333333,-2.966666666666667,0.0,7.796905222437137,30,15.833333333333334,2,-5,1.3,4.4267992640437095,16,6.7461111111111105,30,"DORSEY, TYLER",8.4
"PROCIDA, GABRIELE",BER,2024,RS,1,1.6666666666666667,6.0,5.7,6.027713773341697,7.713624310270752,12.105555555555554,16.826666666666664,-5.777777777777778,1.0,6.235565819861431,27,5.066666666666666,0,1,7.444444444444445,9.560871111476004,34,19.752469135802468,27,"PROCIDA, GABRIELE",7.5
"HACKETT, DANIEL",VIR,2024,RS,0,5.0,2.4,4.1,4.582575694955842,4.827007354458868,16.016666666666666,15.836666666666668,2.064516129032258,2.0,6.748858447488584,31,15.416666666666666,0,0,2.935483870967742,3.669109645594944,11,15.51774193548387,31,"HACKETT, DANIEL",6.3
"HOWARD, MARKUS",BAS,2024,RS,4,6.333333333333333,12.8,9.4,12.662279942148386,12.833549781724468,19.433333333333334,21.89666666666667,0.17708333333333304,1.0,7.140589569160998,32,15.083333333333334,8,4,6.15625,9.037946437463082,26,22.3390625,32,"HOWARD, MARKUS",9.6
"HALL, DONTA",BAS,2024,RS,9,11.0,12.2,13.8,2.6457513110645925,7.496665925596526,19.944444444444446,18.880000000000003,-3.3529411764705888,0.0,7.140589569160998,34,18.266666666666666,10,9,14.352941176470589,6.494204189663349,25,21.501470588235293,34,"HALL, DONTA",12.8
"HOARD, JAYLEN",TEL,2024,RS,5,1.6666666666666667,5.0,12.1,2.886751345948124,8.660254037844387,7.05,10.61,-13.925925925925927,0.0,7.459770114942529,27,21.15,8,5,15.592592592592593,8.784861363379001,34,27.235802469135802,27,"HOARD, JAYLEN",14.3
"RAYMAN, WILLIAM",TEL,2024,RS,4,2.0,2.6,4.0,2.645751311064594,3.209361307176242,13.12222222222222,12.860000000000003,-1.272727272727273,1.0,7.459770114942529,33,13.333333333333334,1,4,3.272727272727273,4.938830373129396,16,11.39090909090909,33,"RAYMAN, WILLIAM",5.3
"ULANOVAS, EDGARAS",ZAL,2024,RS,12,6.333333333333333,7.0,8.1,5.131601439446884,4.3011626335213125,20.127777777777776,23.043333333333333,-1.8431372549019605,1.0,6.129251700680272,34,24.583333333333332,12,12,8.176470588235293,5.446547909958414,20,22.367156862745098,34,"ULANOVAS, EDGARAS",8.5
"RICCI, GIAMPAOLO",MIL,2024,RS,7,8.666666666666666,5.4,4.3,7.637626158259734,7.092249290598857,20.727777777777778,17.363333333333333,5.515151515151515,2.0,7.4104308390022675,33,23.55,7,7,3.1515151515151514,4.644359563769343,17,14.654545454545456,33,"RICCI, GIAMPAOLO",5.0
"MILLER-MCINTYRE, CODI",RED,2024,PI,23,18.666666666666668,17.2,11.1,4.509249752822893,4.024922359499617,36.33888888888888,30.74333333333333,8.695238095238096,3.0,7.039560439560439,35,40.4,13,23,9.971428571428572,7.563401484570729,23,25.374285714285715,35,"MILLER-MCINTYRE, CODI",10.5
"DOBRIC, OGNJEN",RED,2024,PI,-1,-1.6666666666666667,-0.8,1.0,3.0550504633038997,2.683281572999747,9.977777777777778,9.346666666666666,-3.8809523809523814,0.0,7.039560439560439,28,2.15,0,-1,2.2142857142857144,4.8408534819660085,16,10.68392857142857,28,"DOBRIC, OGNJEN",5.0
"EDWARDS, CARSEN",MUN,2024,PI,10,21.666666666666668,21.6,19.9,11.060440015358035,7.829431652425356,30.349999999999998,29.916666666666664,4.923809523809524,2.0,7.219827586206897,35,34.8,17,10,16.742857142857144,10.059654002770781,34,28.825238095238095,35,"EDWARDS, CARSEN",14.1
"KALINIC, NIKOLA",RED,2024,PI,24,19.0,16.6,14.8,5.567764362830025,5.176871642217914,33.544444444444444,30.21333333333333,7.371428571428572,3.0,7.039560439560439,35,36.983333333333334,20,24,11.628571428571428,6.375900002378969,24,27.185714285714287,35,"KALINIC, NIKOLA",9.9
"CANAAN, ISAIAH",RED,2024,PI,3,3.3333333333333335,4.6,5.6,10.50396750439249,7.700649323271379,21.011111111111113,19.056666666666665,-3.323809523809524,1.0,7.039560439560439,35,24.683333333333334,6,3,6.6571428571428575,8.242439877005499,29,21.01904761904762,35,"CANAAN, ISAIAH",6.5
"NEDOVIC, NEMANJA",RED,2024,PI,8,12.333333333333334,10.0,10.2,14.011899704655805,10.88577052853862,20.649999999999995,19.783333333333335,4.0,1.0,7.039560439560439,27,26.3,13,8,8.333333333333334,7.615773105863908,28,18.57469135802469,27,"NEDOVIC, NEMANJA",8.3
"OBST, ANDREAS",MUN,2024,PI,6,-1.0,1.8,3.3,6.082762530298214,7.155417527999326,18.794444444444448,19.593333333333334,-7.972222222222222,0.0,7.219827586206897,36,26.733333333333334,12,6,6.972222222222222,8.395529800728518,30,23.862962962962964,36,"OBST, ANDREAS",6.5
"WEILER-BABB, NICK",MUN,2024,PI,2,8.666666666666666,8.0,10.9,12.423096769056151,8.83176086632785,24.37222222222222,26.306666666666665,-4.186274509803923,1.0,7.219827586206897,34,19.716666666666665,3,2,12.852941176470589,8.560417551913083,34,26.347549019607843,34,"WEILER-BABB, NICK",10.4
"BOOKER, DEVIN",MUN,2024,PI,3,16.0,12.6,13.7,11.532562594670797,9.44986772394196,30.88333333333334,27.46,-0.2142857142857153,2.0,7.219827586206897,28,27.733333333333334,10,3,16.214285714285715,7.641781559088522,34,26.258333333333333,28,"BOOKER, DEVIN",12.5
"HARRIS, ELIAS",MUN,2024,PI,1,4.0,5.2,6.7,2.645751311064598,3.271085446759225,9.055555555555555,12.393333333333334,0.0,2.0,7.219827586206897,31,12.616666666666667,2,1,4.0,5.428320796219275,20,8.868817204301076,31,"HARRIS, ELIAS",5.5
"VOIGTMANN, JOHANNES",MUN,2024,PI,8,1.6666666666666667,2.0,8.9,6.50640709864771,4.636809247747856,17.144444444444446,19.490000000000002,-7.499999999999999,0.0,7.219827586206897,36,24.5,5,8,9.166666666666666,6.90962062220909,25,23.643055555555556,36,"VOIGTMANN, JOHANNES",9.2
"GIFFEY, NIELS",MUN,2024,PI,4,8.333333333333334,6.6,4.9,4.509249752822892,4.03732584763727,22.777777777777775,21.946666666666665,3.0133333333333336,2.0,7.219827586206897,25,20.266666666666666,5,4,5.32,5.030904491242107,14,18.192666666666668,25,"GIFFEY, NIELS",5.6
"BITIM, ONURALP",MUN,2024,PI,0,0.0,0.0,0.0,0.0,0.0,1.038888888888889,0.6233333333333333,-0.4230769230769231,0.0,7.219827586206897,26,0.0,0,0,0.4230769230769231,2.7301732827507763,12,3.9365384615384613,26,"BITIM, ONURALP",7.0
"VESELY, JAN",BAR,2024,PO,-3,8.0,8.6,7.8,9.539392014169461,7.231873892705821,13.505555555555555,14.833333333333332,-3.625,2.0,7.642292490118577,24,9.783333333333333,2,-3,11.625,7.856387597805783,28,21.17361111111111,24,"VESELY, JAN",11.1
"JANTUNEN, MIKAEL",PRS,2024,PO,4,7.666666666666667,10.8,13.1,4.041451884327382,5.7183913821983205,28.566666666666666,27.80333333333333,-1.833333333333333,1.0,6.944558521560575,38,31.9,0,4,9.5,6.433653075189235,21,25.513157894736842,38,"JANTUNEN, MIKAEL",9.0
"SHORTS, TJ",PRS,2024,PO,16,18.0,18.8,22.6,2.6457513110646036,5.403702434442519,28.51111111111111,28.0,-4.756756756756758,0.0,6.944558521560575,37,32.2,29,16,22.756756756756758,8.203676023606754,41,27.329279279279277,37,"SHORTS, TJ",14.3
"HAYES, KEVARRIUS",PRS,2024,PO,17,12.666666666666666,11.2,7.7,5.13160143944688,5.932958789676532,22.688888888888886,21.29,3.692982456140351,2.0,6.944558521560575,38,23.9,8,17,8.973684210526315,5.430080593226323,21,20.226754385964913,38,"HAYES, KEVARRIUS",7.3
"HERRERA, SEBASTIAN",PRS,2024,PO,3,-0.3333333333333333,0.6,3.3,3.0550504633038904,2.8809720581775866,11.661111111111111,12.863333333333333,-1.3020833333333333,1.0,6.944558521560575,32,9.1,6,3,0.96875,3.3743278900660236,13,6.313020833333334,32,"HERRERA, SEBASTIAN",4.5
"CAVALIERE, LEOPOLD",PRS,2024,PO,10,3.3333333333333335,2.6,4.2,5.773502691896258,4.335896677735759,6.777777777777781,7.003333333333333,-0.16666666666666652,1.0,6.944558521560575,38,8.45,4,10,3.5,4.379003959312628,14,10.359210526315788,38,"CAVALIERE, LEOPOLD",5.1
"WARD, TYSON",PRS,2024,PO,7,12.666666666666666,14.4,14.1,8.962886439832502,7.092249290598857,28.42222222222222,28.21333333333333,1.3508771929824555,1.0,6.944558521560575,38,32.95,7,7,11.31578947368421,6.43514532126759,24,26.346929824561403,38,"WARD, TYSON",9.8
"KRATZER, LEON",PRS,2024,PO,-2,-1.6666666666666667,0.2,0.7,0.5773502691896262,2.9495762407505253,7.783333333333334,9.116666666666665,-1.8095238095238095,0.0,6.944558521560575,28,5.266666666666667,0,-2,0.14285714285714285,2.9150222121545655,6,9.182142857142859,28,"KRATZER, LEON",4.5
"LO, MAODO",PRS,2024,PO,3,4.666666666666667,6.0,7.5,4.725815626252615,4.0620192023179795,12.35,15.940000000000003,-3.2988505747126435,1.0,6.944558521560575,29,5.65,2,3,7.9655172413793105,8.028888726791033,35,17.17183908045977,29,"LO, MAODO",9.8
"OUATTARA, YAKUBA",PRS,2024,PO,-2,1.3333333333333333,0.4,1.8,3.055050463303893,2.607680962081058,16.900000000000002,16.91,-1.222222222222222,1.0,6.944558521560575,36,17.033333333333335,2,-2,2.5555555555555554,4.00317334441026,11,14.45138888888889,36,"OUATTARA, YAKUBA",5.8
"DECK, GABRIEL",MAD,2024,PO,6,3.0,6.4,5.7,4.358898943540667,5.856620185738529,17.144444444444446,21.033333333333335,-5.571428571428571,0.0,7.435203094777563,28,10.083333333333334,2,6,8.571428571428571,4.709553501118146,16,23.375595238095237,28,"DECK, GABRIEL",10.7
"MALCOLM, COLLIN",PRS,2024,PO,5,5.666666666666667,4.4,4.6,1.1547005383792712,1.9493588689617936,18.46111111111111,18.7,-1.5757575757575752,0.0,6.944558521560575,33,21.983333333333334,3,5,7.242424242424242,4.520994795329225,16,18.953535353535354,33,"MALCOLM, COLLIN",7.7
"HIFI, NADIR",PRS,2024,PO,16,11.0,11.8,12.2,6.999999999999999,5.069516742254632,22.21666666666667,21.84,0.44736842105263186,2.0,6.944558521560575,38,24.516666666666666,24,16,10.552631578947368,6.676693502840137,24,19.967543859649123,38,"HIFI, NADIR",11.0
"ZAGARS, ARTURS",ULK,2024,PO,0,6.333333333333333,4.0,4.1,5.507570547286106,5.04975246918104,10.800000000000002,7.923333333333335,1.5925925925925926,2.0,7.122287968441815,27,0.0,0,0,4.7407407407407405,5.971680555837582,21,12.15246913580247,27,"ZAGARS, ARTURS",7.2
"TAVARES, WALTER",MAD,2024,PO,2,11.333333333333334,9.0,13.9,9.018499505645787,8.124038404635959,21.844444444444445,20.753333333333334,-3.9416666666666664,1.0,7.435203094777563,40,16.283333333333335,4,2,15.275,8.617178728027477,39,23.263333333333332,40,"TAVARES, WALTER",15.0
"MUSA, DZANAN",MAD,2024,PO,12,10.666666666666666,12.2,12.6,10.06644591369433,8.07465169527454,21.049999999999997,20.263333333333332,-1.4722222222222232,1.0,7.435203094777563,36,22.633333333333333,12,12,12.13888888888889,8.057481980930262,26,21.181018518518517,36,"MUSA, DZANAN",13.2
"MOTIEJUNAS, DONATAS",MCO,2024,PO,0,0.0,0.0,0.5,0.0,0.0,0.0,0.0,-5.891891891891892,0.0,7.5150943396226415,37,0.0,0,0,5.891891891891892,6.012874076068336,20,11.545045045045045,37,"MOTIEJUNAS, DONATAS",7.0
"RATHAN-MAYES, XAVIER",MAD,2024,PO,0,-1.3333333333333333,-0.8,-0.8,1.5275252316519468,1.3038404810405297,2.1055555555555556,1.2633333333333332,-4.402298850574713,0.0,7.435203094777563,29,0.0,0,0,3.0689655172413794,5.637445181759189,17,9.49367816091954,29,"RATHAN-MAYES, XAVIER",9.5
"CAMPAZZO, FACUNDO",MAD,2024,PO,16,12.0,13.4,15.4,3.6055512754639736,5.594640292279751,24.13333333333333,23.369999999999997,-5.5128205128205146,0.0,7.435203094777563,39,24.983333333333334,9,16,17.512820512820515,9.161911415350296,43,25.74017094017094,39,"CAMPAZZO, FACUNDO",15.0
"LLULL, SERGIO",MAD,2024,PO,12,7.0,6.0,6.2,4.582575694955839,6.3639610306789285,20.355555555555558,19.353333333333335,1.9000000000000004,2.0,7.435203094777563,40,18.366666666666667,11,12,5.1,5.261373516682815,15,17.098333333333336,40,"LLULL, SERGIO",5.6
"FELIZ, ANDRES",MAD,2024,PO,8,6.666666666666667,7.4,7.7,2.309401076758505,2.6076809620810595,20.42222222222222,17.419999999999998,1.878787878787879,2.0,7.435203094777563,33,20.05,9,8,4.787878787878788,5.224686448472146,16,14.193939393939393,33,"FELIZ, ANDRES",7.4
"FERNANDO, BRUNO",MAD,2024,PO,8,3.0,2.6,4.7,4.358898943540673,3.435112807463533,10.233333333333333,7.973333333333332,-2.153846153846154,1.0,7.435203094777563,13,22.316666666666666,6,8,5.153846153846154,4.259228291724409,14,12.814102564102566,13,"FERNANDO, BRUNO",8.0
"GARUBA, USMAN",MAD,2024,PO,-3,-0.3333333333333333,1.2,3.6,2.3094010767585114,2.683281572999746,11.199999999999998,13.476666666666665,-3.885057471264368,0.0,7.435203094777563,29,12.25,0,-3,3.5517241379310347,4.687263951363705,17,13.124712643678162,29,"GARUBA, USMAN",8.1
"HEZONJA, MARIO",MAD,2024,PO,18,17.333333333333332,17.0,12.6,7.023769168568493,7.280109889280515,28.366666666666664,27.436666666666667,3.0175438596491215,2.0,7.435203094777563,38,32.0,21,18,14.31578947368421,6.802643616322776,29,27.061842105263157,38,"HEZONJA, MARIO",13.9
"ABALDE, ALBERTO",MAD,2024,PO,12,11.0,11.2,8.3,5.5677643628300215,5.540758070878027,21.777777777777782,21.5,4.358974358974359,2.0,7.435203094777563,39,24.4,7,12,6.641025641025641,5.178331266909403,23,18.87136752136752,39,"ABALDE, ALBERTO",6.1
"THOMPSON, DARIUS",IST,2024,PO,6,7.666666666666667,7.2,9.8,5.686240703077331,4.207136793592528,21.500000000000004,23.77,-4.076923076923076,1.0,7.658777120315582,39,15.266666666666667,7,6,11.743589743589743,6.703172653060203,26,26.32991452991453,39,"THOMPSON, DARIUS",11.0
"ANDERSON, JUSTIN",BAR,2024,PO,19,14.666666666666666,9.6,9.4,3.785938897200174,7.956129712366436,24.866666666666674,23.353333333333335,6.207207207207206,3.0,7.642292490118577,37,30.9,16,19,8.45945945945946,7.388409070198305,26,19.570720720720722,37,"ANDERSON, JUSTIN",7.6
"OTURU, DAN",IST,2024,PO,11,11.333333333333334,10.4,11.2,7.505553499465139,6.913754406977442,15.6,15.056666666666667,0.22807017543859764,1.0,7.658777120315582,38,13.7,8,11,11.105263157894736,7.373398034659793,28,16.58815789473684,38,"OTURU, DAN",10.3
"OSMANI, ERCAN",IST,2024,PO,-1,6.0,4.0,7.3,7.549834435270748,6.041522986797286,15.538888888888891,13.523333333333335,-0.8717948717948714,1.0,7.658777120315582,39,4.616666666666667,0,-1,6.871794871794871,7.395516021209947,29,16.582905982905984,39,"OSMANI, ERCAN",6.5
"PARKER, JABARI",BAR,2024,PO,0,8.333333333333334,9.8,11.4,7.637626158259732,8.584870412533903,26.222222222222218,26.68,-4.102564102564102,1.0,7.642292490118577,39,26.5,7,0,12.435897435897436,8.146018955987584,29,27.21410256410256,39,"PARKER, JABARI",12.1
"BRYANT, ELIJAH",IST,2024,PO,13,14.333333333333334,11.0,14.2,1.5275252316519514,5.4772255750516585,32.333333333333336,29.133333333333336,-0.11403508771929793,1.0,7.658777120315582,38,35.96666666666667,16,13,14.447368421052632,7.744910686139195,30,27.032456140350877,38,"BRYANT, ELIJAH",13.0
"NWORA, JORDAN",IST,2024,PO,0,0.6666666666666666,1.0,3.1,1.1547005383791782,1.4142135623730951,3.194444444444444,6.203333333333333,-5.82051282051282,0.0,7.658777120315582,39,0.0,0,0,6.487179487179487,7.206984166954029,23,15.95897435897436,39,"NWORA, JORDAN",10.3
"PARRA, JOEL",BAR,2024,PO,5,6.0,8.4,10.7,4.582575694955839,5.079370039680117,20.98888888888889,21.85,0.8787878787878789,1.0,7.642292490118577,33,16.2,0,5,5.121212121212121,7.44461876020851,26,14.071717171717172,33,"PARRA, JOEL",6.8
"BRIZUELA, DARIO",BAR,2024,PO,7,10.333333333333334,8.6,10.1,2.886751345948136,3.130495168499706,20.377777777777776,20.7,1.8888888888888893,2.0,7.642292490118577,36,24.4,6,7,8.444444444444445,7.450577904505871,25,18.345833333333335,36,"BRIZUELA, DARIO",8.1
"WILLIS, DEREK",IST,2024,PO,5,1.0,2.2,2.5,3.6055512754639887,4.658325879540847,4.95,10.16,-2.0256410256410255,1.0,7.658777120315582,39,8.333333333333334,1,5,3.0256410256410255,3.943596938724178,14,7.98034188034188,39,"WILLIS, DEREK",8.2
"SATORANSKY, TOMAS",BAR,2024,PO,9,7.333333333333333,6.8,9.0,2.886751345948127,2.2803508501982774,28.777777777777775,26.613333333333333,-2.384615384615384,0.0,7.642292490118577,39,23.15,8,9,9.717948717948717,5.656615679420811,21,23.705128205128204,39,"SATORANSKY, TOMAS",10.1
"DOZIER JR, PERRY",IST,2024,PO,-2,3.3333333333333335,6.4,7.7,5.0332229568471645,7.893034904268447,18.86111111111111,20.953333333333333,-5.5,0.0,7.658777120315582,18,22.7,8,-2,8.833333333333334,5.338539126015656,19,18.461111111111112,18,"DOZIER JR, PERRY",9.0
"POIRIER, VINCENT",IST,2024,PO,7,4.0,12.8,14.0,2.6457513110645805,12.37739875741264,21.038888888888888,22.856666666666666,-9.41025641025641,0.0,7.658777120315582,39,26.033333333333335,6,7,13.41025641025641,7.778911940956472,29,21.361538461538462,39,"POIRIER, VINCENT",12.8
"PUNTER, KEVIN",BAR,2024,PO,23,17.0,16.2,16.3,5.291502622129184,5.263078946776307,26.59444444444445,28.016666666666662,0.5135135135135123,1.0,7.642292490118577,37,30.133333333333333,19,23,16.486486486486488,8.64941109627195,32,27.07702702702703,37,"PUNTER, KEVIN",13.5
"YILMAZ, ERKAN",IST,2024,PO,10,7.0,4.4,2.3,6.08276253029822,5.594640292279745,10.700000000000001,7.293333333333334,5.2727272727272725,2.0,7.658777120315582,22,14.633333333333333,3,10,1.7272727272727273,3.3120532860594154,11,2.5674242424242424,22,"YILMAZ, ERKAN",5.3
"SMITS, ROLANDS",IST,2024,PO,10,9.333333333333334,5.2,7.9,4.041451884327381,6.942621983083913,22.627777777777776,18.07,2.666666666666667,2.0,7.658777120315582,39,27.066666666666666,7,10,6.666666666666667,5.367216927222119,17,18.14145299145299,39,"SMITS, ROLANDS",7.0
"FALL, YOUSSOUPHA",BAR,2024,PO,13,11.0,11.4,6.5,5.2915026221291805,9.939818911831342,13.850000000000001,13.709999999999999,7.052631578947368,3.0,7.642292490118577,38,16.783333333333335,10,13,3.9473684210526314,6.705977037148249,25,7.970614035087719,38,"FALL, YOUSSOUPHA",7.5
"LARKIN, SHANE",IST,2024,PO,9,14.333333333333334,17.8,15.7,4.61880215351701,6.418722614352486,32.44444444444444,32.25333333333333,-1.166666666666666,2.0,7.658777120315582,28,31.483333333333334,11,9,15.5,6.686082837035726,33,26.198214285714283,28,"LARKIN, SHANE",13.6
"HERNANGOMEZ, WILLY",BAR,2024,PO,15,20.333333333333332,14.4,12.6,9.23760430703401,11.392980294900894,24.20555555555556,18.190000000000005,10.701754385964911,3.0,7.642292490118577,38,22.733333333333334,16,15,9.631578947368421,8.87273702441415,31,14.169736842105264,38,"HERNANGOMEZ, WILLY",12.7
"WILLIAMS-GOSS, NIGEL",OLY,2024,FF,9,10.666666666666666,8.0,11.1,5.6862407030773285,5.431390245600109,29.78333333333333,25.666666666666664,2.095238095238095,2.0,7.796905222437137,35,32.516666666666666,12,9,8.571428571428571,8.541544543774112,32,22.906190476190478,35,"WILLIAMS-GOSS, NIGEL",10.0
"HERNANGOMEZ, JUANCHO",PAN,2024,FF,8,13.666666666666666,9.6,17.1,5.131601439446884,6.6558245169174945,26.944444444444443,25.41,-1.6083333333333343,1.0,7.952830188679245,40,29.0,5,8,15.275,8.36043030422447,40,27.32125,40,"HERNANGOMEZ, JUANCHO",14.0
"PETERS, ALEC",OLY,2024,FF,31,13.666666666666666,10.8,13.7,15.821925715074425,12.275992831539124,19.977777777777778,16.943333333333335,4.666666666666666,2.0,7.796905222437137,40,37.0,32,31,9.0,8.0638477804111,31,16.43208333333333,40,"PETERS, ALEC",10.5
"LOYD, JORDAN",MCO,2024,FF,1,-0.6666666666666666,-1.4,3.9,1.5275252316519337,2.8809720581775866,11.761111111111111,13.353333333333333,-9.638095238095238,0.0,7.5150943396226415,35,14.683333333333334,3,1,8.971428571428572,7.394297143887366,25,21.197619047619046,35,"LOYD, JORDAN",9.1
"LESSORT, MATHIAS",PAN,2024,FF,19,17.666666666666668,16.2,19.8,4.163331998932267,5.019960159204449,16.116666666666667,20.43,-2.385964912280702,1.0,7.952830188679245,19,17.25,12,19,20.05263157894737,6.0504699928603,32,25.45175438596491,19,"LESSORT, MATHIAS",15.4
"BLOSSOMGAME, JARON",MCO,2024,FF,10,11.333333333333334,12.0,10.9,1.527525231651946,3.1622776601683737,34.19444444444445,31.126666666666665,2.208333333333334,3.0,7.5150943396226415,40,31.266666666666666,5,10,9.125,6.2396067430321525,24,24.065,40,"BLOSSOMGAME, JARON",8.2
"LARENTZAKIS, GIANNOULIS",OLY,2024,FF,7,2.3333333333333335,1.4,2.4,4.04145188432738,3.1304951684997033,5.3999999999999995,3.5333333333333328,0.22988505747126453,1.0,7.796905222437137,29,15.85,5,7,2.103448275862069,4.100042051929004,13,4.1160919540229886,29,"LARENTZAKIS, GIANNOULIS",5.3
"MITOGLOU, KONSTANTINOS",PAN,2024,FF,7,3.3333333333333335,7.2,5.8,4.041451884327387,10.401922899156675,18.066666666666666,21.669999999999998,-2.307692307692308,1.0,7.952830188679245,39,23.366666666666667,8,7,5.641025641025641,7.08031808491227,25,16.146153846153847,39,"MITOGLOU, KONSTANTINOS",9.0
"DIALLO, ALPHA",MCO,2024,FF,13,15.666666666666666,15.6,13.4,8.326663997864532,5.899152481501047,27.505555555555556,28.39666666666667,3.4380952380952383,2.0,7.5150943396226415,35,27.233333333333334,19,13,12.228571428571428,7.930157309787946,35,26.562380952380956,35,"DIALLO, ALPHA",10.8
"MCKISSIC, SHAQUIELLE",OLY,2024,FF,0,-1.3333333333333333,-2.4,0.5,1.1547005383792748,2.1908902300206448,2.5722222222222233,4.4366666666666665,-8.384615384615385,0.0,7.796905222437137,39,0.0,0,0,7.051282051282051,9.464472954850175,26,16.011538461538464,39,"MCKISSIC, SHAQUIELLE",7.4
"MELLI, NICOLO",ULK,2024,FF,3,7.333333333333333,9.6,8.7,5.131601439446888,6.3874877690685254,17.06111111111111,18.65,0.5701754385964906,1.0,7.122287968441815,38,17.85,5,3,6.7631578947368425,6.334949009058275,24,17.27675438596491,38,"MELLI, NICOLO",9.5
"MILUTINOV, NIKOLA",OLY,2024,FF,0,10.0,11.6,12.3,8.660254037844386,9.099450532861859,13.933333333333332,16.61,-3.483870967741936,2.0,7.796905222437137,31,0.0,0,0,13.483870967741936,7.6632063252137295,26,18.581182795698926,31,"MILUTINOV, NIKOLA",12.4
"THEIS, DANIEL",MCO,2024,FF,12,3.6666666666666665,5.0,8.9,7.637626158259731,5.873670062235366,18.61111111111111,20.673333333333336,-8.933333333333334,0.0,7.5150943396226415,15,27.633333333333333,12,12,12.6,9.612491872558333,26,22.805555555555554,15,"THEIS, DANIEL",13.0
"BROWN, LORENZO",PAN,2024,FF,11,3.6666666666666665,2.2,3.9,6.350852961085891,5.357238094391545,10.5,9.196666666666667,-3.743589743589744,1.0,7.952830188679245,39,26.75,2,11,7.410256410256411,7.989196483929997,23,14.532051282051283,39,"BROWN, LORENZO",10.6
"TARPEY, TERRY",MCO,2024,FF,0,0.0,-0.4,1.7,0.0,0.8944271909999119,3.0777777777777757,2.8,-2.275,0.0,7.5150943396226415,40,0.0,0,0,2.275,3.9025796859421336,14,6.65125,40,"TARPEY, TERRY",5.4
"COLSON, BONZIE",ULK,2024,FF,-1,1.3333333333333333,3.8,4.2,3.2145502536643096,4.438468204234433,8.938888888888892,11.790000000000001,-5.461538461538462,0.0,7.122287968441815,39,3.9,0,-1,6.794871794871795,5.65768916552131,21,18.449572649572648,39,"COLSON, BONZIE",9.3
"OKOBO, ELIE",MCO,2024,FF,-3,3.0,6.2,11.1,5.567764362829999,10.329569206893387,24.28333333333333,25.99666666666667,-10.371428571428572,0.0,7.5150943396226415,35,26.633333333333333,0,-3,13.371428571428572,9.499491361881109,36,25.163333333333334,35,"OKOBO, ELIE",12.2
"NUNN, KENDRICK",PAN,2024,FF,13,8.666666666666666,12.0,18.7,4.509249752822917,11.357816691600545,23.777777777777775,27.333333333333332,-10.058333333333335,0.0,7.952830188679245,40,17.05,9,13,18.725,11.140104266878433,43,30.82708333333333,40,"NUNN, KENDRICK",15.6
"CALATHES, NICK",MCO,2024,FF,1,0.0,-0.2,4.4,2.6457513110645863,1.9235384061671363,11.18888888888889,12.35,-4.142857142857143,0.0,7.5150943396226415,14,13.083333333333334,0,1,4.142857142857143,6.585031310680106,17,16.26904761904762,14,"CALATHES, NICK",7.4
"OSMAN, CEDI",PAN,2024,FF,16,21.333333333333332,18.8,13.9,9.237604307034013,7.918333157931666,29.594444444444445,28.28,12.82051282051282,3.0,7.952830188679245,39,23.55,14,16,8.512820512820513,7.608415682898686,32,19.822649572649574,39,"OSMAN, CEDI",12.1
"JAITEH, MAM",MCO,2024,FF,4,8.333333333333334,6.0,9.7,8.386497083606084,6.7453687816160235,14.505555555555553,15.196666666666667,0.1274509803921582,1.0,7.5150943396226415,34,12.15,1,4,8.205882352941176,7.470261898636794,27,13.347058823529412,34,"JAITEH, MAM",7.2
"SLOUKAS, KOSTAS",PAN,2024,FF,0,4.0,9.4,10.4,6.082762530298242,10.4546640309481,11.633333333333331,17.830000000000002,-7.9,0.0,7.952830188679245,40,0.0,0,0,11.9,8.48467698794383,28,21.2025,40,"SLOUKAS, KOSTAS",12.6
"WRIGHT, MOSES",OLY,2024,FF,18,6.0,10.0,7.1,10.392304845413264,12.489995996796798,8.855555555555556,11.936666666666666,0.0,1.0,7.796905222437137,19,23.166666666666668,19,18,6.0,7.930251502246879,28,12.155263157894737,19,"WRIGHT, MOSES",10.5
"GABRIEL, WENYEN",PAN,2024,FF,0,4.333333333333333,1.8,3.9,4.0414518843273735,4.549725266430923,14.816666666666668,13.516666666666666,-2.2549019607843137,1.0,7.952830188679245,34,0.0,0,0,6.588235294117647,7.6993413612791874,28,15.55343137254902,34,"GABRIEL, WENYEN",12.0
"JAMES, MIKE",MCO,2024,FF,11,19.666666666666668,22.2,18.2,9.018499505645787,8.786353054595526,30.149999999999995,30.759999999999998,2.227642276422767,2.0,7.5150943396226415,41,29.333333333333332,17,11,17.4390243902439,7.953140198964825,33,29.341463414634145,41,"JAMES, MIKE",15.2
"BIBEROVIC, TARIK",ULK,2024,FF,-2,9.666666666666666,12.4,10.5,10.692676621563622,9.01665126307988,22.63888888888889,22.830000000000002,1.2612612612612608,2.0,7.122287968441815,37,17.933333333333334,3,-2,8.405405405405405,6.9978546691089525,21,22.485135135135135,37,"BIBEROVIC, TARIK",8.2
"BIRCH, KHEM",ULK,2024,FF,3,4.666666666666667,5.0,4.8,2.886751345948128,3.2403703492039306,20.311111111111114,18.496666666666666,-0.5555555555555554,1.0,7.122287968441815,36,20.266666666666666,2,3,5.222222222222222,4.402019738458447,15,13.665277777777778,36,"BIRCH, KHEM",7.1
"FALL, MOUSTAPHA",OLY,2024,FF,6,7.0,5.2,6.0,3.6055512754639905,3.7013511046643464,15.988888888888889,15.37,-1.3714285714285719,1.0,7.796905222437137,35,16.15,5,6,8.371428571428572,6.169592008084367,25,17.37238095238095,35,"FALL, MOUSTAPHA",10.6
"SAMODUROV, ALEXANDROS",PAN,2024,FF,8,2.6666666666666665,1.6,1.3,4.618802153517007,3.5777087639996634,4.277777777777778,2.566666666666667,2.0,1.0,7.952830188679245,24,12.833333333333334,8,8,0.6666666666666666,1.970801352499661,8,1.0673611111111112,24,"SAMODUROV, ALEXANDROS",4.0
"KALAITZAKIS, PANAGIOTIS",PAN,2024,FF,6,2.0,1.2,0.9,3.4641016151377535,2.6832815729997463,10.233333333333334,6.139999999999999,1.0,1.0,7.952830188679245,41,22.65,7,6,1.0,3.3166247903554003,13,5.741056910569106,41,"KALAITZAKIS, PANAGIOTIS",4.1
"WALKUP, THOMAS",OLY,2024,FF,4,4.0,4.4,5.2,0.0,2.1908902300206647,17.03888888888889,17.119999999999997,-3.230769230769231,0.0,7.796905222437137,26,12.933333333333334,0,4,7.230769230769231,5.573563975107435,18,20.231410256410257,26,"WALKUP, THOMAS",9.2
"FOURNIER, EVAN",OLY,2024,FF,4,16.333333333333332,14.2,10.1,11.590225767142478,8.72926113711808,25.894444444444442,27.409999999999997,3.7387387387387374,2.0,7.796905222437137,37,17.2,5,4,12.594594594594595,9.858610053764789,34,25.791441441441442,37,"FOURNIER, EVAN",13.0
"LEE, SABEN",OLY,2024,FF,17,7.333333333333333,8.8,7.1,8.38649708360608,6.300793600809344,12.0,13.86,-1.121212121212122,1.0,7.796905222437137,22,22.8,8,17,8.454545454545455,7.169560474854604,26,16.666666666666668,22,"LEE, SABEN",8.8
"HALL, DEVON",ULK,2024,FF,15,15.666666666666666,15.0,8.7,2.081665999466118,2.738612787525828,25.349999999999998,24.326666666666664,6.885416666666666,3.0,7.122287968441815,32,27.016666666666666,13,15,8.78125,7.3867115866612885,24,23.472395833333334,32,"HALL, DEVON",8.2
"VILDOZA, LUCA",OLY,2024,FF,7,2.3333333333333335,1.8,3.1,5.033222956847167,3.898717737923586,17.572222222222223,16.413333333333334,-2.7549019607843133,1.0,7.796905222437137,34,27.066666666666666,0,7,5.088235294117647,4.679857852404983,18,17.151470588235295,34,"VILDOZA, LUCA",9.7
"BANGO, JILSON",ULK,2024,FF,0,2.3333333333333335,1.0,1.8,4.041451884327381,3.464101615137754,2.261111111111111,2.7766666666666664,0.025641025641025994,1.0,7.122287968441815,13,0.0,0,0,2.3076923076923075,4.130871889093459,11,5.3820512820512825,13,"BANGO, JILSON",6.4
"BALDWIN IV, WADE",ULK,2024,FF,8,11.0,11.6,10.9,2.6457513110645894,2.0736441353327657,26.66111111111111,24.866666666666667,-0.03703703703703631,2.0,7.122287968441815,27,27.416666666666668,13,8,11.037037037037036,5.9966752421749465,26,24.22469135802469,27,"BALDWIN IV, WADE",10.3
"GRANT, JERIAN",PAN,2024,FF,12,15.0,12.2,12.9,2.6457513110645867,5.118593556827893,32.06111111111111,30.113333333333337,4.365853658536585,3.0,7.952830188679245,41,23.55,8,12,10.634146341463415,7.930183155391102,33,26.865040650406506,41,"GRANT, JERIAN",10.1
"GUDURIC, MARKO",ULK,2024,FF,27,14.666666666666666,11.4,11.5,13.05118130030126,12.259690045021529,23.438888888888886,21.46333333333333,2.8055555555555554,2.0,7.122287968441815,36,28.75,19,27,11.86111111111111,9.071628544227572,30,22.038425925925925,36,"GUDURIC, MARKO",11.5
"YURTSEVEN, OMER",PAN,2024,FF,25,9.333333333333334,9.6,9.7,13.65039681962885,9.889388252060895,13.655555555555557,16.336666666666666,-0.021505376344086002,1.0,7.952830188679245,31,30.0,23,25,9.35483870967742,8.627662437751313,34,14.579569892473117,31,"YURTSEVEN, OMER",8.8
"STRAZEL, MATTHEW",MCO,2024,FF,10,9.0,7.4,9.3,6.557438524301999,5.176871642217915,21.400000000000002,21.470000000000002,0.9512195121951219,2.0,7.5150943396226415,41,17.983333333333334,13,10,8.048780487804878,6.328314228576973,21,20.24878048780488,41,"STRAZEL, MATTHEW",7.1
"VEZENKOV, SASHA",OLY,2024,FF,21,14.0,17.6,22.0,7.000000000000009,7.300684899377591,29.294444444444437,31.026666666666664,-9.736842105263158,0.0,7.796905222437137,38,27.833333333333332,23,21,23.736842105263158,8.136285793587634,52,30.39342105263158,38,"VEZENKOV, SASHA",16.0
