player.name,gamesPlayed,minutesPlayed,pointsScored,totalRebounds,assists,steals,blocks,turnovers,twoPointersPercentage,threePointersPercentage,freeThrowsPercentage,pir,price
"VEZENKOV, SASHA",78.0,29.80363247863248,18.6,6.7,1.9,0.9,0.2,1.0,65.0,38.0,88.4,22.6,16.0
,,,,,,,,,,,,,15.7
"NUNN, KENDRICK",75.0,29.25133333333333,18.2,3.1,3.6,0.9,0.2,2.9,51.6,39.9,89.6,15.5,15.6
"MIROTIC, NIKOLA",80.0,26.320208333333333,16.6,5.5,1.4,0.9,0.4,1.6,58.9,39.8,85.4,19.1,15.5
"SHENGELIA, TORNIKE",84.0,26.11706349206349,13.5,4.5,3.1,0.9,0.3,2.5,53.6,32.1,79.5,15.8,15.5
"LESSORT, MATHIAS",98.0,29.053571428571427,13.0,6.7,1.4,0.9,0.8,1.6,66.1,0.0,65.5,19.5,15.4
"MONEKE, CHIMA",83.0,23.778915662650604,11.9,5.7,1.6,0.9,0.4,1.7,61.3,31.3,79.5,15.8,15.3
"JAMES, MIKE",118.0,30.437429378531075,16.6,3.6,5.1,1.1,0.0,2.1,45.9,32.7,78.1,17.7,15.2
"LEDAY, ZACH",102.0,29.586601307189543,12.6,4.7,1.3,0.7,0.2,1.2,53.0,41.4,88.9,15.6,15.2
"TAVARES, WALTER",114.0,23.760964912280706,10.3,6.7,1.4,0.8,1.6,2.0,67.6,0.0,75.0,16.1,15.0
"CAMPAZZO, FACUNDO",85.0,25.843529411764703,12.1,3.0,6.2,1.2,0.0,2.4,57.0,33.1,86.7,17.3,15.0
,,,,,,,,,,,,,14.9
"JONES, TYRIQUE",66.0,20.00757575757576,9.3,5.1,1.0,0.9,0.5,1.2,63.3,0.0,66.5,12.7,14.5
,,,,,,,,,,,,,14.3
,,,,,,,,,,,,,14.3
"FRANCISCO, SYLVAIN",67.0,22.43681592039801,12.6,2.2,3.9,0.8,0.2,2.1,45.7,34.7,77.5,13.2,14.1
"EDWARDS, CARSEN",103.0,22.397896440129447,13.3,1.8,2.1,0.8,0.1,1.7,49.4,34.4,90.2,10.0,14.1
"HERNANGOMEZ, JUANCHO",71.0,22.55469483568076,7.5,5.5,1.0,0.8,0.3,0.7,55.3,37.4,67.9,11.1,14.0
,,,,,,,,,,,,,14.0
"HEZONJA, MARIO",115.0,23.60913043478261,13.0,4.3,1.2,0.8,0.1,1.3,55.8,38.7,83.7,12.2,13.9
"SHIELDS, SHAVON",67.0,27.96069651741293,13.0,3.5,2.6,1.0,0.1,1.7,54.8,39.6,78.0,14.1,13.8
"LARKIN, SHANE",80.0,29.105625,14.0,2.7,4.8,1.1,0.0,2.0,52.6,39.1,87.7,17.2,13.6
"PUNTER, KEVIN",102.0,27.938235294117646,16.0,2.3,2.7,1.1,0.1,1.7,52.0,39.8,92.3,15.3,13.5
,,,,,,,,,,,,,13.5
,,,,,,,,,,,,,13.3
,,,,,,,,,,,,,13.3
"MUSA, DZANAN",114.0,22.25687134502924,13.5,2.9,2.3,0.4,0.2,1.5,57.8,38.5,83.4,14.4,13.2
"CLYBURN, WILL",83.0,30.028915662650604,14.8,5.1,2.2,1.0,0.2,1.5,50.2,34.9,81.5,16.5,13.0
"BRYANT, ELIJAH",96.0,24.1546875,10.9,4.1,2.5,0.9,0.3,1.8,52.4,37.5,88.4,12.1,13.0
,,,,,,,,,,,,,13.0
,,,,,,,,,,,,,13.0
,,,,,,,,,,,,,12.9
,,,,,,,,,,,,,12.8
"POIRIER, VINCENT",108.0,18.340123456790124,8.3,4.8,0.8,0.4,1.2,0.9,65.4,26.7,71.0,11.9,12.8
"HALL, DONTA",113.0,17.81165191740413,7.0,4.8,0.6,0.5,0.8,0.5,72.8,0.0,67.7,11.5,12.8
"HERNANGOMEZ, WILLY",72.0,16.047453703703706,9.7,4.5,0.5,0.5,0.3,1.3,60.0,33.3,69.5,11.8,12.7
,,,,,,,,,,,,,12.7
"SLOUKAS, KOSTAS",109.0,23.50779816513761,10.9,2.4,5.3,0.6,0.1,2.0,53.2,37.2,90.1,14.3,12.6
"JOKUBAITIS, ROKAS",103.0,17.66990291262136,7.3,2.2,3.2,0.5,0.0,1.5,51.9,35.5,79.5,8.7,12.6
"BOLOMBOY, JOEL",86.0,19.45949612403101,7.6,5.3,0.6,0.6,0.6,1.0,65.1,35.9,75.9,11.3,12.5
"BOOKER, DEVIN",87.0,24.49789272030652,10.0,4.5,1.3,0.5,0.3,1.3,56.1,35.1,80.2,11.0,12.5
"MILUTINOV, NIKOLA",56.0,19.01547619047619,8.0,5.7,0.8,0.4,0.6,0.8,59.5,0.0,83.0,14.4,12.4
"DE COLO, NANDO",82.0,22.02947154471545,12.5,2.0,4.0,0.9,0.0,2.5,51.2,39.2,91.7,14.1,12.4
,,,,,,,,,,,,,12.4
,,,,,,,,,,,,,12.4
"PETRUSEV, FILIP",88.0,19.98617424242424,10.4,4.5,1.0,0.5,0.6,1.1,59.3,30.7,69.8,12.2,12.3
"OKOBO, ELIE",113.0,25.36002949852508,12.0,2.2,3.6,0.9,0.1,1.9,50.7,33.8,84.7,11.8,12.2
"PARKER, JABARI",77.0,25.62965367965368,12.2,4.1,1.2,0.7,0.3,1.3,53.6,38.2,77.9,11.0,12.1
,,,,,,,,,,,,,12.1
,,,,,,,,,,,,,12.1
,,,,,,,,,,,,,12.0
"NEBO, JOSH",82.0,22.51849593495935,9.2,6.5,0.6,0.5,0.7,0.9,65.8,0.0,66.5,14.0,12.0
,,,,,,,,,,,,,12.0
,,,,,,,,,,,,,12.0
,,,,,,,,,,,,,12.0
,,,,,,,,,,,,,12.0
"JONES, CHRIS",61.0,24.47267759562841,13.0,2.1,4.3,1.2,0.0,1.8,51.2,40.2,85.4,14.0,11.8
,,,,,,,,,,,,,11.7
"GUDURIC, MARKO",111.0,22.474324324324325,10.8,2.7,2.9,0.8,0.0,1.8,57.9,37.7,86.8,11.4,11.5
,,,,,,,,,,,,,11.5
,,,,,,,,,,,,,11.5
,,,,,,,,,,,,,11.4
,,,,,,,,,,,,,11.4
"LAPROVITTOLA, NICOLAS",76.0,23.19298245614036,11.2,2.1,4.7,0.6,0.0,2.2,52.5,40.7,82.0,11.5,11.3
,,,,,,,,,,,,,11.2
"VESELY, JAN",100.0,21.012166666666666,10.4,4.0,1.5,1.0,0.4,1.1,59.2,39.1,78.9,12.8,11.1
"THOMPSON, DARIUS",108.0,26.41172839506173,10.9,2.4,4.6,1.2,0.5,1.8,54.1,38.7,79.3,12.7,11.0
,,,,,,,,,,,,,11.0
,,,,,,,,,,,,,10.9
"DIALLO, ALPHA",114.0,26.04078947368421,10.9,4.1,1.8,1.1,0.3,1.2,55.6,36.9,73.0,11.7,10.8
"CORDINIER, ISAIA",84.0,23.20297619047619,9.5,3.5,2.9,0.8,0.3,1.7,56.6,28.9,79.2,10.8,10.8
,,,,,,,,,,,,,10.8
"DECK, GABRIEL",87.0,23.629310344827587,9.8,4.0,1.5,0.5,0.1,1.1,64.4,36.4,80.3,11.6,10.7
"SEDEKERSKIS, TADAS",83.0,24.207831325301203,7.6,5.4,1.4,0.5,0.2,0.8,66.4,40.2,80.5,12.3,10.7
"BROWN, LORENZO",111.0,25.1018018018018,11.8,2.6,4.7,1.0,0.1,2.3,48.7,34.6,87.1,12.2,10.6
"FALL, MOUSTAPHA",111.0,20.734384384384388,6.8,4.2,2.1,0.4,0.9,1.2,74.8,0.0,46.2,11.4,10.6
"COSTELLO, MATTHEW",67.0,21.10771144278607,9.5,4.2,1.6,0.6,0.9,1.1,65.0,33.7,70.0,10.5,10.6
"MILLER-MCINTYRE, CODI",74.0,27.553603603603605,9.9,3.8,6.0,0.8,0.0,2.4,53.5,29.9,70.3,12.6,10.5
"PETERS, ALEC",117.0,18.497578347578347,8.7,3.3,0.9,0.4,0.1,0.8,55.2,50.2,91.4,9.4,10.5
,,,,,,,,,,,,,10.5
"OJELEYE, SEMI",51.0,22.829738562091503,12.0,4.2,0.5,0.7,0.2,1.2,54.1,46.6,86.9,12.6,10.5
,,,,,,,,,,,,,10.5
,,,,,,,,,,,,,10.4
"BROWN, STERLING",63.0,25.00740740740741,11.9,3.1,2.2,0.8,0.2,1.7,52.1,41.1,92.9,10.2,10.4
"WEILER-BABB, NICK",99.0,24.49090909090909,7.4,3.6,3.1,1.0,0.1,1.1,49.5,38.5,77.6,9.3,10.4
,,,,,,,,,,,,,10.4
"BALDWIN IV, WADE",91.0,26.75311355311356,15.5,3.0,4.6,0.9,0.2,2.5,49.5,34.1,82.8,16.1,10.3
,,,,,,,,,,,,,10.3
"OTURU, DAN",60.0,16.176944444444445,8.2,4.0,0.5,0.4,1.0,1.0,70.5,0.0,65.4,10.3,10.3
,,,,,,,,,,,,,10.3
"SORKIN, ROMAN",101.0,18.435808580858087,8.8,3.5,0.8,0.4,0.6,1.0,60.6,33.1,78.1,9.1,10.2
"SATORANSKY, TOMAS",114.0,24.39327485380117,7.1,3.8,4.5,0.9,0.1,1.6,51.6,39.8,74.8,11.2,10.1
"RIVERO, JASIEL",84.0,18.051388888888887,8.7,3.5,0.9,0.7,0.3,1.1,58.5,28.1,65.7,9.7,10.1
"PRADILLA, JAIME",61.0,13.485245901639344,3.6,2.7,0.7,0.4,0.1,0.7,58.7,35.5,52.6,4.2,10.1
,,,,,,,,,,,,,10.1
"GRANT, JERIAN",82.0,27.2260162601626,8.6,2.2,3.3,1.2,0.1,0.9,52.2,42.3,85.4,10.8,10.1
,,,,,,,,,,,,,10.0
"WILLIAMS-GOSS, NIGEL",93.0,20.601612903225806,8.4,2.0,2.9,0.8,0.0,1.5,49.1,38.9,80.1,7.9,10.0
,,,,,,,,,,,,,10.0
,,,,,,,,,,,,,10.0
,,,,,,,,,,,,,10.0
,,,,,,,,,,,,,10.0
,,,,,,,,,,,,,9.9
"KALINIC, NIKOLA",112.0,24.696875,7.5,3.7,2.2,0.8,0.1,1.4,52.0,41.5,66.5,9.1,9.9
,,,,,,,,,,,,,9.9
,,,,,,,,,,,,,9.8
"LO, MAODO",76.0,19.4015350877193,9.9,1.6,2.5,0.5,0.0,1.4,52.7,35.7,80.5,8.8,9.8
,,,,,,,,,,,,,9.8
,,,,,,,,,,,,,9.8
,,,,,,,,,,,,,9.8
"VILDOZA, LUCA",90.0,18.940740740740743,7.6,1.8,2.7,0.9,0.1,1.5,47.3,36.2,86.6,7.3,9.7
"WILBEKIN, SCOTTIE",67.0,23.96417910447761,12.1,2.0,3.0,1.0,0.0,1.5,45.9,38.6,82.4,11.4,9.7
,,,,,,,,,,,,,9.7
"HOWARD, MARKUS",104.0,22.02451923076924,15.5,1.3,1.4,0.5,0.0,1.6,46.8,37.3,85.6,8.7,9.6
"MADAR, YAM",73.0,13.351141552511416,5.1,1.2,1.8,0.6,0.2,0.9,54.0,32.2,85.7,4.9,9.6
,,,,,,,,,,,,,9.6
"MELLI, NICOLO",104.0,22.08301282051282,6.6,4.4,1.5,0.8,0.4,1.0,56.4,37.4,61.7,9.1,9.5
,,,,,,,,,,,,,9.5
,,,,,,,,,,,,,9.5
,,,,,,,,,,,,,9.5
"LOPEZ-AROSTEGUI, XABI",56.0,17.716369047619047,5.9,3.2,1.2,0.6,0.0,1.3,49.7,31.9,86.2,7.0,9.4
,,,,,,,,,,,,,9.4
"COLSON, BONZIE",118.0,24.36638418079096,10.0,4.8,0.6,1.1,0.4,0.7,54.5,37.5,76.3,11.3,9.3
,,,,,,,,,,,,,9.3
,,,,,,,,,,,,,9.3
"WALKUP, THOMAS",107.0,24.401869158878505,6.7,2.7,5.1,1.5,0.1,1.8,50.7,31.9,78.1,9.7,9.2
"VOIGTMANN, JOHANNES",100.0,20.096166666666665,6.2,4.5,2.0,0.4,0.3,1.2,58.8,32.2,65.1,8.5,9.2
,,,,,,,,,,,,,9.2
,,,,,,,,,,,,,9.2
"LOYD, JORDAN",89.0,23.073033707865168,10.8,2.7,2.2,0.9,0.1,1.1,49.2,36.5,89.9,10.6,9.1
,,,,,,,,,,,,,9.1
"MITOGLOU, KONSTANTINOS",77.0,22.075108225108224,8.6,4.5,0.8,0.6,0.2,0.8,54.5,37.7,72.6,9.5,9.0
,,,,,,,,,,,,,9.0
,,,,,,,,,,,,,9.0
"SMAILAGIC, ALEN",90.0,13.87611111111111,6.3,2.4,0.5,0.5,0.5,0.7,64.9,40.9,70.3,6.3,9.0
,,,,,,,,,,,,,9.0
,,,,,,,,,,,,,9.0
,,,,,,,,,,,,,9.0
,,,,,,,,,,,,,8.8
,,,,,,,,,,,,,8.8
,,,,,,,,,,,,,8.8
,,,,,,,,,,,,,8.7
,,,,,,,,,,,,,8.7
,,,,,,,,,,,,,8.6
,,,,,,,,,,,,,8.5
"ULANOVAS, EDGARAS",105.0,26.237301587301587,8.2,3.4,2.4,0.7,0.1,1.4,49.4,36.0,84.1,10.3,8.5
,,,,,,,,,,,,,8.5
"BOLMARO, LEANDRO",55.0,20.973030303030303,7.7,2.6,3.2,1.1,0.3,1.6,53.1,27.0,70.1,9.1,8.5
,,,,,,,,,,,,,8.5
,,,,,,,,,,,,,8.5
,,,,,,,,,,,,,8.5
,,,,,,,,,,,,,8.5
,,,,,,,,,,,,,8.5
,,,,,,,,,,,,,8.5
,,,,,,,,,,,,,8.4
,,,,,,,,,,,,,8.4
,,,,,,,,,,,,,8.3
"NEDOVIC, NEMANJA",84.0,20.498412698412697,12.3,1.5,2.8,0.6,0.1,1.6,51.7,35.5,85.2,10.9,8.3
"BRAZDEIKIS, IGNAS",91.0,17.46923076923077,8.1,2.6,1.1,0.3,0.1,0.9,48.3,27.3,81.7,6.5,8.3
,,,,,,,,,,,,,8.3
,,,,,,,,,,,,,8.2
"WILLIS, DEREK",53.0,17.175786163522012,5.2,3.1,0.6,0.5,0.3,0.5,54.1,40.8,79.5,6.7,8.2
"BLOSSOMGAME, JARON",117.0,20.39273504273504,6.5,3.4,0.3,0.4,0.2,0.4,61.2,27.3,61.5,6.7,8.2
"GRIGONIS, MARIUS",72.0,21.42129629629629,8.4,2.1,1.4,0.5,0.0,1.0,53.8,41.8,86.6,8.0,8.2
"HALL, DEVON",89.0,25.529026217228463,7.9,2.5,2.6,0.8,0.1,1.3,49.5,36.7,83.6,8.5,8.2
"BIBEROVIC, TARIK",80.0,18.216041666666666,8.0,2.4,1.0,0.4,0.1,0.9,50.0,45.5,84.6,6.2,8.2
"BLATT, TAMIR",94.0,20.65921985815603,7.8,1.6,5.3,0.4,0.0,2.2,41.6,36.9,91.2,8.7,8.2
,,,,,,,,,,,,,8.1
,,,,,,,,,,,,,8.1
"BRIZUELA, DARIO",68.0,16.20122549019608,8.0,1.2,1.9,0.3,0.1,1.1,51.6,41.1,78.3,6.2,8.1
,,,,,,,,,,,,,8.1
,,,,,,,,,,,,,8.0
"SPAGNOLO, MATTEO",52.0,20.620512820512825,8.5,2.1,3.6,0.4,0.0,2.3,44.1,24.4,82.9,7.5,8.0
,,,,,,,,,,,,,8.0
,,,,,,,,,,,,,8.0
,,,,,,,,,,,,,8.0
,,,,,,,,,,,,,8.0
,,,,,,,,,,,,,8.0
,,,,,,,,,,,,,8.0
,,,,,,,,,,,,,8.0
,,,,,,,,,,,,,7.9
,,,,,,,,,,,,,7.8
"AVRAMOVIC, ALEKSA",47.0,16.365248226950353,8.3,1.8,1.7,0.7,0.2,1.1,61.5,31.0,75.0,7.1,7.8
,,,,,,,,,,,,,7.8
,,,,,,,,,,,,,7.8
,,,,,,,,,,,,,7.7
,,,,,,,,,,,,,7.7
,,,,,,,,,,,,,7.7
,,,,,,,,,,,,,7.7
,,,,,,,,,,,,,7.7
,,,,,,,,,,,,,7.6
"BEAUBOIS, RODRIGUE",94.0,22.32677304964539,9.9,1.9,2.0,0.8,0.5,0.8,55.3,44.5,86.2,9.6,7.6
,,,,,,,,,,,,,7.6
,,,,,,,,,,,,,7.5
"FALL, YOUSSOUPHA",94.0,16.935460992907803,7.6,5.4,0.2,0.2,0.4,1.0,65.8,0.0,65.4,10.3,7.5
"LUNDBERG, IFFE",90.0,21.34611111111112,8.5,2.2,2.3,0.7,0.0,1.2,50.0,32.8,79.2,8.1,7.5
"PROCIDA, GABRIELE",78.0,17.476282051282052,7.9,1.9,0.7,0.9,0.3,1.0,60.5,25.0,76.9,6.5,7.5
,,,,,,,,,,,,,7.5
,,,,,,,,,,,,,7.5
,,,,,,,,,,,,,7.5
,,,,,,,,,,,,,7.5
,,,,,,,,,,,,,7.5
"CALATHES, NICK",90.0,23.658703703703704,7.0,3.8,4.7,1.0,0.1,1.9,51.2,32.7,44.0,9.4,7.4
"MCKISSIC, SHAQUIELLE",111.0,16.865015015015015,8.0,1.7,1.4,0.8,0.0,0.9,63.9,32.4,68.0,7.7,7.4
"MARINKOVIC, VANJA",92.0,22.9572463768116,9.4,1.9,1.3,0.4,0.0,0.8,52.0,39.2,78.4,7.1,7.4
,,,,,,,,,,,,,7.4
,,,,,,,,,,,,,7.4
,,,,,,,,,,,,,7.3
"HAYES, KEVARRIUS",109.0,18.86376146788991,5.8,4.3,0.5,0.8,0.8,0.9,56.1,50.0,75.9,8.1,7.3
"PAJOLA, ALESSANDRO",93.0,19.052688172043013,4.1,2.0,3.2,1.0,0.1,1.1,48.4,34.5,75.0,5.6,7.3
,,,,,,,,,,,,,7.3
,,,,,,,,,,,,,7.3
,,,,,,,,,,,,,7.2
,,,,,,,,,,,,,7.2
"JAITEH, MAM",89.0,14.310674157303373,6.7,3.8,0.5,0.4,0.2,1.1,61.4,0.0,57.4,7.8,7.2
,,,,,,,,,,,,,7.2
,,,,,,,,,,,,,7.2
,,,,,,,,,,,,,7.1
,,,,,,,,,,,,,7.1
"STRAZEL, MATTHEW",83.0,15.146586345381529,5.8,0.8,1.7,0.4,0.0,0.8,50.0,38.4,81.1,5.3,7.1
,,,,,,,,,,,,,7.1
"MOTIEJUNAS, DONATAS",109.0,16.96834862385321,8.0,3.4,0.9,0.4,0.2,1.0,61.6,35.0,61.5,9.4,7.0
"SMITS, ROLANDS",107.0,21.34127725856698,8.9,3.7,1.1,0.4,0.1,1.2,62.0,38.1,81.8,8.7,7.0
,,,,,,,,,,,,,7.0
,,,,,,,,,,,,,7.0
,,,,,,,,,,,,,7.0
,,,,,,,,,,,,,7.0
,,,,,,,,,,,,,7.0
,,,,,,,,,,,,,7.0
,,,,,,,,,,,,,7.0
,,,,,,,,,,,,,7.0
,,,,,,,,,,,,,6.9
,,,,,,,,,,,,,6.9
"PARRA, JOEL",57.0,14.117543859649125,4.0,2.5,0.5,0.4,0.1,0.4,55.8,25.6,74.3,4.2,6.8
,,,,,,,,,,,,,6.8
,,,,,,,,,,,,,6.7
"GIEDRAITIS, DOVYDAS",76.0,17.928947368421053,4.6,1.2,1.3,0.8,0.0,0.8,45.1,37.9,88.1,3.3,6.6
"BIRUTIS, LAURYNAS",105.0,13.736031746031744,6.0,3.2,0.4,0.2,0.4,0.7,63.9,0.0,64.8,7.1,6.6
"OBST, ANDREAS",83.0,21.326506024096386,9.4,1.8,1.2,0.5,0.0,1.0,44.2,41.2,81.8,6.6,6.5
,,,,,,,,,,,,,6.5
"CANAAN, ISAIAH",115.0,20.078840579710143,9.1,1.2,1.2,0.7,0.1,1.0,47.8,40.0,84.3,6.2,6.5
,,,,,,,,,,,,,6.5
,,,,,,,,,,,,,6.5
,,,,,,,,,,,,,6.5
"PUERTO, JOSEP",58.0,14.867241379310345,3.9,2.3,0.5,0.3,0.0,0.8,51.9,39.4,85.7,3.7,6.5
,,,,,,,,,,,,,6.5
"ANDJUSIC, DANILO",54.0,13.09783950617284,5.7,1.1,0.9,0.3,0.1,0.9,47.8,41.4,89.7,4.9,6.5
,,,,,,,,,,,,,6.5
"OSMANI, ERCAN",62.0,15.409408602150538,5.7,2.8,0.9,0.5,0.1,0.8,54.2,37.5,94.1,6.0,6.5
,,,,,,,,,,,,,6.4
"HACKETT, DANIEL",95.0,20.563333333333333,5.7,2.4,2.8,0.6,0.0,1.4,50.0,38.8,78.9,7.3,6.3
,,,,,,,,,,,,,6.3
"ABALDE, ALBERTO",87.0,15.964942528735632,4.3,2.1,1.4,0.4,0.0,0.4,52.5,40.2,79.3,4.9,6.1
,,,,,,,,,,,,,6.1
"DUNSTON, BRYANT",99.0,16.38922558922559,4.3,3.3,0.8,0.7,0.6,0.6,63.7,15.4,62.1,6.3,6.0
,,,,,,,,,,,,,6.0
"DIBARTOLOMEO, JOHN",101.0,16.455940594059406,5.4,1.9,1.0,0.7,0.0,0.4,38.5,41.4,96.1,5.8,6.0
,,,,,,,,,,,,,6.0
"TONUT, STEFANO",80.0,15.943958333333333,4.5,1.9,1.1,0.5,0.0,0.4,56.8,45.5,64.3,5.3,6.0
"BUTKEVICIUS, ARNAS",92.0,21.95905797101449,4.9,3.6,1.3,1.0,0.2,1.0,54.8,33.3,80.5,6.7,6.0
,,,,,,,,,,,,,6.0
,,,,,,,,,,,,,5.9
"OUATTARA, YAKUBA",96.0,12.718055555555557,4.1,1.4,0.2,0.3,0.0,0.3,54.6,36.1,78.6,2.7,5.8
"DA SILVA, OSCAR",89.0,14.149250936329588,3.7,2.8,0.4,0.5,0.2,0.4,59.9,27.8,64.1,4.2,5.7
"LLULL, SERGIO",102.0,17.31078431372549,6.9,1.3,2.2,0.3,0.0,0.9,39.3,30.9,81.9,5.1,5.6
"GIFFEY, NIELS",82.0,16.634349593495934,5.2,2.0,0.7,0.4,0.1,0.5,51.9,45.6,83.6,4.7,5.6
,,,,,,,,,,,,,5.5
,,,,,,,,,,,,,5.5
,,,,,,,,,,,,,5.5
,,,,,,,,,,,,,5.5
,,,,,,,,,,,,,5.4
"LARENTZAKIS, GIANNOULIS",95.0,12.58140350877193,5.2,1.4,1.2,0.5,0.1,0.9,41.5,35.8,77.3,4.2,5.3
,,,,,,,,,,,,,5.3
,,,,,,,,,,,,,5.3
,,,,,,,,,,,,,5.2
,,,,,,,,,,,,,5.2
,,,,,,,,,,,,,5.1
,,,,,,,,,,,,,5.1
"DOBRIC, OGNJEN",86.0,16.372093023255815,6.2,1.8,0.9,0.5,0.0,0.7,58.5,33.5,73.6,5.1,5.0
"LIGHTY, DAVID",90.0,19.55462962962963,5.2,1.9,1.2,0.6,0.0,0.8,44.7,39.8,73.9,4.3,5.0
,,,,,,,,,,,,,5.0
"RICCI, GIAMPAOLO",83.0,11.285341365461846,2.5,2.0,0.3,0.4,0.2,0.3,59.3,35.7,81.2,2.2,5.0
,,,,,,,,,,,,,5.0
,,,,,,,,,,,,,5.0
,,,,,,,,,,,,,5.0
,,,,,,,,,,,,,5.0
,,,,,,,,,,,,,4.9
,,,,,,,,,,,,,4.8
,,,,,,,,,,,,,4.8
,,,,,,,,,,,,,4.5
,,,,,,,,,,,,,4.5
,,,,,,,,,,,,,4.5
,,,,,,,,,,,,,4.5
,,,,,,,,,,,,,4.5
,,,,,,,,,,,,,4.3
"JACKSON, EDWIN",53.0,15.26194968553459,4.6,1.3,0.8,0.3,0.0,0.8,57.0,30.2,85.4,3.5,4.2
,,,,,,,,,,,,,4.2
,,,,,,,,,,,,,4.2
,,,,,,,,,,,,,4.2
"KALAITZAKIS, PANAGIOTIS",87.0,7.1432950191570885,2.1,0.9,0.3,0.4,0.0,0.3,59.7,30.2,73.8,1.8,4.1
,,,,,,,,,,,,,4.0
,,,,,,,,,,,,,4.0
,,,,,,,,,,,,,4.0
,,,,,,,,,,,,,4.0
,,,,,,,,,,,,,4.0
,,,,,,,,,,,,,4.0
,,,,,,,,,,,,,4.0
,,,,,,,,,,,,,4.0
,,,,,,,,,,,,,4.0
,,,,,,,,,,,,,4.0
,,,,,,,,,,,,,4.0
,,,,,,,,,,,,,4.0
,,,,,,,,,,,,,4.0
,,,,,,,,,,,,,4.0
