playerRanking,gamesPlayed,gamesStarted,minutesPlayed,pointsScored,twoPointersMade,twoPointersAttempted,twoPointersPercentage,threePointersMade,threePointersAttempted,threePointersPercentage,freeThrowsMade,freeThrowsAttempted,freeThrowsPercentage,offensiveRebounds,defensiveRebounds,totalRebounds,assists,steals,turnovers,blocks,blocksAgainst,foulsCommited,foulsDrawn,pir,player.code,player.name,league
1,34.0,4.0,11.748039215686276,2.4,0.5,1.3,37.2%,0.4,1.6,25.9%,0.2,0.4,46.7%,0.4,0.7,1.1,0.9,0.4,1.0,0.1,0.1,1.4,0.6,0.8,010070,"MOELLER, LEIF",EuroCup
2,35.0,13.0,16.862857142857145,3.4,0.8,2.3,35.8%,0.4,1.3,31.9%,0.5,1.0,44.4%,0.3,1.3,1.6,1.9,0.4,1.6,0.1,0.3,2.9,1.3,0.8,009400,"CASARIN, DAVIDE",EuroCup
3,27.0,0.0,8.070987654320987,2.3,1.0,1.7,58.7%,0.0,0.1,0%,0.3,0.4,80%,0.7,0.9,1.6,0.5,0.4,1.0,0.1,0.1,1.9,0.5,1.6,012695,"REECE, CAMRON",EuroCup
4,36.0,0.0,9.516203703703702,2.6,0.6,1.1,53.8%,0.4,1.2,38.1%,0.1,0.2,71.4%,0.2,0.8,1.0,1.0,0.3,0.9,0.1,0.0,1.2,0.5,2.0,010726,"JENSEN, TOBIAS",EuroCup
5,43.0,10.0,9.765891472868216,3.3,0.9,1.6,57.1%,0.3,1.3,25.5%,0.5,0.7,66.7%,0.2,0.6,0.8,0.9,0.2,0.8,0.0,0.1,1.3,0.9,2.1,007560,"KLJAJIC, JOVAN",EuroCup
6,30.0,5.0,13.596666666666666,4.0,0.9,2.0,47.5%,0.6,1.5,38.6%,0.5,0.6,73.7%,0.6,0.9,1.5,0.6,0.3,0.4,0.1,0.1,1.8,0.9,3.0,007828,"CONTI, LUCA",EuroCup
7,31.0,25.0,15.220430107526882,4.2,1.5,2.6,56.1%,0.3,0.7,40.9%,0.3,0.6,55.6%,1.0,1.0,2.0,0.7,0.4,0.4,0.1,0.3,1.9,0.6,3.4,006566,"SLAVKOVIC, ANDRIJA",EuroCup
8,35.0,12.0,13.033809523809524,3.7,0.7,1.1,63.2%,0.7,2.1,30.7%,0.4,0.4,93.3%,0.6,1.1,1.7,0.5,0.6,0.3,0.4,0.1,1.6,0.4,3.5,011943,"TKACHENKO, IVAN",EuroCup
9,34.0,5.0,10.587254901960783,3.8,1.4,2.7,53.3%,0.0,0.4,6.7%,0.8,1.2,70%,0.6,1.3,1.9,0.4,0.3,0.6,0.2,0.1,1.3,1.1,3.7,007952,"BRETZEL, NICOLAS",EuroCup
10,46.0,15.0,14.129710144927538,3.4,1.0,1.6,65.3%,0.3,0.7,43.8%,0.5,0.7,67.7%,1.1,1.1,2.2,0.8,0.4,0.4,0.0,0.1,2.2,0.7,3.7,009392,"RADOVIC, ROK",EuroCup
11,38.0,11.0,11.116228070175438,2.7,0.7,1.2,55.3%,0.2,0.7,28.6%,0.7,1.1,63.4%,0.6,1.9,2.5,0.7,0.3,0.4,0.1,0.1,1.8,1.2,3.8,007917,"DURMAZ, BERKAN",EuroCup
12,33.0,5.0,16.416161616161617,6.7,1.3,3.4,38.4%,1.0,3.3,30.3%,1.1,1.3,81.4%,0.7,1.0,1.7,2.2,0.5,0.9,0.0,0.3,2.3,0.9,3.8,011966,"SYDOROV, ILLIA",EuroCup
13,53.0,5.0,15.170440251572328,5.5,1.1,2.7,40.4%,0.9,3.0,28.9%,0.8,0.8,95.3%,0.5,1.3,1.7,1.5,0.8,0.9,0.1,0.2,2.4,1.3,3.8,006382,"FORRAY, TOTO",EuroCup
14,48.0,3.0,15.628125,4.0,0.8,1.3,59%,0.7,1.7,43.7%,0.3,0.4,82.4%,0.5,1.4,1.9,0.9,0.5,0.9,0.0,0.1,1.4,0.5,3.8,010450,"COURBY, MAXIME",EuroCup
15,51.0,20.0,15.282679738562091,4.4,0.9,1.3,67.6%,0.6,2.1,29.9%,0.7,1.1,65.5%,0.6,1.5,2.1,0.6,0.5,0.6,0.1,0.1,2.2,1.2,3.9,006771,"BUSQUETS, PEP",EuroCup
16,40.0,22.0,12.734166666666669,3.1,1.1,2.1,54.2%,0.0,0.3,18.2%,0.7,1.4,51.9%,0.9,1.7,2.6,0.7,0.5,0.4,0.3,0.2,2.2,1.4,4.1,011379,"KONAN, KEREM",EuroCup
17,32.0,23.0,22.168229166666663,6.2,1.3,2.7,49.4%,0.8,2.8,26.4%,1.2,1.8,68.4%,0.2,1.5,1.8,2.2,0.7,1.8,0.1,0.2,2.7,2.3,4.5,011900,"GOLEBIOWSKI, DANIEL",EuroCup
18,50.0,21.0,19.57,3.6,0.2,0.6,37.5%,0.9,2.5,35%,0.6,0.8,73.7%,0.2,1.9,2.1,3.0,0.8,1.2,0.2,0.2,2.9,1.5,4.6,002361,"VIVES, GUILLEM",EuroCup
19,31.0,2.0,13.09462365591398,5.0,2.0,3.9,51.7%,0.0,0.0,100%,0.9,1.8,50.9%,1.4,1.8,3.2,0.6,0.4,1.2,0.4,0.3,2.6,2.1,4.8,001990,"WOHLFARTH-BOTTERMANN, JONAS",EuroCup
20,37.0,0.0,13.493693693693691,6.5,1.2,2.8,43.3%,0.9,2.6,33.7%,1.4,1.8,77.9%,0.3,1.4,1.6,1.8,0.7,1.4,0.1,0.2,2.5,1.9,4.8,009556,"NGOUAMA, MEHDY",EuroCup
21,40.0,11.0,18.270833333333336,5.7,0.6,1.0,57.9%,1.4,3.5,41.1%,0.2,0.6,37.5%,0.6,1.3,1.9,0.9,1.0,0.4,0.0,0.0,1.9,0.6,5.0,001686,"LYPOVYY, OLEKSANDR",EuroCup
22,35.0,5.0,17.173809523809524,5.0,0.9,1.9,50.8%,0.7,2.5,28.1%,0.9,1.4,67.3%,1.1,2.8,3.9,0.6,1.0,1.1,0.1,0.2,2.4,1.4,5.1,001479,"UDOM, MATTIA",EuroCup
23,37.0,2.0,14.872972972972972,4.8,2.0,3.1,63.8%,0.0,0.1,0%,0.8,1.5,51.9%,1.1,2.2,3.3,0.6,0.2,1.3,1.1,0.1,2.4,1.1,5.4,012020,"SHARMA, JOSH",EuroCup
24,32.0,0.0,17.4265625,9.3,0.9,1.8,49.1%,1.9,4.9,39.2%,1.8,2.0,90.5%,0.2,1.0,1.2,0.5,0.3,0.9,0.0,0.1,2.2,1.5,5.6,012630,"MAGEE, FLETCHER",EuroCup
25,35.0,1.0,11.773809523809524,5.2,1.9,3.8,48.9%,0.1,0.4,26.7%,1.1,1.7,67.2%,0.9,2.0,2.9,1.4,0.2,1.1,0.3,0.2,1.7,1.5,5.8,003533,"ZALMANSON, IDAN",EuroCup
26,48.0,25.0,16.129166666666666,5.8,1.8,2.5,71.2%,0.6,1.5,38.6%,0.6,0.9,65.1%,1.1,1.9,3.0,0.5,0.5,0.7,0.2,0.2,2.0,0.9,6.0,010161,"KRAAG, YANNICK",EuroCup
27,47.0,25.0,19.905673758865248,8.1,0.7,1.5,45.1%,1.8,5.2,35.2%,1.2,1.7,71.2%,0.4,2.3,2.6,1.1,0.7,1.3,0.1,0.2,2.3,1.8,6.0,004945,"PAUL, BRANDON",EuroCup
28,39.0,5.0,19.95,5.3,1.4,2.7,51.9%,0.6,1.3,44.2%,0.7,0.8,83.9%,0.5,1.3,1.8,2.6,0.8,1.1,0.2,0.2,2.2,1.0,6.0,003783,"UGURLU, BERK",EuroCup
29,36.0,22.0,16.062037037037037,4.2,1.6,2.8,55.9%,0.2,0.8,22.2%,0.6,0.8,66.7%,1.4,3.0,4.3,0.5,0.4,0.5,0.1,0.3,1.6,1.0,6.0,004645,"MINIOTAS, REGIMANTAS",EuroCup
30,30.0,4.0,16.671666666666667,4.1,1.4,2.3,59.4%,0.4,1.1,33.3%,0.2,0.3,77.8%,0.9,2.1,3.0,0.9,0.5,0.6,0.3,0.1,0.8,0.6,6.1,004117,"BROOKS, JEFF",EuroCup
31,39.0,12.0,18.754273504273502,7.6,1.4,2.6,51.5%,1.3,3.5,37.2%,0.9,1.3,74%,0.3,1.3,1.5,2.4,0.8,1.7,0.2,0.1,2.4,1.6,6.1,004773,"NELSON, LUKE",EuroCup
32,36.0,23.0,25.81990740740741,8.4,1.9,4.1,45.9%,1.0,3.3,31.4%,1.6,2.1,78.7%,0.6,2.3,2.9,1.3,0.7,1.6,0.1,0.2,2.8,2.3,6.3,012019,"BEST, AARON",EuroCup
33,40.0,4.0,19.9975,7.1,1.0,2.1,46.4%,1.4,3.8,38.7%,0.8,1.0,78%,0.8,2.0,2.9,1.1,0.4,0.7,0.0,0.2,2.0,1.4,6.4,007914,"ARSLAN, YIGIT",EuroCup
34,59.0,49.0,16.828531073446328,5.5,1.9,3.5,55.3%,0.0,0.0,0%,1.6,2.4,67.8%,1.8,2.2,3.9,0.5,0.6,0.9,0.4,0.3,3.1,2.4,6.8,011837,"KOKILA, KEVIN",EuroCup
35,47.0,12.0,14.776950354609928,6.1,0.9,1.7,50.6%,1.1,2.7,43.2%,0.9,1.0,91.5%,0.3,1.1,1.4,2.5,0.5,1.1,0.0,0.1,1.1,1.1,6.8,JUG,"RIBAS, PAU",EuroCup
36,33.0,16.0,21.733838383838386,7.2,2.1,4.0,53.4%,0.6,2.0,30.8%,1.2,1.6,73.1%,0.4,1.5,1.8,1.8,0.8,1.2,0.1,0.4,1.4,1.7,6.8,007398,"POPOVIC, PETAR",EuroCup
37,37.0,3.0,17.568468468468467,8.3,1.8,3.2,56.4%,1.2,3.4,34.6%,1.1,1.5,76.4%,0.3,1.6,1.9,2.0,0.8,1.5,0.1,0.2,2.6,2.1,6.8,011947,"SANON, ISSUF",EuroCup
38,37.0,18.0,23.381981981981983,7.1,2.2,4.3,51.9%,0.4,1.6,27.6%,1.4,2.1,67.1%,1.9,2.2,4.1,0.9,0.8,1.2,0.2,0.5,2.4,1.7,6.9,006693,"SAYBIR, YIGITCAN",EuroCup
39,42.0,17.0,18.62619047619048,5.9,1.0,1.6,58%,1.1,2.8,38.8%,0.8,1.0,78%,0.3,1.6,2.0,3.5,0.5,1.7,0.1,0.1,2.0,1.6,7.1,011161,"JULIEN, AXEL",EuroCup
40,38.0,9.0,18.231140350877197,5.4,1.9,2.9,67.3%,0.2,0.9,19.4%,1.0,1.3,74.5%,1.2,1.9,3.1,1.4,0.5,0.9,0.3,0.2,1.9,1.4,7.2,005714,"MEJERIS, MAREKS",EuroCup
41,31.0,19.0,19.18010752688172,7.6,1.5,2.6,58.8%,0.8,3.2,25%,2.2,2.7,79.8%,0.5,1.5,1.9,1.6,0.8,1.0,0.2,0.3,2.8,3.2,7.2,009299,"RUBSTAVICIUS, MANTAS",EuroCup
42,43.0,16.0,22.60232558139535,8.7,1.3,2.3,57.7%,1.8,4.8,37.2%,0.7,0.8,82.9%,0.8,3.0,3.8,1.0,0.3,1.0,0.2,0.2,2.3,0.8,7.2,011980,"SESTINA, NATHAN",EuroCup
43,61.0,17.0,21.64453551912568,6.6,1.6,2.8,55.6%,0.7,2.3,31.2%,1.3,1.8,75.7%,0.2,1.6,1.8,3.4,0.8,1.4,0.0,0.2,2.1,1.6,7.3,004846,"TIMOR, BAR",EuroCup
44,66.0,8.0,16.775252525252526,6.0,1.5,2.3,67.1%,0.5,1.7,29.2%,1.4,1.8,78.3%,0.5,2.3,2.8,1.3,0.5,1.0,0.1,0.2,1.5,2.0,7.6,005005,"SALVO, MIQUEL",EuroCup
45,40.0,4.0,18.31,6.2,0.7,1.3,54.7%,1.3,3.5,37.4%,0.9,1.0,89.7%,0.4,1.2,1.5,4.2,0.6,1.8,0.0,0.1,1.7,1.5,7.7,001607,"BASSAS, FERRAN",EuroCup
45,40.0,23.0,19.25375,9.6,1.6,3.0,54.2%,1.8,5.0,36.2%,0.9,1.1,86%,0.3,1.2,1.5,2.2,0.8,1.0,0.0,0.2,1.6,1.2,7.7,003637,"SLAUGHTER, AJ",EuroCup
47,33.0,20.0,21.96969696969697,9.1,1.5,2.8,52.7%,1.8,5.0,35.2%,0.9,1.4,61.7%,0.8,3.2,4.0,1.5,0.5,1.3,0.3,0.3,1.9,1.4,8.2,011187,"MEISNER, LUKAS",EuroCup
48,54.0,19.0,19.64012345679012,6.0,2.7,5.0,53.1%,0.0,0.1,25%,0.6,1.0,56.4%,2.0,2.6,4.6,1.4,1.1,0.9,0.1,0.4,2.8,1.8,8.2,010461,"MALDUNAS, GABRIELIUS",EuroCup
49,31.0,7.0,16.248924731182793,5.9,2.4,4.0,61%,0.0,0.0,0%,1.1,1.7,64.2%,1.8,2.0,3.8,0.6,0.4,0.9,0.5,0.1,1.2,1.5,8.4,003034,"PARAKHOUSKI, ARTSIOM",EuroCup
50,63.0,11.0,17.477248677248678,7.5,2.0,3.2,63.2%,1.0,2.0,47.3%,0.5,0.7,75.6%,0.9,2.8,3.7,0.7,0.5,0.8,0.3,0.1,1.9,1.0,8.4,010452,"PELOS, PIERRE",EuroCup
51,34.0,18.0,23.3,7.2,1.9,3.4,55.3%,1.0,2.1,45.8%,0.6,0.9,66.7%,1.4,2.6,4.0,2.4,0.6,1.4,0.1,0.1,2.4,1.1,8.5,009663,"HINRICHS, SETH",EuroCup
52,42.0,33.0,22.148015873015872,9.4,2.9,5.3,53.8%,0.6,2.0,31.7%,1.8,2.3,79.4%,1.2,3.4,4.5,1.3,0.9,1.9,0.4,0.3,3.3,1.9,8.8,011909,"PARKS, JORDAN",EuroCup
53,47.0,14.0,20.83014184397163,7.2,2.3,4.7,48.9%,0.5,1.6,28.9%,1.1,1.5,76.1%,0.6,1.3,1.9,4.0,1.0,1.6,0.1,0.2,1.5,1.9,8.8,010449,"BENITEZ, HUGO",EuroCup
54,45.0,35.0,22.72888888888889,7.9,0.6,1.1,57.1%,1.8,4.2,43.3%,1.3,1.5,83.8%,0.5,1.1,1.6,3.1,0.8,1.0,0.1,0.2,2.4,1.8,8.8,010582,"KLEPEISZ, THOMAS",EuroCup
55,37.0,3.0,22.783783783783782,9.9,2.7,5.2,52.1%,0.9,2.8,31.4%,1.8,2.5,72.8%,0.6,2.4,3.0,2.2,0.7,1.6,0.4,0.6,2.6,2.6,8.9,012698,"MOKOKA, ADAM",EuroCup
56,60.0,56.0,25.843055555555555,11.9,1.6,3.6,44.7%,2.4,6.2,39%,1.4,1.8,78.5%,0.4,1.8,2.3,3.4,0.9,2.3,0.1,0.3,3.3,2.3,8.9,008945,"NEEDHAM, DEREK",EuroCup
57,42.0,27.0,20.946031746031743,8.4,0.9,1.9,49.4%,1.6,3.6,43.4%,1.8,2.5,72.6%,0.4,2.1,2.5,1.7,1.5,0.9,0.4,0.1,2.9,2.2,9.1,010431,"MORGAN, JEREMY",EuroCup
58,37.0,25.0,24.163063063063063,7.2,1.4,3.1,46.9%,1.2,3.1,39.7%,0.6,1.0,63.2%,0.4,2.4,2.8,3.1,1.0,1.2,0.0,0.1,1.5,1.7,9.2,005516,"ZEMAITIS, KRISTUPAS",EuroCup
59,53.0,20.0,15.632704402515722,8.2,2.7,4.4,61.4%,0.3,0.9,36.2%,1.8,2.6,67.9%,1.6,2.2,3.9,1.1,0.7,1.4,0.6,0.2,2.8,2.6,9.5,003759,"TESSITORI,  AMEDEO",EuroCup
60,56.0,51.0,22.47023809523809,9.0,1.8,3.2,55.9%,1.4,3.5,41.8%,1.1,1.4,81.8%,1.1,2.3,3.4,1.0,0.8,0.6,0.1,0.1,1.8,1.6,9.6,006588,"SHURNA, JOHN",EuroCup
61,48.0,38.0,23.921180555555555,10.0,2.5,4.6,53.6%,1.3,3.4,37.4%,1.3,1.8,71.8%,0.8,3.6,4.4,1.5,0.4,1.7,0.2,0.2,2.4,2.2,9.7,011928,"SIMMS, AAMIR",EuroCup
62,32.0,22.0,23.398958333333333,8.4,2.2,4.5,50%,0.6,2.6,24.4%,2.1,2.6,79.5%,0.4,2.8,3.2,4.1,0.9,2.2,0.2,0.4,2.5,3.0,9.9,012593,"ELLIS, QUINN",EuroCup
63,45.0,5.0,17.251481481481484,7.8,3.1,4.6,66.5%,0.0,0.0,0%,1.6,2.4,65.5%,1.4,2.7,4.2,0.9,0.4,1.2,0.6,0.4,2.4,2.5,10.0,012016,"CONDITT IV, GEORGE",EuroCup
64,36.0,32.0,25.530555555555555,10.5,3.1,5.2,59.1%,1.2,3.8,31.1%,0.9,1.2,72.7%,1.8,3.1,4.9,1.4,0.6,1.5,0.6,0.4,2.8,2.0,10.2,005738,"GRAZULIS, ANDREJS",EuroCup
65,36.0,33.0,26.83287037037037,11.0,3.6,6.9,51.4%,0.6,2.6,23.9%,2.1,3.0,69.4%,1.2,2.9,4.1,1.9,1.3,1.6,0.3,0.4,2.6,2.6,10.4,012700,"STEWART, DJ",EuroCup
66,42.0,26.0,23.623809523809523,11.8,2.4,5.4,44.9%,1.1,3.6,29.4%,3.7,5.1,71.8%,0.4,1.9,2.3,3.3,0.7,2.5,0.3,0.5,2.3,4.5,10.5,011924,"ALLMAN, KYLE",EuroCup
67,32.0,12.0,21.040104166666666,10.1,2.1,4.4,47.9%,1.3,3.4,38.2%,2.0,2.5,79.7%,1.0,1.8,2.8,2.2,0.8,1.3,0.1,0.3,1.8,2.9,10.5,011821,"MASSINBURG, CJ",EuroCup
68,61.0,60.0,23.08087431693989,6.5,0.9,1.5,60.7%,1.1,3.4,31%,1.5,2.1,72.3%,0.3,1.4,1.7,4.3,1.6,2.1,0.0,0.0,1.4,3.6,10.6,003425,"ALBICY, ANDREW",EuroCup
69,47.0,39.0,23.52553191489362,8.8,2.0,3.3,60.8%,1.0,2.9,32.8%,2.0,2.7,72.7%,1.0,2.7,3.7,1.7,1.5,1.6,0.4,0.1,2.8,3.0,10.6,011797,"GUZMAN, KAREL",EuroCup
70,34.0,19.0,25.64264705882353,9.0,1.8,3.9,47%,1.1,3.0,35.3%,2.2,3.1,70.1%,0.6,2.1,2.7,4.3,1.1,1.7,0.0,0.1,2.8,3.1,10.7,005247,"TAYLOR, JORDAN",EuroCup
71,51.0,43.0,25.166013071895424,10.2,3.0,4.9,60.8%,0.7,2.5,29.4%,2.1,2.8,74.5%,0.8,2.4,3.2,1.4,1.0,1.5,0.1,0.3,2.1,3.1,10.7,005422,"JALLOW, KARIM",EuroCup
72,37.0,31.0,24.33153153153153,12.4,1.9,4.0,48.3%,2.1,4.7,45.4%,2.2,2.5,86.2%,0.6,1.5,2.1,1.9,0.8,2.0,0.1,0.3,2.0,2.7,10.9,004862,"SEELEY, DENNIS",EuroCup
73,49.0,27.0,25.98809523809524,7.6,1.1,1.7,64.2%,1.1,3.6,31.6%,2.1,2.4,85%,1.2,3.1,4.3,2.0,1.0,1.3,0.0,0.1,2.2,2.9,10.9,LXI,"LIPKEVICIUS, VYTENIS",EuroCup
74,32.0,18.0,24.380729166666665,14.0,2.2,4.6,48.6%,2.5,7.6,33.2%,1.9,2.2,88.6%,0.3,1.9,2.2,3.1,0.9,2.8,0.1,0.7,2.2,4.1,11.1,004292,"TOLIOPOULOS, VASSILIS",EuroCup
75,50.0,26.0,23.191666666666663,10.1,2.1,3.6,57.7%,1.5,4.0,36.1%,1.5,1.9,82.8%,1.1,4.0,5.1,1.7,0.6,1.3,0.4,0.1,2.6,1.9,11.3,009680,"MORGAN, CONOR",EuroCup
76,41.0,9.0,20.20691056910569,9.8,2.7,5.0,54.4%,0.9,2.2,38.9%,1.8,2.2,80%,1.1,2.8,3.9,0.9,0.9,1.0,0.2,0.4,1.4,2.5,11.4,004525,"SALASH, MAKSIM",EuroCup
77,40.0,32.0,27.06875,15.1,4.1,7.9,52.4%,1.5,5.4,27.5%,2.3,3.1,75%,0.4,2.1,2.4,2.6,1.0,2.1,0.1,0.2,2.4,3.3,11.4,011936,"MATHEWS, JONAH",EuroCup
78,40.0,19.0,18.180416666666662,8.0,3.1,5.3,59.2%,0.0,0.1,50%,1.6,2.0,78.8%,1.7,3.3,5.0,1.4,0.9,1.3,0.0,0.3,1.5,1.8,11.4,008325,"KAMENJAS, KENAN",EuroCup
79,32.0,17.0,24.719791666666666,10.9,1.8,3.4,53.6%,1.5,4.0,37.8%,2.7,3.4,79.1%,0.4,2.4,2.8,2.2,0.8,1.3,0.2,0.2,2.1,2.9,11.5,005521,"VARNAS, MARTYNAS",EuroCup
80,39.0,30.0,24.898717948717948,8.6,2.0,4.4,45.1%,0.8,3.0,25.9%,2.3,3.3,70.1%,0.8,3.2,4.0,3.8,1.4,2.2,0.2,0.4,2.3,4.1,11.6,009649,"PHILLIP, TARIK",EuroCup
81,36.0,21.0,23.119444444444444,11.0,3.0,6.4,47%,0.8,2.4,34.9%,2.4,2.9,83.8%,0.6,1.9,2.4,3.7,1.0,2.2,0.3,0.4,1.9,3.2,11.6,012606,"WRIGHT IV, MCKINLEY",EuroCup
82,61.0,59.0,24.29808743169399,10.3,1.4,2.6,53.8%,2.0,5.3,37.7%,1.6,2.0,82.5%,0.5,3.0,3.5,2.9,0.9,1.5,0.3,0.2,2.2,2.4,11.7,008121,"BRUSSINO, NICOLAS",EuroCup
83,43.0,15.0,25.013565891472865,10.2,2.0,3.0,65.9%,1.3,4.0,34.1%,2.2,2.5,86.9%,0.5,2.8,3.3,3.6,0.7,2.2,0.1,0.2,2.0,2.3,11.8,011801,"RICHARD, PATRICK",EuroCup
84,61.0,53.0,21.496174863387974,10.1,3.9,6.2,62.8%,0.0,0.1,0%,2.3,3.2,72.3%,1.7,2.3,4.0,0.5,0.2,0.9,1.0,0.3,2.2,2.7,11.8,011823,"ODIASE, TAI",EuroCup
85,37.0,15.0,18.94954954954955,8.8,3.5,5.2,67.9%,0.1,0.2,37.5%,1.4,1.8,79.1%,2.2,2.6,4.8,1.5,0.7,1.3,0.6,0.2,2.4,1.7,12.0,005373,"CATE, EMANUEL",EuroCup
86,37.0,18.0,24.337387387387388,13.1,3.0,5.4,55.6%,1.5,4.3,35.4%,2.6,3.1,83.6%,1.4,3.0,4.4,1.5,0.6,1.4,0.4,0.4,3.1,2.6,12.1,012577,"THURMAN, TRE'SHAWN",EuroCup
87,35.0,14.0,22.65095238095238,9.0,2.5,4.9,51.7%,0.8,2.2,35.5%,1.6,2.7,57.9%,0.9,2.5,3.4,5.0,1.5,2.8,0.0,0.4,2.0,3.4,12.1,010106,"NUNEZ, JUAN",EuroCup
88,34.0,13.0,21.51421568627451,12.0,2.6,4.3,59.6%,1.6,4.6,34.6%,2.1,2.4,88.8%,0.5,2.9,3.5,1.6,0.5,0.9,0.2,0.2,1.6,2.3,12.4,008052,"WILTJER, KYLE",EuroCup
89,58.0,51.0,24.25862068965517,10.5,3.9,6.0,64.6%,0.5,1.7,29.7%,1.2,1.8,65.7%,1.7,3.5,5.2,1.4,0.9,1.1,0.1,0.4,2.1,2.0,12.4,010550,"GINAT, TOMER",EuroCup
90,34.0,17.0,19.903921568627453,7.7,3.1,5.5,55.6%,0.0,0.3,0%,1.6,2.5,63.5%,2.4,4.2,6.6,1.1,0.4,0.7,0.2,0.4,1.8,2.9,12.4,004222,"OMIC, ALEN",EuroCup
91,51.0,27.0,19.86045751633987,10.2,4.2,6.3,67%,0.0,0.0,0%,1.7,3.4,52%,1.9,2.2,4.2,2.5,0.4,1.8,0.2,0.1,3.2,3.9,12.5,005113,"STIPANOVIC, ANDRIJA",EuroCup
92,37.0,21.0,22.847747747747743,11.1,3.5,5.7,61.1%,0.7,2.0,35.6%,2.1,2.5,80.9%,1.6,3.2,4.8,0.9,0.6,1.9,1.3,0.2,2.6,2.5,12.5,011935,"MAKOUNDOU, YOAN",EuroCup
93,37.0,29.0,25.339189189189188,12.7,2.4,4.7,50.3%,1.6,4.4,36.4%,3.2,4.2,76%,0.4,3.6,4.0,1.2,0.6,1.9,0.0,0.4,1.2,3.7,12.6,003452,"BLAZIC, JAKA",EuroCup
94,29.0,26.0,26.736781609195404,10.6,1.6,2.9,55.4%,1.8,4.7,37.8%,2.2,2.6,82.9%,0.3,2.4,2.7,5.1,1.3,2.1,0.1,0.1,2.5,2.7,13.1,004381,"SPISSU, MARCO",EuroCup
95,41.0,40.0,23.867073170731707,11.8,2.9,5.0,56.5%,1.4,3.8,37.2%,1.9,2.4,79.4%,1.0,3.4,4.4,1.6,1.4,1.3,0.4,0.1,2.4,2.3,13.2,011836,"MIKE, ISIAHA",EuroCup
96,38.0,31.0,22.882894736842104,12.7,3.6,7.1,50.4%,1.0,3.2,30.1%,2.7,3.7,72.1%,1.2,3.1,4.3,4.1,1.7,2.2,0.1,0.7,3.0,3.4,13.4,011944,"AGADA, CALEB",EuroCup
97,35.0,15.0,25.790476190476188,14.1,2.3,5.3,42.8%,1.7,4.9,34.9%,4.3,4.8,91%,0.3,1.9,2.2,3.2,1.0,1.9,0.1,0.2,2.6,4.3,13.4,011248,"ANDREWS, ANDREW",EuroCup
98,34.0,30.0,24.309803921568623,12.5,3.8,6.2,61.6%,0.7,1.8,40.3%,2.6,3.4,78.3%,1.4,3.4,4.8,1.6,0.6,2.3,0.6,0.4,2.6,3.5,14.1,011168,"DZIEWA, ALEKSANDER",EuroCup
99,44.0,37.0,26.70909090909091,13.9,2.7,5.0,55%,2.0,4.7,42.3%,2.4,2.9,82.2%,0.3,2.7,3.1,3.2,1.1,1.9,0.1,0.4,2.2,3.0,14.3,007759,"MUNFORD, XAVIER",EuroCup
100,44.0,40.0,28.910984848484848,14.4,3.1,5.6,55.9%,2.3,5.3,44%,1.2,1.5,77.6%,1.0,3.8,4.7,1.4,0.6,0.7,0.3,0.3,1.3,1.5,14.9,003840,"BOUTEILLE, AXEL",EuroCup
101,37.0,29.0,26.777927927927927,14.8,3.2,5.9,53.9%,1.9,4.6,40.4%,2.9,4.1,69.3%,0.7,2.7,3.5,2.4,1.2,1.7,0.4,0.3,2.1,3.7,15.0,011834,"PALMER JR., JAMES",EuroCup
102,36.0,26.0,25.20092592592593,11.7,3.2,5.6,56.7%,1.3,2.8,48%,1.4,1.9,71%,0.9,3.3,4.3,4.4,1.4,1.8,0.1,0.4,3.0,3.0,15.2,011247,"FELIZ, ANDRES",EuroCup
103,31.0,5.0,20.58010752688172,12.4,4.6,6.5,70%,0.2,0.5,35.7%,2.7,3.9,70.8%,1.7,3.4,5.1,0.8,1.0,0.8,0.5,0.3,1.8,2.3,15.7,006835,"HOARD, JAYLEN",EuroCup
104,54.0,34.0,22.212345679012348,11.8,4.8,8.6,55.4%,0.0,0.0,0%,2.3,3.3,69.4%,1.5,4.3,5.8,3.0,0.5,2.1,0.2,0.2,1.7,3.4,16.0,002507,"TOMIC, ANTE",EuroCup
105,39.0,36.0,28.3482905982906,14.2,1.8,3.9,44.8%,2.0,5.3,38.2%,4.6,5.3,86.5%,0.3,1.7,2.0,5.5,1.3,2.6,0.0,0.7,2.5,5.3,16.4,012003,"COWAN JR, ANTHONY",EuroCup
106,44.0,33.0,26.63409090909091,14.3,2.6,4.7,55.6%,2.0,5.5,37.1%,3.0,3.3,90.5%,0.3,2.0,2.3,4.3,0.9,1.8,0.0,0.2,1.8,4.2,16.4,011281,"FERRELL, YOGI",EuroCup
107,37.0,37.0,27.437387387387385,10.0,3.8,5.8,65.9%,0.0,0.3,10%,2.3,3.2,71.4%,2.6,4.5,7.1,1.0,0.8,1.1,1.9,0.3,2.3,3.0,16.9,011973,"ALEXANDER, KYLE",EuroCup
108,40.0,22.0,24.20083333333333,10.5,3.9,6.0,64.6%,0.2,0.5,38.1%,2.1,3.1,69.1%,2.8,5.2,8.0,1.9,0.6,1.6,1.0,0.4,2.1,3.0,17.6,002644,"BALVIN, ONDREJ",EuroCup
109,34.0,33.0,31.42303921568628,16.9,3.8,7.5,50.8%,1.9,5.7,34.2%,3.5,4.3,80.8%,0.6,3.3,3.9,4.4,1.6,2.9,0.3,0.5,2.5,4.8,17.8,011925,"WALLACE, TYRONE",EuroCup
1,57.0,33.0,14.334795321637428,2.4,0.3,0.7,39%,0.5,1.3,40.8%,0.2,0.3,82.4%,0.5,0.7,1.2,0.4,0.5,0.4,0.0,0.1,2.4,0.7,1.2,LUO,"LAZIC, BRANKO",EuroLeague
2,71.0,8.0,12.70093896713615,2.8,0.2,0.6,37.2%,0.7,2.2,32.1%,0.2,0.2,93.8%,0.1,0.6,0.7,0.6,0.5,0.3,0.0,0.1,1.7,0.9,1.5,007025,"MATTISSECK, JONAS",EuroLeague
3,87.0,17.0,7.1432950191570885,2.1,0.5,0.9,59.7%,0.2,0.7,30.2%,0.4,0.5,73.8%,0.3,0.6,0.9,0.3,0.4,0.3,0.0,0.1,1.1,0.6,1.8,011209,"KALAITZAKIS, PANAGIOTIS",EuroLeague
4,83.0,22.0,11.285341365461846,2.5,0.4,0.7,59.3%,0.5,1.4,35.7%,0.2,0.2,81.2%,0.6,1.4,2.0,0.3,0.4,0.3,0.2,0.0,2.0,0.3,2.2,001518,"RICCI, GIAMPAOLO",EuroLeague
5,86.0,48.0,10.702131782945736,2.9,0.7,1.2,57.9%,0.4,1.1,33%,0.4,0.4,91.9%,0.4,1.1,1.5,0.9,0.2,0.5,0.0,0.1,1.7,0.7,2.5,005145,"COHEN, JAKE",EuroLeague
6,96.0,52.0,12.718055555555557,4.1,0.8,1.5,54.6%,0.8,2.1,36.1%,0.2,0.3,78.6%,0.5,0.9,1.4,0.2,0.3,0.3,0.0,0.1,1.2,0.3,2.7,004197,"OUATTARA, YAKUBA",EuroLeague
7,69.0,11.0,12.956280193236717,4.0,0.8,1.9,43.8%,0.5,1.8,27%,0.9,1.1,76.9%,0.3,0.8,1.0,1.5,0.4,0.8,0.0,0.1,1.8,1.5,3.1,004058,"JARAMAZ, OGNJEN",EuroLeague
8,55.0,20.0,10.75848484848485,2.5,0.2,0.3,63.2%,0.7,1.5,43.4%,0.1,0.2,72.7%,0.4,1.6,1.9,0.5,0.3,0.2,0.0,0.0,1.0,0.3,3.2,003198,"DIEZ, DANIEL",EuroLeague
9,63.0,35.0,10.967724867724868,2.7,0.6,1.1,57.1%,0.4,1.2,32%,0.3,0.4,71.4%,0.7,1.4,2.1,0.4,0.4,0.3,0.2,0.0,1.4,0.6,3.2,009213,"NDIAYE, ELI",EuroLeague
10,76.0,41.0,17.928947368421053,4.6,1.1,2.4,45.1%,0.7,1.7,37.9%,0.5,0.6,88.1%,0.4,0.8,1.2,1.3,0.8,0.8,0.0,0.2,1.8,0.7,3.3,007513,"GIEDRAITIS, DOVYDAS",EuroLeague
11,53.0,14.0,15.26194968553459,4.6,1.2,2.0,57%,0.5,1.8,30.2%,0.7,0.8,85.4%,0.3,1.0,1.3,0.8,0.3,0.8,0.0,0.1,1.6,1.2,3.5,000229,"JACKSON, EDWIN",EuroLeague
12,58.0,34.0,14.867241379310345,3.9,0.7,1.4,51.9%,0.6,1.6,39.4%,0.5,0.6,85.7%,0.6,1.6,2.3,0.5,0.3,0.8,0.0,0.2,1.5,1.0,3.7,006643,"PUERTO, JOSEP",EuroLeague
13,88.0,28.0,15.878219696969696,4.5,1.0,1.8,54.7%,0.7,2.4,30%,0.4,0.7,60%,0.8,1.7,2.5,0.5,0.3,0.6,0.1,0.2,1.8,1.0,3.7,006251,"SCHNEIDER, TIM",EuroLeague
14,69.0,11.0,16.79951690821256,6.1,1.1,2.5,45.3%,1.1,3.1,36%,0.6,0.8,70.7%,0.4,0.9,1.3,1.3,0.5,0.9,0.1,0.2,2.1,1.2,3.7,003211,"DIMSA, TOMAS",EuroLeague
15,76.0,5.0,12.757017543859648,5.2,1.1,2.6,42.6%,0.7,1.8,38.1%,1.0,1.1,89%,0.1,0.7,0.8,1.4,0.3,1.1,0.0,0.2,1.2,1.5,4.0,003210,"LEKAVICIUS, LUKAS",EuroLeague
16,63.0,1.0,10.3484126984127,4.1,1.5,2.2,65.2%,0.0,0.0,0%,1.2,1.8,64.3%,1.0,1.0,2.0,0.5,0.4,1.0,0.2,0.1,2.3,1.7,4.1,008991,"BLACK, TARIK",EuroLeague
17,72.0,19.0,16.924305555555556,4.7,1.1,2.3,47%,0.6,1.9,30.9%,0.8,1.0,85.7%,0.5,1.9,2.4,0.5,0.2,0.6,0.1,0.2,1.7,1.3,4.2,KIR,"KAHUDI, CHARLES",EuroLeague
18,95.0,0.0,12.58140350877193,5.2,0.6,1.4,41.5%,1.1,2.9,35.8%,0.9,1.2,77.3%,0.3,1.1,1.4,1.2,0.5,0.9,0.1,0.1,1.7,1.5,4.2,010392,"LARENTZAKIS, GIANNOULIS",EuroLeague
19,89.0,25.0,14.149250936329588,3.7,1.3,2.1,59.9%,0.2,0.8,27.8%,0.5,0.7,64.1%,1.1,1.6,2.8,0.4,0.5,0.4,0.2,0.2,1.7,0.8,4.2,011244,"DA SILVA, OSCAR",EuroLeague
20,57.0,7.0,14.117543859649125,4.0,1.2,2.1,55.8%,0.4,1.6,25.6%,0.5,0.6,74.3%,0.9,1.7,2.5,0.5,0.4,0.4,0.1,0.1,1.4,0.8,4.2,007464,"PARRA, JOEL",EuroLeague
21,61.0,15.0,13.485245901639344,3.6,1.4,2.3,58.7%,0.2,0.5,35.5%,0.3,0.6,52.6%,1.1,1.6,2.7,0.7,0.4,0.7,0.1,0.2,1.6,0.9,4.2,010393,"PRADILLA, JAIME",EuroLeague
22,80.0,34.0,16.644375,4.6,1.0,2.2,47.7%,0.6,1.7,37.3%,0.6,0.9,69.4%,0.4,1.4,1.8,0.7,0.4,0.6,0.2,0.1,1.4,1.1,4.2,005161,"PAPAPETROU, IOANNIS",EuroLeague
23,90.0,66.0,19.55462962962963,5.2,1.1,2.5,44.7%,0.7,1.8,39.8%,0.8,1.0,73.9%,0.5,1.4,1.9,1.2,0.6,0.8,0.0,0.2,2.1,1.3,4.3,003526,"LIGHTY, DAVID",EuroLeague
24,61.0,14.0,12.465573770491805,4.8,1.3,2.1,60.5%,0.7,1.9,35.4%,0.3,0.3,76.2%,1.0,1.6,2.6,0.4,0.2,0.5,0.3,0.1,1.7,0.5,4.4,008966,"TOBEY, MIKE",EuroLeague
25,78.0,25.0,11.873290598290598,4.1,0.8,1.2,67.4%,0.7,1.8,36.4%,0.6,0.7,74.1%,0.7,1.7,2.4,0.6,0.3,0.4,0.2,0.0,1.6,0.6,4.5,004790,"CORNELIE, PETR",EuroLeague
26,82.0,24.0,16.47012195121951,5.0,1.3,2.2,57.1%,0.6,2.2,29.9%,0.5,0.6,75%,0.8,1.5,2.3,1.7,0.7,1.2,0.1,0.2,2.3,1.0,4.5,008211,"DELOW, MALTE",EuroLeague
27,82.0,38.0,13.777235772357724,3.3,1.5,2.8,52.6%,0.0,0.0,0%,0.4,0.9,45.7%,1.6,2.1,3.8,0.4,0.5,0.9,0.7,0.3,2.5,1.3,4.5,011941,"GILLESPIE, FREDDIE",EuroLeague
28,104.0,53.0,14.205448717948716,5.5,1.4,2.5,58.4%,0.6,1.9,31.8%,0.8,1.0,80.8%,0.8,1.7,2.5,0.7,0.3,0.7,0.4,0.1,2.6,1.1,4.6,002968,"SANLI, SERTAC",EuroLeague
29,52.0,17.0,14.272115384615384,5.6,0.6,1.4,45.8%,1.3,3.3,39.7%,0.3,0.4,73.9%,0.4,2.0,2.4,0.5,0.4,0.6,0.1,0.1,1.4,0.7,4.6,012715,"MANEK, BRADY",EuroLeague
30,82.0,19.0,16.634349593495934,5.2,1.0,1.9,51.9%,0.9,2.0,45.6%,0.6,0.7,83.6%,0.6,1.4,2.0,0.7,0.4,0.5,0.1,0.1,2.0,1.0,4.7,001557,"GIFFEY, NIELS",EuroLeague
31,51.0,6.0,9.544771241830066,4.3,1.6,2.5,66.4%,0.1,0.3,35.3%,0.7,0.9,79.5%,1.0,1.3,2.3,0.3,0.3,0.5,0.5,0.1,1.9,0.7,4.7,007639,"BRANKOVIC, DANKO",EuroLeague
32,73.0,28.0,13.351141552511416,5.1,1.3,2.4,54%,0.5,1.6,32.2%,0.9,1.1,85.7%,0.3,0.8,1.2,1.8,0.6,0.9,0.2,0.1,1.7,1.2,4.9,011052,"MADAR, YAM",EuroLeague
33,87.0,47.0,15.964942528735632,4.3,0.7,1.4,52.5%,0.8,1.9,40.2%,0.5,0.7,79.3%,0.4,1.8,2.1,1.4,0.4,0.4,0.0,0.1,1.6,0.6,4.9,003733,"ABALDE, ALBERTO",EuroLeague
34,54.0,7.0,13.09783950617284,5.7,0.8,1.7,47.8%,0.9,2.1,41.4%,1.4,1.6,89.7%,0.1,0.9,1.1,0.9,0.3,0.9,0.1,0.1,1.4,1.5,4.9,000956,"ANDJUSIC, DANILO",EuroLeague
35,86.0,38.0,16.372093023255815,6.2,1.5,2.6,58.5%,0.9,2.7,33.5%,0.5,0.6,73.6%,0.4,1.3,1.8,0.9,0.5,0.7,0.0,0.1,1.4,1.0,5.1,004007,"DOBRIC, OGNJEN",EuroLeague
36,102.0,8.0,17.31078431372549,6.9,0.9,2.2,39.3%,1.4,4.4,30.9%,1.1,1.4,81.9%,0.2,1.1,1.3,2.2,0.3,0.9,0.0,0.1,1.4,1.5,5.1,TGB,"LLULL, SERGIO",EuroLeague
37,83.0,23.0,15.146586345381529,5.8,1.0,1.9,50%,0.9,2.3,38.4%,1.2,1.5,81.1%,0.2,0.6,0.8,1.7,0.4,0.8,0.0,0.2,1.6,1.8,5.3,008099,"STRAZEL, MATTHEW",EuroLeague
38,80.0,16.0,15.943958333333333,4.5,1.0,1.8,56.8%,0.7,1.5,45.5%,0.3,0.5,64.3%,0.4,1.6,1.9,1.1,0.5,0.4,0.0,0.2,1.2,0.8,5.3,006509,"TONUT, STEFANO",EuroLeague
39,83.0,28.0,15.862449799196789,5.6,1.1,2.1,51.4%,0.9,2.1,42.5%,0.8,1.0,79.7%,0.4,1.2,1.6,1.3,0.6,0.8,0.2,0.1,1.6,1.1,5.4,001392,"CAUSEUR, FABIEN",EuroLeague
40,59.0,22.0,16.095197740112994,4.5,1.0,1.6,60.4%,0.6,1.6,38.7%,0.7,0.9,78.4%,0.4,2.0,2.4,0.6,0.5,0.4,0.3,0.1,1.5,1.1,5.5,007960,"DAVIDOVAC, DEJAN",EuroLeague
41,99.0,31.0,17.293265993265994,6.2,0.5,1.1,49.1%,1.5,3.4,43.9%,0.7,0.8,87.2%,0.6,1.4,2.0,0.7,0.5,0.5,0.2,0.1,2.3,1.4,5.6,003478,"ABRINES, ALEX",EuroLeague
42,68.0,12.0,15.57230392156863,4.4,1.8,3.0,60.6%,0.0,0.0,0%,0.8,1.1,67.9%,1.2,1.7,2.9,1.1,0.5,0.8,0.5,0.3,2.2,1.1,5.6,002812,"HINES, KYLE",EuroLeague
43,93.0,29.0,19.052688172043013,4.1,0.7,1.4,48.4%,0.7,2.1,34.5%,0.6,0.8,75%,0.4,1.6,2.0,3.2,1.0,1.1,0.1,0.2,2.5,1.3,5.6,006739,"PAJOLA, ALESSANDRO",EuroLeague
44,101.0,15.0,16.455940594059406,5.4,0.3,0.9,38.5%,1.3,3.0,41.4%,1.0,1.0,96.1%,0.7,1.3,1.9,1.0,0.7,0.4,0.0,0.1,2.1,1.8,5.8,007990,"DIBARTOLOMEO, JOHN",EuroLeague
45,72.0,3.0,14.984722222222224,4.7,0.8,1.9,44.2%,0.9,2.4,36.2%,0.4,0.4,84.4%,0.2,1.3,1.5,4.3,0.5,1.3,0.0,0.1,2.0,0.9,5.8,CVM,"RODRIGUEZ, SERGIO",EuroLeague
46,62.0,51.0,15.409408602150538,5.7,1.5,2.7,54.2%,0.7,1.8,37.5%,0.8,0.8,94.1%,0.8,2.0,2.8,0.9,0.5,0.8,0.1,0.2,1.7,1.1,6.0,012710,"OSMANI, ERCAN",EuroLeague
47,89.0,16.0,14.969101123595506,4.0,0.8,1.5,52.6%,0.6,1.8,34.4%,0.6,0.8,72.9%,0.8,2.2,3.0,1.0,0.4,0.4,0.5,0.1,1.2,1.1,6.1,002084,"POLONARA, ACHILLE",EuroLeague
48,53.0,26.0,16.68553459119497,6.1,1.2,2.7,44.1%,0.9,2.8,34.2%,0.8,1.4,60.8%,0.4,2.0,2.4,2.0,0.8,1.1,0.2,0.1,2.1,1.9,6.1,005099,"HANGA, ADAM",EuroLeague
49,115.0,85.0,20.078840579710143,9.1,1.1,2.3,47.8%,1.9,4.8,40%,1.2,1.4,84.3%,0.3,1.0,1.2,1.2,0.7,1.0,0.1,0.2,2.0,1.3,6.2,010612,"CANAAN, ISAIAH",EuroLeague
50,68.0,7.0,16.20122549019608,8.0,1.7,3.3,51.6%,1.3,3.1,41.1%,0.7,0.9,78.3%,0.3,0.9,1.2,1.9,0.3,1.1,0.1,0.2,1.8,1.4,6.2,009992,"BRIZUELA, DARIO",EuroLeague
51,80.0,15.0,18.216041666666666,8.0,1.2,2.4,50%,1.6,3.6,45.5%,0.7,0.8,84.6%,0.6,1.8,2.4,1.0,0.4,0.9,0.1,0.2,2.2,0.9,6.2,006961,"BIBEROVIC, TARIK",EuroLeague
52,99.0,50.0,16.38922558922559,4.3,1.8,2.8,63.7%,0.0,0.1,15.4%,0.7,1.2,62.1%,1.5,1.8,3.3,0.8,0.7,0.6,0.6,0.1,2.4,1.3,6.3,003048,"DUNSTON, BRYANT",EuroLeague
53,64.0,39.0,14.8578125,6.4,2.0,3.5,55.5%,0.7,1.8,37.2%,0.5,0.5,90.6%,1.0,1.8,2.9,0.5,0.3,0.6,0.4,0.1,1.3,0.6,6.3,LHK,"PLEISS, TIBOR",EuroLeague
54,90.0,31.0,13.87611111111111,6.3,1.8,2.7,64.9%,0.6,1.5,40.9%,1.0,1.4,70.3%,1.1,1.3,2.4,0.5,0.5,0.7,0.5,0.2,2.3,1.6,6.3,011051,"SMAILAGIC, ALEN",EuroLeague
55,86.0,35.0,18.18313953488372,10.3,1.4,3.2,44.6%,1.9,5.2,36.8%,1.7,2.0,86.9%,0.1,1.0,1.2,1.3,0.4,0.9,0.0,0.2,1.7,1.3,6.4,BCN,"BELINELLI, MARCO",EuroLeague
56,91.0,51.0,17.46923076923077,8.1,2.5,5.1,48.3%,0.6,2.3,27.3%,1.4,1.7,81.7%,0.7,1.9,2.6,1.1,0.3,0.9,0.1,0.4,1.5,1.6,6.5,011983,"BRAZDEIKIS, IGNAS",EuroLeague
57,78.0,24.0,17.476282051282052,7.9,2.0,3.3,60.5%,0.9,3.4,25%,1.3,1.7,76.9%,0.6,1.3,1.9,0.7,0.9,1.0,0.3,0.2,1.3,1.6,6.5,008384,"PROCIDA, GABRIELE",EuroLeague
58,83.0,34.0,21.326506024096386,9.4,0.6,1.3,44.2%,2.6,6.3,41.2%,0.5,0.7,81.8%,0.3,1.5,1.8,1.2,0.5,1.0,0.0,0.2,1.8,1.1,6.6,004508,"OBST, ANDREAS",EuroLeague
59,53.0,13.0,17.175786163522012,5.2,0.9,1.6,54.1%,1.0,2.4,40.8%,0.6,0.7,79.5%,0.9,2.2,3.1,0.6,0.5,0.5,0.3,0.1,1.1,1.0,6.7,009664,"WILLIS, DEREK",EuroLeague
60,117.0,57.0,20.39273504273504,6.5,2.1,3.4,61.2%,0.6,2.0,27.3%,0.7,1.2,61.5%,1.1,2.3,3.4,0.3,0.4,0.4,0.2,0.1,2.0,1.6,6.7,011231,"BLOSSOMGAME, JARON",EuroLeague
61,92.0,34.0,21.95905797101449,4.9,0.9,1.7,54.8%,0.6,1.9,33.3%,1.2,1.4,80.5%,0.9,2.7,3.6,1.3,1.0,1.0,0.2,0.2,2.6,1.8,6.7,002676,"BUTKEVICIUS, ARNAS",EuroLeague
62,71.0,25.0,18.33075117370892,7.0,1.2,2.1,57.2%,1.3,3.6,36%,0.7,1.0,71.2%,0.9,2.7,3.6,0.5,0.7,0.5,0.3,0.2,2.3,1.1,6.7,011971,"WEBB III, JAMES",EuroLeague
63,56.0,13.0,17.716369047619047,5.9,1.4,2.7,49.7%,0.6,2.0,31.9%,1.2,1.4,86.2%,0.9,2.3,3.2,1.2,0.6,1.3,0.0,0.3,1.6,2.2,7.0,005356,"LOPEZ-AROSTEGUI, XABI",EuroLeague
64,92.0,57.0,22.957246376811597,9.4,1.4,2.7,52%,1.8,4.7,39.2%,1.1,1.5,78.4%,0.5,1.4,1.9,1.3,0.4,0.8,0.0,0.3,2.2,1.5,7.1,004761,"MARINKOVIC, VANJA",EuroLeague
65,47.0,13.0,16.365248226950353,8.3,2.3,3.7,61.5%,1.0,3.1,31%,0.9,1.2,75%,0.3,1.5,1.8,1.7,0.7,1.1,0.2,0.1,2.0,1.5,7.1,003983,"AVRAMOVIC, ALEKSA",EuroLeague
66,105.0,37.0,13.736031746031744,6.0,2.5,3.9,63.9%,0.0,0.0,0%,1.0,1.6,64.8%,1.2,2.0,3.2,0.4,0.2,0.7,0.4,0.2,1.8,1.6,7.1,005504,"BIRUTIS, LAURYNAS",EuroLeague
67,94.0,81.0,22.13936170212766,5.4,2.2,4.5,47.8%,0.0,0.1,25%,0.9,1.4,70.1%,1.9,1.5,3.4,1.1,1.1,0.7,0.1,0.1,2.2,2.0,7.1,010588,"BROWN III, JOHN",EuroLeague
68,95.0,69.0,20.563333333333333,5.7,1.1,2.2,50%,0.8,2.0,38.8%,1.2,1.5,78.9%,0.4,2.1,2.4,2.8,0.6,1.4,0.0,0.2,2.4,2.4,7.3,001844,"HACKETT, DANIEL",EuroLeague
69,90.0,39.0,18.940740740740743,7.6,1.2,2.4,47.3%,1.4,3.8,36.2%,1.1,1.3,86.6%,0.3,1.5,1.8,2.7,0.9,1.5,0.1,0.3,1.6,1.4,7.3,007947,"VILDOZA, LUCA",EuroLeague
70,62.0,8.0,16.260215053763442,8.0,1.2,2.3,50.7%,1.6,3.5,46.4%,0.8,1.0,79.7%,0.9,1.9,2.9,0.7,0.5,0.5,0.1,0.3,1.5,0.8,7.4,011085,"ROGKAVOPOULOS, NIKOLAOS",EuroLeague
71,81.0,47.0,18.325102880658434,5.5,1.3,2.5,50.5%,0.8,1.9,39.9%,0.7,0.9,78.6%,1.1,2.2,3.3,1.1,0.4,0.6,0.2,0.1,1.0,1.3,7.5,010560,"PIERRE, DYSHAWN",EuroLeague
72,52.0,31.0,20.620512820512825,8.5,2.8,6.4,44.1%,0.4,1.6,24.4%,1.7,2.0,82.9%,0.5,1.7,2.1,3.6,0.4,2.3,0.0,0.4,1.6,2.4,7.5,008173,"SPAGNOLO, MATTEO",EuroLeague
73,111.0,7.0,16.865015015015015,8.0,1.9,2.9,63.9%,0.9,2.8,32.4%,1.5,2.3,68%,0.5,1.2,1.7,1.4,0.8,0.9,0.0,0.2,1.3,1.9,7.7,007853,"MCKISSIC, SHAQUIELLE",EuroLeague
74,89.0,46.0,14.310674157303373,6.7,2.8,4.6,61.4%,0.0,0.0,0%,1.0,1.8,57.4%,1.4,2.3,3.8,0.5,0.4,1.1,0.2,0.2,1.8,1.8,7.8,002581,"JAITEH, MAM",EuroLeague
75,91.0,63.0,21.715201465201464,6.6,1.3,2.7,48.6%,0.9,2.5,35.8%,1.3,1.5,84.3%,1.5,2.7,4.2,1.1,0.7,1.0,0.3,0.2,2.4,1.7,7.9,006760,"BONGA, ISAAC",EuroLeague
76,93.0,43.0,20.601612903225806,8.4,2.3,4.8,49.1%,0.8,2.0,38.9%,1.4,1.7,80.1%,0.2,1.7,2.0,2.9,0.8,1.5,0.0,0.3,2.4,1.9,7.9,007982,"WILLIAMS-GOSS, NIGEL",EuroLeague
77,53.0,7.0,17.260377358490565,9.6,1.5,3.3,46.6%,1.2,3.8,30%,3.0,3.6,83.3%,0.1,0.7,0.8,2.8,0.5,1.5,0.0,0.3,2.0,3.2,7.9,011970,"HARPER, JARED",EuroLeague
78,58.0,22.0,20.30057471264368,7.7,2.4,4.8,50.7%,0.6,1.9,31.5%,1.1,1.5,73.9%,1.2,2.9,4.0,0.7,0.6,1.3,0.7,0.2,1.8,1.7,8.0,008847,"MICKEY, JORDAN",EuroLeague
79,72.0,45.0,21.42129629629629,8.4,1.2,2.2,53.8%,1.5,3.6,41.8%,1.5,1.8,86.6%,0.3,1.8,2.1,1.4,0.5,1.0,0.0,0.1,2.3,2.3,8.0,002328,"GRIGONIS, MARIUS",EuroLeague
80,109.0,81.0,18.86376146788991,5.8,2.3,4.1,56.1%,0.0,0.0,50%,1.1,1.5,75.9%,1.9,2.4,4.3,0.5,0.8,0.9,0.8,0.3,2.3,1.5,8.1,010390,"HAYES, KEVARRIUS",EuroLeague
81,90.0,37.0,21.346111111111117,8.5,1.8,3.6,50%,1.2,3.6,32.8%,1.4,1.8,79.2%,0.4,1.8,2.2,2.3,0.7,1.2,0.0,0.2,1.6,2.0,8.1,010781,"LUNDBERG, IFFE",EuroLeague
82,53.0,20.0,19.654402515723277,5.5,1.3,2.7,47.2%,0.4,1.2,32.8%,1.8,2.2,80.9%,1.2,2.5,3.7,1.6,0.8,1.3,0.1,0.2,1.8,2.4,8.1,004172,"PONITKA, MATEUSZ",EuroLeague
83,86.0,32.0,17.64108527131783,8.5,3.3,6.1,54.3%,0.1,0.4,33.3%,1.5,2.2,67.5%,1.3,2.2,3.6,1.0,0.6,1.3,0.3,0.7,2.2,2.1,8.1,011934,"WETZELL, YANNI",EuroLeague
84,63.0,17.0,17.82857142857143,7.3,1.3,3.0,42.3%,1.1,2.8,39.7%,1.4,1.8,81.1%,0.3,1.5,1.7,3.5,0.5,1.5,0.0,0.3,1.6,2.2,8.2,012044,"DOS SANTOS, YAGO",EuroLeague
85,78.0,56.0,25.039957264957263,10.9,2.8,5.6,48.9%,1.2,3.4,35%,1.8,2.2,83.3%,0.7,2.4,3.1,1.8,0.8,2.1,0.1,0.4,2.7,2.2,8.3,012080,"LUWAWU-CABARROT, TIMOTHE",EuroLeague
86,100.0,65.0,20.096166666666665,6.2,1.5,2.6,58.8%,0.9,2.7,32.2%,0.5,0.8,65.1%,1.1,3.4,4.5,2.0,0.4,1.2,0.3,0.1,1.5,1.0,8.5,007201,"VOIGTMANN, JOHANNES",EuroLeague
87,89.0,49.0,25.529026217228463,7.9,1.7,3.4,49.5%,1.1,3.0,36.7%,1.3,1.5,83.6%,0.6,2.0,2.5,2.6,0.8,1.3,0.1,0.2,2.0,2.0,8.5,011205,"HALL, DEVON",EuroLeague
88,67.0,47.0,21.12139303482587,7.5,1.9,3.0,62.8%,0.9,2.6,33.5%,1.1,1.4,79.2%,1.1,2.5,3.5,1.2,0.6,0.9,0.4,0.3,2.2,1.9,8.6,006919,"OLINDE, LOUIS",EuroLeague
89,86.0,41.0,15.423837209302324,6.8,2.9,4.4,66.7%,0.0,0.0,0%,1.0,1.6,63%,1.5,1.9,3.4,0.6,0.3,0.7,0.4,0.3,1.4,1.5,8.6,004554,"ZIZIC, ANTE",EuroLeague
90,114.0,100.0,23.06213450292398,7.0,1.2,2.1,59.7%,1.2,3.2,37.9%,0.8,1.2,69.2%,0.7,2.7,3.4,2.2,0.7,1.1,0.2,0.1,1.7,1.3,8.6,001255,"PAPANIKOLAOU, KOSTAS",EuroLeague
91,64.0,31.0,15.201041666666669,5.7,2.4,3.7,65.8%,0.0,0.0,0%,0.8,1.4,59.3%,1.8,3.0,4.8,0.3,0.3,0.9,1.0,0.2,2.0,1.4,8.6,010791,"KOUMADJE, KHALIFA",EuroLeague
92,94.0,37.0,20.65921985815603,7.8,0.5,1.2,41.6%,1.9,5.2,36.9%,1.0,1.1,91.2%,0.2,1.4,1.6,5.3,0.4,2.2,0.0,0.1,1.2,1.2,8.7,011193,"BLATT, TAMIR",EuroLeague
93,103.0,26.0,17.66990291262136,7.3,2.3,4.4,51.9%,0.5,1.5,35.5%,1.2,1.5,79.5%,0.5,1.7,2.2,3.2,0.5,1.5,0.0,0.2,1.4,1.9,8.7,007519,"JOKUBAITIS, ROKAS",EuroLeague
94,107.0,64.0,21.34127725856698,8.9,2.2,3.5,62%,1.1,2.9,38.1%,1.2,1.4,81.8%,1.1,2.7,3.7,1.1,0.4,1.2,0.1,0.2,2.6,1.9,8.7,007109,"SMITS, ROLANDS",EuroLeague
95,104.0,52.0,22.024519230769236,15.5,2.1,4.5,46.8%,3.0,8.1,37.3%,2.2,2.6,85.6%,0.3,1.0,1.3,1.4,0.5,1.6,0.0,0.6,2.5,2.6,8.7,011948,"HOWARD, MARKUS",EuroLeague
96,76.0,30.0,19.4015350877193,9.9,2.1,3.9,52.7%,1.5,4.2,35.7%,1.2,1.6,80.5%,0.3,1.3,1.6,2.5,0.5,1.4,0.0,0.4,1.3,2.2,8.8,007032,"LO, MAODO",EuroLeague
97,72.0,13.0,18.20578703703704,8.5,0.7,1.6,44%,1.7,4.7,36.5%,1.9,2.3,85.3%,0.3,1.3,1.6,5.1,0.5,2.2,0.1,0.2,2.5,2.3,8.9,JDR,"TEODOSIC, MILOS",EuroLeague
98,100.0,35.0,18.68933333333333,7.1,2.5,4.0,63.6%,0.5,1.1,46.2%,0.6,0.7,77%,1.2,2.8,4.0,0.7,0.4,0.8,1.1,0.1,2.0,0.9,9.0,005844,"PAPAGIANNIS, GEORGIOS",EuroLeague
99,55.0,46.0,20.973030303030303,7.7,2.7,5.0,53.1%,0.4,1.6,27%,1.1,1.6,70.1%,0.5,2.1,2.6,3.2,1.1,1.6,0.3,0.2,2.2,2.2,9.1,008985,"BOLMARO, LEANDRO",EuroLeague
100,104.0,66.0,22.08301282051282,6.6,1.7,3.0,56.4%,0.8,2.2,37.4%,0.8,1.3,61.7%,1.2,3.3,4.4,1.5,0.8,1.0,0.4,0.1,2.8,2.2,9.1,002849,"MELLI, NICOLO",EuroLeague
101,101.0,34.0,18.435808580858087,8.8,3.0,5.0,60.6%,0.4,1.3,33.1%,1.4,1.8,78.1%,1.6,1.8,3.5,0.8,0.4,1.0,0.6,0.2,2.1,1.7,9.1,011219,"SORKIN, ROMAN",EuroLeague
102,112.0,99.0,24.696875,7.5,1.6,3.1,52%,1.1,2.7,41.5%,1.0,1.4,66.5%,0.9,2.8,3.7,2.2,0.8,1.4,0.1,0.3,1.9,1.9,9.1,004866,"KALINIC, NIKOLA",EuroLeague
103,55.0,34.0,17.944545454545455,5.6,1.9,3.5,53.6%,0.3,1.0,28.6%,1.0,1.5,64.7%,1.3,2.9,4.3,3.1,0.7,1.7,0.1,0.3,2.1,2.3,9.3,006589,"SIKMA, LUKE",EuroLeague
104,99.0,63.0,24.49090909090909,7.4,1.1,2.2,49.5%,1.5,3.9,38.5%,0.7,0.9,77.6%,1.0,2.6,3.6,3.1,1.0,1.1,0.1,0.2,2.3,1.4,9.3,010391,"WEILER-BABB, NICK",EuroLeague
105,109.0,93.0,16.96834862385321,8.0,2.8,4.6,61.6%,0.4,1.1,35%,1.2,2.0,61.5%,1.1,2.3,3.4,0.9,0.4,1.0,0.2,0.2,1.9,2.6,9.4,LCZ,"MOTIEJUNAS, DONATAS",EuroLeague
106,117.0,47.0,18.497578347578347,8.7,1.7,3.1,55.2%,1.3,2.6,50.2%,1.4,1.5,91.4%,0.9,2.4,3.3,0.9,0.4,0.8,0.1,0.3,1.8,1.6,9.4,008829,"PETERS, ALEC",EuroLeague
107,90.0,81.0,23.658703703703704,7.0,2.1,4.1,51.2%,0.8,2.5,32.7%,0.4,0.8,44%,0.5,3.3,3.8,4.7,1.0,1.9,0.1,0.3,2.2,1.3,9.4,001932,"CALATHES, NICK",EuroLeague
108,102.0,57.0,22.6140522875817,8.4,1.9,3.5,55.1%,1.0,3.2,32.4%,1.4,1.8,79.7%,1.1,2.8,3.9,1.1,0.8,0.6,0.2,0.3,1.7,1.7,9.5,006436,"GIEDRAITIS, ROKAS",EuroLeague
109,77.0,48.0,22.075108225108224,8.6,2.4,4.5,54.5%,0.9,2.3,37.7%,1.2,1.6,72.6%,1.4,3.2,4.5,0.8,0.6,0.8,0.2,0.2,1.9,1.5,9.5,007866,"MITOGLOU, KONSTANTINOS",EuroLeague
110,94.0,45.0,22.32677304964539,9.9,2.0,3.7,55.3%,1.7,3.8,44.5%,0.8,0.9,86.2%,0.3,1.6,1.9,2.0,0.8,0.8,0.5,0.1,1.9,1.1,9.6,006590,"BEAUBOIS, RODRIGUE",EuroLeague
111,107.0,101.0,24.401869158878505,6.7,1.4,2.9,50.7%,1.0,3.2,31.9%,0.8,1.0,78.1%,0.6,2.2,2.7,5.1,1.5,1.8,0.1,0.1,2.5,1.8,9.7,008855,"WALKUP, THOMAS",EuroLeague
112,84.0,13.0,18.051388888888887,8.7,3.3,5.7,58.5%,0.1,0.4,28.1%,1.8,2.7,65.7%,1.7,1.8,3.5,0.9,0.7,1.1,0.3,0.5,2.1,2.8,9.7,011214,"RIVERO, JASIEL",EuroLeague
113,103.0,63.0,22.397896440129447,13.3,2.8,5.6,49.4%,1.9,5.7,34.4%,2.0,2.2,90.2%,0.4,1.4,1.8,2.1,0.8,1.7,0.1,0.6,1.9,2.9,10.0,011987,"EDWARDS, CARSEN",EuroLeague
114,87.0,30.0,17.340613026819923,7.7,3.0,4.8,62.1%,0.0,0.0,50%,1.7,2.4,68.2%,1.7,2.5,4.2,1.6,0.4,1.2,0.2,0.4,2.3,2.5,10.1,002553,"MITROVIC, LUKA",EuroLeague
115,63.0,51.0,25.00740740740741,11.9,2.3,4.5,52.1%,2.0,4.8,41.1%,1.3,1.3,92.9%,0.7,2.4,3.1,2.2,0.8,1.7,0.2,0.5,2.1,1.3,10.2,012720,"BROWN, STERLING",EuroLeague
116,105.0,85.0,26.237301587301587,8.2,1.9,3.8,49.4%,0.7,2.0,36%,2.2,2.6,84.1%,1.2,2.2,3.4,2.4,0.7,1.4,0.1,0.2,2.4,3.2,10.3,002329,"ULANOVAS, EDGARAS",EuroLeague
117,60.0,7.0,16.176944444444445,8.2,3.4,4.8,70.5%,0.0,0.0,0%,1.4,2.2,65.4%,1.9,2.2,4.0,0.5,0.4,1.0,1.0,0.3,2.4,2.0,10.3,012788,"OTURU, DAN",EuroLeague
118,94.0,74.0,16.935460992907803,7.6,3.1,4.7,65.8%,0.0,0.0,0%,1.4,2.2,65.4%,2.1,3.4,5.4,0.2,0.2,1.0,0.4,0.2,2.3,2.3,10.3,006568,"FALL, YOUSSOUPHA",EuroLeague
119,73.0,57.0,19.171917808219177,7.3,3.0,5.1,59.5%,0.0,0.0,0%,1.3,2.1,62.3%,1.5,2.3,3.8,1.3,0.7,0.6,0.3,0.5,1.7,2.5,10.4,004603,"KOTSAR, MAIK",EuroLeague
120,67.0,18.0,21.10771144278607,9.5,2.3,3.5,65%,1.3,3.8,33.7%,1.1,1.6,70%,1.3,2.9,4.2,1.6,0.6,1.1,0.9,0.2,2.7,2.0,10.5,010444,"COSTELLO, MATTHEW",EuroLeague
121,92.0,68.0,26.00289855072464,10.4,1.6,4.0,40.6%,1.7,5.0,34.2%,2.1,2.5,86.3%,0.2,1.5,1.8,4.2,1.3,1.8,0.0,0.4,1.8,2.8,10.6,011225,"LEE, PARIS",EuroLeague
122,89.0,60.0,23.073033707865168,10.8,2.0,4.1,49.2%,1.4,3.9,36.5%,2.5,2.8,89.9%,0.4,2.2,2.7,2.2,0.9,1.1,0.1,0.2,2.8,3.0,10.6,009754,"LOYD, JORDAN",EuroLeague
123,69.0,32.0,24.86256038647343,10.6,2.4,4.1,58.1%,1.4,3.3,41.8%,1.8,2.0,87.7%,0.6,2.0,2.6,2.1,0.6,1.3,0.1,0.2,1.7,1.7,10.7,007400,"NUNNALLY, JAMES",EuroLeague
124,84.0,64.0,23.20297619047619,9.5,2.7,4.8,56.6%,0.8,2.6,28.9%,1.9,2.3,79.2%,0.8,2.7,3.5,2.9,0.8,1.7,0.3,0.1,2.6,2.6,10.8,009549,"CORDINIER, ISAIA",EuroLeague
125,82.0,66.0,27.2260162601626,8.6,1.7,3.3,52.2%,1.2,2.8,42.3%,1.6,1.8,85.4%,0.4,1.8,2.2,3.3,1.2,0.9,0.1,0.1,2.2,2.1,10.8,011204,"GRANT, JERIAN",EuroLeague
126,57.0,28.0,18.396198830409357,9.4,3.2,5.2,62.9%,0.6,1.6,40.7%,0.9,1.3,69.7%,1.7,3.3,5.0,0.9,0.3,1.4,0.9,0.2,2.4,1.6,10.8,003583,"IBAKA, SERGE",EuroLeague
127,84.0,30.0,20.498412698412697,12.3,2.5,4.8,51.7%,1.8,4.9,35.5%,2.1,2.5,85.2%,0.3,1.2,1.5,2.8,0.6,1.6,0.1,0.4,1.8,3.2,10.9,000848,"NEDOVIC, NEMANJA",EuroLeague
128,87.0,68.0,24.497892720306517,10.0,3.0,5.4,56.1%,0.7,2.1,35.1%,1.7,2.1,80.2%,1.6,2.9,4.5,1.3,0.5,1.3,0.3,0.2,2.4,2.5,11.0,007056,"BOOKER, DEVIN",EuroLeague
129,77.0,58.0,25.62965367965368,12.2,3.0,5.5,53.6%,1.6,4.3,38.2%,1.4,1.8,77.9%,1.0,3.1,4.1,1.2,0.7,1.3,0.3,0.2,1.9,1.6,11.0,012745,"PARKER, JABARI",EuroLeague
130,71.0,34.0,22.554694835680756,7.5,1.5,2.8,55.3%,1.1,3.0,37.4%,1.0,1.5,67.9%,1.3,4.1,5.5,1.0,0.8,0.7,0.3,0.2,1.2,1.8,11.1,012712,"HERNANGOMEZ, JUANCHO",EuroLeague
131,114.0,106.0,24.39327485380117,7.1,1.7,3.3,51.6%,0.9,2.2,39.8%,1.1,1.4,74.8%,0.8,3.0,3.8,4.5,0.9,1.6,0.1,0.1,2.3,2.1,11.2,002939,"SATORANSKY, TOMAS",EuroLeague
132,86.0,48.0,19.45949612403101,7.6,2.8,4.3,65.1%,0.2,0.5,35.9%,1.5,1.9,75.9%,2.1,3.2,5.3,0.6,0.6,1.0,0.6,0.2,2.0,2.1,11.3,009035,"BOLOMBOY, JOEL",EuroLeague
133,118.0,106.0,24.36638418079096,10.0,2.6,4.8,54.5%,1.1,3.0,37.5%,1.4,1.8,76.3%,1.4,3.4,4.8,0.6,1.1,0.7,0.4,0.2,2.0,1.8,11.3,009783,"COLSON, BONZIE",EuroLeague
134,111.0,105.0,20.734384384384388,6.8,2.9,3.9,74.8%,0.0,0.0,0%,1.0,2.1,46.2%,1.5,2.7,4.2,2.1,0.4,1.2,0.9,0.2,2.1,2.6,11.4,008811,"FALL, MOUSTAPHA",EuroLeague
135,111.0,39.0,22.474324324324325,10.8,2.0,3.5,57.9%,1.4,3.8,37.7%,2.4,2.7,86.8%,0.5,2.2,2.7,2.9,0.8,1.8,0.0,0.3,2.4,2.9,11.4,004004,"GUDURIC, MARKO",EuroLeague
136,67.0,41.0,23.96417910447761,12.1,1.3,2.9,45.9%,2.6,6.8,38.6%,1.5,1.9,82.4%,0.4,1.6,2.0,3.0,1.0,1.5,0.0,0.2,1.8,2.7,11.4,006661,"WILBEKIN, SCOTTIE",EuroLeague
137,94.0,48.0,19.68882978723404,10.6,3.4,6.4,53.6%,0.6,1.4,40.3%,2.1,3.0,70.1%,1.0,2.6,3.5,1.8,0.8,1.7,0.4,0.3,2.5,3.4,11.4,007870,"DAVIES, BRANDON",EuroLeague
138,113.0,24.0,17.81165191740413,7.0,2.7,3.8,72.8%,0.0,0.0,0%,1.5,2.2,67.7%,1.8,3.0,4.8,0.6,0.5,0.5,0.8,0.2,1.9,2.1,11.5,011196,"HALL, DONTA",EuroLeague
139,76.0,65.0,23.192982456140356,11.2,1.5,2.9,52.5%,2.1,5.2,40.7%,1.8,2.2,82%,0.6,1.5,2.1,4.7,0.6,2.2,0.0,0.2,2.5,2.8,11.5,006435,"LAPROVITTOLA, NICOLAS",EuroLeague
140,87.0,53.0,23.629310344827587,9.8,3.0,4.7,64.4%,0.6,1.7,36.4%,1.9,2.3,80.3%,1.0,3.0,4.0,1.5,0.5,1.1,0.1,0.3,1.9,2.2,11.6,009005,"DECK, GABRIEL",EuroLeague
141,114.0,58.0,26.04078947368421,10.9,3.2,5.7,55.6%,0.9,2.4,36.9%,1.9,2.6,73%,1.4,2.8,4.1,1.8,1.1,1.2,0.3,0.3,2.9,2.6,11.7,011226,"DIALLO, ALPHA",EuroLeague
142,73.0,36.0,22.23607305936073,11.1,1.6,3.3,49.2%,1.7,4.7,36.9%,2.7,3.0,89.2%,0.5,1.7,2.1,3.4,1.1,2.1,0.0,0.3,1.9,3.1,11.7,011224,"NAPIER, SHABAZZ",EuroLeague
143,72.0,10.0,16.047453703703706,9.7,3.6,6.0,60%,0.1,0.2,33.3%,2.3,3.3,69.5%,1.7,2.8,4.5,0.5,0.5,1.3,0.3,0.2,1.8,3.3,11.8,003196,"HERNANGOMEZ, WILLY",EuroLeague
144,113.0,18.0,25.360029498525076,12.0,2.7,5.4,50.7%,1.2,3.6,33.8%,2.9,3.5,84.7%,0.2,2.0,2.2,3.6,0.9,1.9,0.1,0.3,2.3,2.9,11.8,011212,"OKOBO, ELIE",EuroLeague
145,108.0,41.0,18.340123456790124,8.3,3.3,5.0,65.4%,0.0,0.1,26.7%,1.6,2.3,71%,1.9,2.9,4.8,0.8,0.4,0.9,1.2,0.2,2.2,2.0,11.9,004887,"POIRIER, VINCENT",EuroLeague
146,96.0,63.0,24.1546875,10.9,2.7,5.2,52.4%,1.2,3.1,37.5%,1.9,2.2,88.4%,0.7,3.4,4.1,2.5,0.9,1.8,0.3,0.4,2.4,2.7,12.1,009846,"BRYANT, ELIJAH",EuroLeague
147,88.0,24.0,19.98617424242424,10.4,3.3,5.6,59.3%,0.4,1.4,30.7%,2.4,3.5,69.8%,1.3,3.2,4.5,1.0,0.5,1.1,0.6,0.3,2.1,3.0,12.2,011194,"PETRUSEV, FILIP",EuroLeague
148,111.0,84.0,25.1018018018018,11.8,3.1,6.4,48.7%,1.4,3.9,34.6%,1.6,1.8,87.1%,0.4,2.2,2.6,4.7,1.0,2.3,0.1,0.3,1.7,2.3,12.2,009622,"BROWN, LORENZO",EuroLeague
149,115.0,46.0,23.60913043478261,13.0,2.6,4.7,55.8%,2.0,5.3,38.7%,1.6,1.9,83.7%,0.4,3.8,4.3,1.2,0.8,1.3,0.1,0.2,1.8,1.8,12.2,003108,"HEZONJA, MARIO",EuroLeague
150,83.0,56.0,24.207831325301203,7.6,2.2,3.3,66.4%,0.6,1.5,40.2%,1.3,1.6,80.5%,1.4,4.0,5.4,1.4,0.5,0.8,0.2,0.3,1.2,1.9,12.3,007230,"SEDEKERSKIS, TADAS",EuroLeague
151,74.0,70.0,27.553603603603605,9.9,3.0,5.6,53.5%,0.9,3.0,29.9%,1.2,1.7,70.3%,0.6,3.2,3.8,6.0,0.8,2.4,0.0,0.5,2.2,2.3,12.6,009048,"MILLER-MCINTYRE, CODI",EuroLeague
152,51.0,33.0,22.829738562091503,12.0,2.4,4.4,54.1%,1.5,3.2,46.6%,2.9,3.3,86.9%,1.1,3.0,4.2,0.5,0.7,1.2,0.2,0.4,1.8,2.6,12.6,011982,"OJELEYE, SEMI",EuroLeague
153,66.0,18.0,20.00757575757576,9.3,3.7,5.8,63.3%,0.0,0.0,0%,2.0,3.0,66.5%,2.3,2.8,5.1,1.0,0.9,1.2,0.5,0.3,2.6,3.0,12.7,011981,"JONES, TYRIQUE",EuroLeague
154,56.0,29.0,23.695238095238096,10.1,2.3,3.8,60.4%,1.2,2.7,44.1%,1.9,2.4,78.8%,1.0,3.4,4.4,1.2,0.8,1.0,0.2,0.2,1.5,2.2,12.7,010357,"YABUSELE, GUERSCHON",EuroLeague
155,108.0,90.0,26.41172839506173,10.9,2.7,5.0,54.1%,1.3,3.4,38.7%,1.6,2.0,79.3%,0.7,1.6,2.4,4.6,1.2,1.8,0.5,0.3,2.3,2.3,12.7,011078,"THOMPSON, DARIUS",EuroLeague
156,100.0,68.0,21.012166666666666,10.4,4.1,6.9,59.2%,0.1,0.2,39.1%,2.0,2.5,78.9%,1.4,2.6,4.0,1.5,1.0,1.1,0.4,0.2,2.4,2.7,12.8,000925,"VESELY, JAN",EuroLeague
157,67.0,18.0,22.43681592039801,12.6,1.8,4.0,45.7%,2.0,5.7,34.7%,3.0,3.9,77.5%,0.5,1.7,2.2,3.9,0.8,2.1,0.2,0.3,1.7,4.3,13.2,007975,"FRANCISCO, SYLVAIN",EuroLeague
158,57.0,28.0,21.448830409356724,10.4,3.0,5.6,53.8%,0.5,1.8,30.1%,2.8,3.5,78.9%,1.4,3.3,4.7,1.6,0.7,1.6,0.1,0.7,1.3,4.2,13.6,003958,"THIEMANN, JOHANNES",EuroLeague
159,61.0,57.0,24.47267759562841,13.0,3.4,6.6,51.2%,1.4,3.5,40.2%,2.0,2.4,85.4%,0.2,1.9,2.1,4.3,1.2,1.8,0.0,0.4,1.5,2.7,14.0,010568,"JONES, CHRIS",EuroLeague
160,82.0,75.0,22.51849593495935,9.2,3.7,5.6,65.8%,0.0,0.0,0%,1.9,2.9,66.5%,2.6,3.9,6.5,0.6,0.5,0.9,0.7,0.2,1.9,2.3,14.0,011199,"NEBO, JOSH",EuroLeague
161,67.0,64.0,27.96069651741293,13.0,2.6,4.8,54.8%,1.9,4.8,39.6%,2.1,2.6,78%,0.6,2.9,3.5,2.6,1.0,1.7,0.1,0.2,1.6,3.1,14.1,007831,"SHIELDS, SHAVON",EuroLeague
162,72.0,44.0,21.000462962962963,12.8,4.9,7.8,63.7%,0.1,0.2,23.5%,2.8,4.0,69.6%,2.4,2.4,4.8,1.3,0.4,2.0,0.3,0.4,3.1,4.2,14.1,011157,"MOTLEY, JOHNATHAN",EuroLeague
163,82.0,27.0,22.02947154471545,12.5,2.1,4.2,51.2%,1.7,4.3,39.2%,3.1,3.4,91.7%,0.2,1.8,2.0,4.0,0.9,2.5,0.0,0.4,1.5,3.9,14.1,002100,"DE COLO, NANDO",EuroLeague
164,109.0,17.0,23.50779816513761,10.9,1.8,3.5,53.2%,1.4,3.7,37.2%,3.1,3.4,90.1%,0.4,2.0,2.4,5.3,0.6,2.0,0.1,0.3,1.6,3.2,14.3,001926,"SLOUKAS, KOSTAS",EuroLeague
165,114.0,83.0,22.25687134502924,13.5,2.8,4.9,57.8%,1.5,3.8,38.5%,3.5,4.2,83.4%,0.6,2.3,2.9,2.3,0.4,1.5,0.2,0.3,1.4,3.4,14.4,006540,"MUSA, DZANAN",EuroLeague
166,56.0,8.0,19.01547619047619,8.0,2.9,4.8,59.5%,0.0,0.0,0%,2.3,2.7,83%,2.6,3.1,5.7,0.8,0.4,0.8,0.6,0.2,0.8,3.0,14.4,003941,"MILUTINOV, NIKOLA",EuroLeague
167,102.0,81.0,27.938235294117646,16.0,3.3,6.3,52%,2.0,4.9,39.8%,3.5,3.8,92.3%,0.3,2.0,2.3,2.7,1.1,1.7,0.1,0.4,2.4,3.9,15.3,009862,"PUNTER, KEVIN",EuroLeague
168,75.0,66.0,29.25133333333333,18.2,4.2,8.2,51.6%,2.4,6.0,39.9%,2.5,2.8,89.6%,0.6,2.5,3.1,3.6,0.9,2.9,0.2,0.7,2.5,3.4,15.5,012774,"NUNN, KENDRICK",EuroLeague
169,102.0,79.0,29.586601307189543,12.6,3.1,5.8,53%,1.1,2.6,41.4%,3.3,3.7,88.9%,1.0,3.7,4.7,1.3,0.7,1.2,0.2,0.4,2.1,4.3,15.6,008987,"LEDAY, ZACH",EuroLeague
170,115.0,114.0,31.097826086956523,13.7,2.9,5.3,53.8%,1.8,4.6,39.5%,2.5,3.0,84.1%,1.4,3.3,4.8,1.6,1.1,1.1,0.3,0.3,2.2,3.6,15.8,008962,"HAYES-DAVIS, NIGEL",EuroLeague
171,83.0,37.0,23.778915662650604,11.9,3.1,5.0,61.3%,0.8,2.6,31.3%,3.3,4.1,79.5%,1.9,3.8,5.7,1.6,0.9,1.7,0.4,0.4,1.7,3.9,15.8,012201,"MONEKE, CHIMA",EuroLeague
172,84.0,73.0,26.11706349206349,13.5,3.9,7.3,53.6%,0.7,2.3,32.1%,3.4,4.3,79.5%,1.3,3.2,4.5,3.1,0.9,2.5,0.3,0.5,2.4,4.8,15.8,001133,"SHENGELIA, TORNIKE",EuroLeague
173,114.0,108.0,23.760964912280706,10.3,4.1,6.0,67.6%,0.0,0.0,0%,2.2,2.9,75%,2.5,4.2,6.7,1.4,0.8,2.0,1.6,0.2,2.9,3.1,16.1,005791,"TAVARES, WALTER",EuroLeague
174,91.0,76.0,26.753113553113558,15.5,3.8,7.7,49.5%,1.5,4.3,34.1%,3.4,4.1,82.8%,0.5,2.5,3.0,4.6,0.9,2.5,0.2,0.3,2.3,4.4,16.1,009863,"BALDWIN IV, WADE",EuroLeague
175,83.0,59.0,30.028915662650604,14.8,3.3,6.6,50.2%,1.8,5.3,34.9%,2.7,3.3,81.5%,1.0,4.0,5.1,2.2,1.0,1.5,0.2,0.4,1.9,4.3,16.5,004888,"CLYBURN, WILL",EuroLeague
176,80.0,52.0,29.105625,14.0,2.2,4.2,52.6%,2.3,5.8,39.1%,2.8,3.2,87.7%,0.2,2.4,2.7,4.8,1.1,2.0,0.0,0.3,1.3,4.0,17.2,007200,"LARKIN, SHANE",EuroLeague
177,85.0,76.0,25.843529411764703,12.1,2.4,4.1,57%,1.4,4.2,33.1%,3.2,3.7,86.7%,0.6,2.3,3.0,6.2,1.2,2.4,0.0,0.3,2.3,4.9,17.3,005928,"CAMPAZZO, FACUNDO",EuroLeague
178,118.0,118.0,30.437429378531075,16.6,3.5,7.7,45.9%,1.9,5.7,32.7%,4.0,5.1,78.1%,0.5,3.1,3.6,5.1,1.1,2.1,0.0,0.5,1.8,4.8,17.7,005985,"JAMES, MIKE",EuroLeague
179,80.0,76.0,26.320208333333333,16.6,3.2,5.4,58.9%,2.1,5.2,39.8%,4.0,4.7,85.4%,1.7,3.8,5.5,1.4,0.9,1.6,0.4,0.2,1.9,4.2,19.1,000796,"MIROTIC, NIKOLA",EuroLeague
180,98.0,68.0,29.053571428571427,13.0,4.7,7.1,66.1%,0.0,0.0,0%,3.7,5.6,65.5%,2.6,4.0,6.7,1.4,0.9,1.6,0.8,0.4,2.6,5.6,19.5,003842,"LESSORT, MATHIAS",EuroLeague
181,78.0,77.0,29.80363247863248,18.6,4.7,7.3,65%,1.9,5.1,38%,3.4,3.9,88.4%,1.7,5.0,6.7,1.9,0.9,1.0,0.2,0.3,1.5,3.1,22.6,003469,"VEZENKOV, SASHA",EuroLeague
