playerRanking,games_played,gamesStarted,minutes,points,twoPointersMade,twoPointersAttempted,twoPointersPercentage,threePointersMade,threePointersAttempted,threePointersPercentage,freeThrowsMade,freeThrowsAttempted,freeThrowsPercentage,offensiveRebounds,defensiveRebounds,rebounds,assists,steals,turnovers,blocks,blocks_against,personal_fouls,fouls_drawn,pir,player.code,player_name,age,player.imageUrl,team,player.team.tvCodes,team_name,player.team.imageUrl,base_fantasy_points,fantasy_points,fantasy_per_minute
262,37.0,37.0,27.32927927927928,19.0,6.2,12.0,52%,0.8,2.2,36.1%,4.1,5.6,73.4%,0.5,2.1,2.6,7.3,1.0,2.3,0.1,0.6,2.3,6.6,22.8,012608,"SHORTS, TJ",27,https://media-cdn.incrowdsports.com/a3302ca0-0a06-4b2e-8065-f93d4b605f36.png,PRS,PBB,Paris Basketball,https://media-cdn.incrowdsports.com/a033e5b3-0de7-48a3-98d9-d9a4b9df1f39.png,31.400000000000006,31.400000000000006,1.148950899111602
263,38.0,38.0,30.39342105263158,19.8,4.9,7.6,64.5%,1.9,4.9,38.2%,4.3,4.9,88.6%,1.9,4.7,6.6,1.8,0.9,1.1,0.2,0.3,1.3,3.4,23.7,003469,"VEZENKOV, SASHA",29,https://media-cdn.incrowdsports.com/da9926d3-ef9c-4704-930c-4be3eb1fd3c0.png,OLY,OLY,Olympiacos Piraeus,https://media-cdn.incrowdsports.com/789423ac-3cdf-4b89-b11c-b458aa5f59a6.png,29.999999999999993,29.999999999999993,0.9870557166976922
257,80.0,80.0,30.477083333333333,16.9,3.5,7.6,45.8%,2.0,5.8,35.1%,3.8,4.9,78.1%,0.4,3.1,3.5,5.4,1.1,2.0,0.0,0.5,1.8,4.7,18.4,005985,"JAMES, MIKE",34,https://media-cdn.incrowdsports.com/6798f111-3618-4825-b32e-11741d4229c0.png,MCO,ASM,AS Monaco,https://media-cdn.incrowdsports.com/89ed276a-2ba3-413f-8ea2-b3be209ca129.png,27.299999999999997,27.299999999999997,0.895755007177524
260,33.0,33.0,27.593434343434343,17.0,2.8,5.4,52.5%,1.7,4.8,34.4%,6.3,7.0,90.4%,0.4,3.0,3.5,4.6,1.0,2.9,0.2,0.5,1.8,5.9,20.6,007027,"MALEDON, THEO",23,https://media-cdn.incrowdsports.com/a8c1013c-4751-46eb-8a11-e792fdb2c495.png,ASV,ASV,LDLC ASVEL Villeurbanne,https://media-cdn.incrowdsports.com/e33c6d1a-95ca-4dbc-b8cb-0201812104cc.png,27.000000000000004,27.000000000000004,0.9784936396083098
261,51.0,47.0,27.08954248366013,17.4,3.3,5.6,58.2%,2.1,5.2,40.1%,4.6,5.2,87.6%,1.8,4.3,6.1,1.5,0.9,1.8,0.3,0.2,1.9,4.5,20.7,000796,"MIROTIC, NIKOLA",33,https://media-cdn.incrowdsports.com/a771b68b-2056-4318-83a0-24b2ffb36d11.png,MIL,EA7,EA7 Emporio Armani Milan,https://media-cdn.cortextech.io/9512ee73-a0f1-4647-a01e-3c2938aba6b8.png,26.8,26.8,0.9893116510241997
259,60.0,45.0,28.339722222222225,13.6,4.9,7.5,65.3%,0.0,0.0,0%,3.8,6.2,61.7%,2.4,4.0,6.4,1.5,1.0,1.8,0.8,0.4,2.5,6.2,19.8,003842,"LESSORT, MATHIAS",29,https://media-cdn.incrowdsports.com/b283a9ed-2227-43ef-8f8c-97fdc76e8b12.png,PAN,PAO,Panathinaikos AKTOR Athens,https://media-cdn.incrowdsports.com/e3dff28a-9ec6-4faf-9d96-ecbc68f75780.png,24.8,24.8,0.8750967918998657
253,61.0,56.0,27.43579234972677,15.0,4.4,8.0,54.9%,0.8,2.7,29.9%,3.8,4.7,80.6%,1.5,3.6,5.0,3.0,0.9,2.6,0.3,0.4,2.5,5.2,17.4,001133,"SHENGELIA, TORNIKE",33,https://media-cdn.incrowdsports.com/892c9315-559b-418b-bdab-a8e0e0d66add.png,VIR,VIR,Virtus Bologna,https://media-cdn.cortextech.io/1362801d-dd09-4fd0-932d-ead56063ab77.png,23.9,23.9,0.8711248319474183
255,63.0,44.0,29.224338624338625,14.5,2.4,4.5,52.3%,2.3,5.9,39.2%,2.9,3.2,89.7%,0.3,2.5,2.7,4.8,1.2,1.9,0.0,0.3,1.2,4.1,18.0,007200,"LARKIN, SHANE",32,https://media-cdn.incrowdsports.com/29f7e3f7-2a14-4bf2-a5ab-3fb89fdfe607.png,IST,EFS,Anadolu Efes Istanbul,https://media-cdn.cortextech.io/9a463aa2-ceb2-481c-9a95-1cddee0a248e.png,23.9,23.9,0.8178114929210268
252,34.0,23.0,26.96421568627451,14.1,4.2,8.3,50.9%,0.9,2.8,31.9%,3.1,3.6,85.2%,0.5,2.7,3.2,5.4,1.0,1.8,0.1,0.6,1.7,4.0,17.3,013369,"JONES, CARLIK",27,https://media-cdn.incrowdsports.com/613ad222-b178-42f5-af77-75c2e22552a7.png,PAR,PAR,Partizan Mozzart Bet Belgrade,https://media-cdn.incrowdsports.com/2681304e-77dd-4331-88b1-683078c0fb49.png,23.700000000000003,23.700000000000003,0.8789426800225427
258,67.0,36.0,26.443283582089556,13.8,3.5,5.6,62.3%,1.0,3.2,31.8%,3.7,4.7,78.8%,2.1,4.2,6.3,1.8,1.0,1.9,0.4,0.5,1.7,4.5,18.5,012201,"MONEKE, CHIMA",29,https://media-cdn.incrowdsports.com/c99df4e9-3587-4db0-8114-3972beeeb9d9.png,BAS,BKN,Baskonia Vitoria-Gasteiz,https://media-cdn.incrowdsports.com/e324a6af-2a72-443e-9813-8bf2d364ddab.png,23.700000000000003,23.700000000000003,0.8962578314613083
245,75.0,66.0,29.25133333333333,18.2,4.2,8.2,51.6%,2.4,6.0,39.9%,2.5,2.8,89.6%,0.6,2.5,3.1,3.6,0.9,2.9,0.2,0.7,2.5,3.4,15.5,012774,"NUNN, KENDRICK",29,https://media-cdn.incrowdsports.com/78428dfc-c965-4e72-8eb6-5e362eeaa849.png,PAN,PAO,Panathinaikos AKTOR Athens,https://media-cdn.incrowdsports.com/e3dff28a-9ec6-4faf-9d96-ecbc68f75780.png,23.3,23.3,0.796544886842765
250,76.0,75.0,31.42214912280702,15.2,3.1,5.8,52.6%,2.1,5.3,39.3%,2.9,3.3,87.6%,1.4,3.5,4.9,1.7,1.1,1.3,0.2,0.4,2.1,4.0,17.0,008962,"HAYES-DAVIS, NIGEL",30,https://media-cdn.incrowdsports.com/37b00e59-560b-4b65-a269-9d2b0b8776bc.png,ULK,FBB,Fenerbahce Beko Istanbul,https://media-cdn.cortextech.io/3b7f020e-5b39-49a1-b4b2-efea918edab7.png,23.3,23.3,0.7415151620895418
254,24.0,22.0,30.64027777777778,14.7,5.1,8.2,61.6%,0.5,1.4,32.4%,3.2,4.0,78.4%,1.3,3.8,5.0,1.4,1.3,0.9,0.2,0.3,1.9,3.0,17.5,006835,"HOARD, JAYLEN",25,https://media-cdn.incrowdsports.com/e43108e6-9668-4d2c-8f49-626feda3dd50.png,TEL,MTA,Maccabi Rapyd Tel Aviv,https://media-cdn.incrowdsports.com/5c55ef14-29df-4328-bd52-a7a64c432350.png,22.5,22.5,0.7343275463487602
251,76.0,69.0,25.52127192982456,11.7,2.3,4.1,56.9%,1.3,4.0,33%,3.1,3.6,86.2%,0.6,2.3,3.0,6.2,1.2,2.4,0.0,0.3,2.3,4.9,17.1,005928,"CAMPAZZO, FACUNDO",33,https://media-cdn.incrowdsports.com/3d4b3199-c570-491d-b1cf-76f82c2e229c.png,MAD,RMB,Real Madrid,https://media-cdn.incrowdsports.com/1a3e1404-4f6f-4ede-9d8b-30eee7cb51b4.png,22.0,22.0,0.8620260017013671
248,29.0,24.0,24.98333333333333,12.7,3.5,6.6,53.1%,0.8,2.2,34.4%,3.4,4.3,78.6%,1.5,3.8,5.2,1.9,0.9,1.7,0.1,0.9,1.2,4.9,16.4,003958,"THIEMANN, JOHANNES",29,https://media-cdn.incrowdsports.com/8d67d189-5722-4ac9-918c-70c114ff40d9.png,BER,BER,ALBA Berlin,https://media-cdn.incrowdsports.com/ccc34858-22b0-47dc-904c-9940b0a16ff3.png,21.9,21.9,0.8765843895930621
222,37.0,36.0,25.79144144144144,16.1,2.9,5.7,50.7%,2.5,6.9,35.8%,2.9,4.0,73.5%,0.6,1.6,2.2,2.6,1.1,1.8,0.1,0.3,2.0,3.0,12.6,013380,"FOURNIER, EVAN",32,https://media-cdn.incrowdsports.com/eefac20f-c371-476e-8294-f052e98bf0f3.png,OLY,OLY,Olympiacos Piraeus,https://media-cdn.incrowdsports.com/789423ac-3cdf-4b89-b11c-b458aa5f59a6.png,21.000000000000004,21.000000000000004,0.8142235883822068
241,57.0,56.0,29.02309941520468,13.9,2.8,5.0,56.1%,2.1,5.1,40.1%,2.1,2.7,77.4%,0.6,3.0,3.6,2.7,1.0,1.8,0.1,0.2,1.6,3.2,15.1,007831,"SHIELDS, SHAVON",30,https://media-cdn.incrowdsports.com/cc164c6b-d942-4733-a6ff-dc4544e1a6c2.png,MIL,EA7,EA7 Emporio Armani Milan,https://media-cdn.cortextech.io/9512ee73-a0f1-4647-a01e-3c2938aba6b8.png,20.9,20.9,0.7201160600046342
220,69.0,61.0,25.86497584541063,16.0,3.3,6.5,50.8%,2.3,6.8,34.4%,2.4,2.6,91.1%,0.5,1.6,2.0,2.6,0.9,2.0,0.1,0.8,1.9,3.5,12.5,011987,"EDWARDS, CARSEN",26,https://media-cdn.incrowdsports.com/06c34b65-ca83-4e3e-8eda-b6c708dbccaf.png,MUN,BAY,FC Bayern Munich,https://media-cdn.incrowdsports.com/817b0e58-d595-4b09-ab0b-1e7cc26249ff.png,20.400000000000002,20.400000000000002,0.7887113493523594
235,76.0,34.0,25.185087719298245,14.2,3.1,5.4,57.3%,2.1,5.6,36.8%,1.8,2.1,86.8%,0.5,4.4,4.9,1.2,0.9,1.3,0.1,0.3,1.7,1.9,13.8,003108,"HEZONJA, MARIO",29,https://media-cdn.incrowdsports.com/d61126dd-e3ac-46de-b012-42fd1ba92f1d.png,MAD,RMB,Real Madrid,https://media-cdn.incrowdsports.com/1a3e1404-4f6f-4ede-9d8b-30eee7cb51b4.png,19.9,19.9,0.7901501166800181
227,33.0,32.0,25.795454545454547,12.7,3.2,6.7,47.7%,1.5,3.4,45.5%,1.7,2.1,80.9%,0.2,1.9,2.1,4.2,1.2,1.7,0.0,0.5,1.4,2.4,13.3,010568,"JONES, CHRIS",30,https://media-cdn.incrowdsports.com/7cbec5f6-7aa3-49d1-8db1-7dc304a70c37.png,PAM,VBC,Valencia Basket,https://media-cdn.cortextech.io/d88f3c71-1519-4b19-8cfb-99e26a4c008e.png,19.0,19.0,0.7365638766519823
228,62.0,39.0,24.95913978494624,12.2,3.0,6.0,49.6%,1.3,3.6,37.1%,2.3,2.5,89.2%,0.7,3.4,4.1,3.0,1.0,2.0,0.3,0.4,2.5,3.3,13.3,009846,"BRYANT, ELIJAH",29,https://media-cdn.incrowdsports.com/884c7881-bc0b-4b2c-b95f-3f1abf3a8fa7.png,IST,EFS,Anadolu Efes Istanbul,https://media-cdn.cortextech.io/9a463aa2-ceb2-481c-9a95-1cddee0a248e.png,19.0,19.0,0.7612441840427363
238,27.0,12.0,22.183333333333334,13.3,2.5,4.9,50.8%,1.5,3.1,47.1%,3.9,4.5,86.9%,1.4,3.0,4.4,0.4,0.8,1.5,0.2,0.4,1.7,3.4,14.2,011982,"OJELEYE, SEMI",29,https://media-cdn.incrowdsports.com/2578af9b-c461-4517-a65f-de6ca1388bf4.png,PAM,VBC,Valencia Basket,https://media-cdn.cortextech.io/d88f3c71-1519-4b19-8cfb-99e26a4c008e.png,18.900000000000002,18.900000000000002,0.8519909842223893
233,73.0,52.0,21.385388127853883,12.9,2.8,4.8,57.3%,1.4,3.6,39.4%,3.1,3.8,81.5%,0.6,2.2,2.8,2.1,0.3,1.4,0.2,0.3,1.2,3.1,13.5,006540,"MUSA, DZANAN",25,https://media-cdn.incrowdsports.com/33402fc3-96cf-4e53-ac32-2a46bc19b3d1.png,MAD,RMB,Real Madrid,https://media-cdn.incrowdsports.com/1a3e1404-4f6f-4ede-9d8b-30eee7cb51b4.png,18.500000000000004,18.500000000000004,0.8650766537131145
192,38.0,0.0,19.967543859649123,15.1,2.4,4.9,48.9%,2.5,7.4,34.3%,2.7,3.1,85.7%,0.5,1.6,2.1,1.3,0.6,1.5,0.0,0.3,1.8,2.9,10.6,012640,"HIFI, NADIR",22,https://media-cdn.incrowdsports.com/097b8fc2-a7ee-4009-94ed-ba04f794b721.png,PRS,PBB,Paris Basketball,https://media-cdn.incrowdsports.com/a033e5b3-0de7-48a3-98d9-d9a4b9df1f39.png,18.4,18.4,0.9214954092167112
218,42.0,18.0,24.14166666666667,12.7,1.2,2.7,42.6%,2.9,7.2,40.1%,1.7,1.9,87.5%,0.5,1.7,2.2,3.3,1.1,1.6,0.0,0.1,1.7,2.5,12.2,006661,"WILBEKIN, SCOTTIE",31,https://media-cdn.incrowdsports.com/dfcc2d01-1bfe-465a-81dd-f51457ff4287.png,ULK,FBB,Fenerbahce Beko Istanbul,https://media-cdn.cortextech.io/3b7f020e-5b39-49a1-b4b2-efea918edab7.png,18.4,18.4,0.7621677597514669
