playerRanking,gamesPlayed,gamesStarted,minutesPlayed,pointsScored,twoPointersMade,twoPointersAttempted,twoPointersPercentage,threePointersMade,threePointersAttempted,threePointersPercentage,freeThrowsMade,freeThrowsAttempted,freeThrowsPercentage,offensiveRebounds,defensiveRebounds,totalRebounds,assists,steals,turnovers,blocks,blocksAgainst,foulsCommited,foulsDrawn,pir,player.code,player.name,player.age,player.imageUrl,player.team.code,player.team.tvCodes,player.team.name,player.team.imageUrl
1,34.0,4.0,11.748039215686275,2.4,0.5,1.3,37.2%,0.4,1.6,25.9%,0.2,0.4,46.7%,0.4,0.7,1.1,0.9,0.4,1.0,0.1,0.1,1.4,0.6,0.8,010070,"MOELLER, LEIF",21,https://media-cdn.incrowdsports.com/cc559358-d061-409c-b9f4-3e1db0a54c2b.png,HAM,HAM,Hamburg Towers,https://media-cdn.incrowdsports.com/5ef8be01-ad71-42c2-aa02-d5c7a9495258.png
2,35.0,13.0,16.862857142857145,3.4,0.8,2.3,35.8%,0.4,1.3,31.9%,0.5,1.0,44.4%,0.3,1.3,1.6,1.9,0.4,1.6,0.1,0.3,2.9,1.3,0.8,009400,"CASARIN, DAVIDE",21,https://media-cdn.incrowdsports.com/f3615b58-07f0-46cb-91e2-b99be06fe4ad.png,VNC,URV,Umana Reyer Venice,https://media-cdn.incrowdsports.com/104f5074-9f23-47da-a21f-f2078db8244c.png
3,27.0,0.0,8.070987654320987,2.3,1.0,1.7,58.7%,0.0,0.1,0%,0.3,0.4,80%,0.7,0.9,1.6,0.5,0.4,1.0,0.1,0.1,1.9,0.5,1.6,012695,"REECE, CAMRON",25,https://media-cdn.incrowdsports.com/cd60eb65-2fb8-4bd9-b357-7f58d7c50a98.png,HAM,HAM,Hamburg Towers,https://media-cdn.incrowdsports.com/5ef8be01-ad71-42c2-aa02-d5c7a9495258.png
4,36.0,0.0,9.516203703703702,2.6,0.6,1.1,53.8%,0.4,1.2,38.1%,0.1,0.2,71.4%,0.2,0.8,1.0,1.0,0.3,0.9,0.1,0.0,1.2,0.5,2.0,010726,"JENSEN, TOBIAS",20,https://media-cdn.incrowdsports.com/45686120-e926-441a-abbd-272b9ec56a9f.png,ULM,ULM,ratiopharm Ulm,https://media-cdn.incrowdsports.com/497dc717-214d-4c03-8c67-0c4870278aa0.png
5,43.0,10.0,9.765891472868217,3.3,0.9,1.6,57.1%,0.3,1.3,25.5%,0.5,0.7,66.7%,0.2,0.6,0.8,0.9,0.2,0.8,0.0,0.1,1.3,0.9,2.1,007560,"KLJAJIC, JOVAN",23,https://media-cdn.incrowdsports.com/c3cb4c76-806e-4976-8dc7-a073e508510d.png,CAN,GCA,Club Baloncesto Gran Canaria,https://media-cdn.incrowdsports.com/a074edc1-e180-4515-a876-447884b570b1.png
6,30.0,5.0,13.596666666666666,4.0,0.9,2.0,47.5%,0.6,1.5,38.6%,0.5,0.6,73.7%,0.6,0.9,1.5,0.6,0.3,0.4,0.1,0.1,1.8,0.9,3.0,007828,"CONTI, LUCA",23,https://media-cdn.incrowdsports.com/45d26fd9-0613-4f00-a0bb-da41cfbd6d15.png,TRN,TRE,Dolomiti Energia Trento,https://media-cdn.incrowdsports.com/00c5cc07-732c-43c3-9d6e-5440594a25f8.png
7,31.0,25.0,15.220430107526882,4.2,1.5,2.6,56.1%,0.3,0.7,40.9%,0.3,0.6,55.6%,1.0,1.0,2.0,0.7,0.4,0.4,0.1,0.3,1.9,0.6,3.4,006566,"SLAVKOVIC, ANDRIJA",25,https://media-cdn.incrowdsports.com/0d5afb9d-c9bd-4b67-a967-38a167e4901e.png,BUD,BUD,KK Buducnost,https://media-cdn.incrowdsports.com/47161285-94b3-4266-9d23-b722e8600945.png
8,35.0,12.0,13.033809523809524,3.7,0.7,1.1,63.2%,0.7,2.1,30.7%,0.4,0.4,93.3%,0.6,1.1,1.7,0.5,0.6,0.3,0.4,0.1,1.6,0.4,3.5,011943,"TKACHENKO, IVAN",26,https://media-cdn.incrowdsports.com/509bd443-56d1-46fb-bacf-28c00416c315.png,PMT,PRM,Prometey Slobozhanske,https://media-cdn.incrowdsports.com/277839cf-b5b3-48be-bacf-a1291cee44cc.png
9,34.0,5.0,10.587254901960783,3.8,1.4,2.7,53.3%,0.0,0.4,6.7%,0.8,1.2,70%,0.6,1.3,1.9,0.4,0.3,0.6,0.2,0.1,1.3,1.1,3.7,007952,"BRETZEL, NICOLAS",25,https://media-cdn.incrowdsports.com/8c28784a-5832-469d-87a6-8bc9df30ce23.png,ULM,ULM,ratiopharm Ulm,https://media-cdn.incrowdsports.com/497dc717-214d-4c03-8c67-0c4870278aa0.png
10,46.0,15.0,14.129710144927538,3.4,1.0,1.6,65.3%,0.3,0.7,43.8%,0.5,0.7,67.7%,1.1,1.1,2.2,0.8,0.4,0.4,0.0,0.1,2.2,0.7,3.7,009392,"RADOVIC, ROK",23,https://media-cdn.cortextech.io/0db71f72-6164-48b5-bc8b-bf9be97578df.png,LJU,COL,KK Cedevita Olimpija,https://media-cdn.incrowdsports.com/73b33d13-570e-4e49-a9cb-fe806831eaa7.png
11,38.0,11.0,11.116228070175438,2.7,0.7,1.2,55.3%,0.2,0.7,28.6%,0.7,1.1,63.4%,0.6,1.9,2.5,0.7,0.3,0.4,0.1,0.1,1.8,1.2,3.8,007917,"DURMAZ, BERKAN",27,https://media-cdn.incrowdsports.com/29b9bcba-30e1-4faf-aaab-3f12672b865b.png,BES;TTK,BJK;TTA,Besiktas Istanbul;Turk Telekom Ankara,https://media-cdn.cortextech.io/7d37b2d0-2a4a-4a86-bf2c-266bd8da7cac.png;https://media-cdn.incrowdsports.com/4ba35608-54ca-4800-a59c-f2571e6f8e13.png
12,33.0,5.0,16.416161616161617,6.7,1.3,3.4,38.4%,1.0,3.3,30.3%,1.1,1.3,81.4%,0.7,1.0,1.7,2.2,0.5,0.9,0.0,0.3,2.3,0.9,3.8,011966,"SYDOROV, ILLIA",27,https://media-cdn.incrowdsports.com/05f99f2c-d80f-4fcf-b7c1-3758777736f6.png,PMT,PRM,Prometey Slobozhanske,https://media-cdn.incrowdsports.com/277839cf-b5b3-48be-bacf-a1291cee44cc.png
13,53.0,5.0,15.170440251572327,5.5,1.1,2.7,40.4%,0.9,3.0,28.9%,0.8,0.8,95.3%,0.5,1.3,1.7,1.5,0.8,0.9,0.1,0.2,2.4,1.3,3.8,006382,"FORRAY, TOTO",38,https://media-cdn.incrowdsports.com/6c16ee13-22a8-4495-933d-da832c04cdde.png,TRN,TRE,Dolomiti Energia Trento,https://media-cdn.incrowdsports.com/00c5cc07-732c-43c3-9d6e-5440594a25f8.png
14,48.0,3.0,15.628124999999999,4.0,0.8,1.3,59%,0.7,1.7,43.7%,0.3,0.4,82.4%,0.5,1.4,1.9,0.9,0.5,0.9,0.0,0.1,1.4,0.5,3.8,010450,"COURBY, MAXIME",34,https://media-cdn.incrowdsports.com/b09e4274-ba4c-4529-b6bf-02ef08696b9f.png,BOU,JLB,JL Bourg,https://media-cdn.incrowdsports.com/d4225e1b-7c1b-4382-98d4-ca8511c64441.png
15,51.0,20.0,15.282679738562091,4.4,0.9,1.3,67.6%,0.6,2.1,29.9%,0.7,1.1,65.5%,0.6,1.5,2.1,0.6,0.5,0.6,0.1,0.1,2.2,1.2,3.9,006771,"BUSQUETS, PEP",25,https://media-cdn.incrowdsports.com/620af45e-b504-49e1-b27e-373c2c13a777.png,JOV,CJB,Club Joventut Badalona,https://media-cdn.incrowdsports.com/4867b9ca-abc6-48fd-a47f-011904a74bf8.png
16,40.0,22.0,12.734166666666667,3.1,1.1,2.1,54.2%,0.0,0.3,18.2%,0.7,1.4,51.9%,0.9,1.7,2.6,0.7,0.5,0.4,0.3,0.2,2.2,1.4,4.1,011379,"KONAN, KEREM",20,https://media-cdn.incrowdsports.com/3a2b1dc9-d027-4819-9dbd-bd5edb1a13f9.png,BES,BJK,Besiktas Istanbul,https://media-cdn.cortextech.io/7d37b2d0-2a4a-4a86-bf2c-266bd8da7cac.png
17,32.0,23.0,22.168229166666666,6.2,1.3,2.7,49.4%,0.8,2.8,26.4%,1.2,1.8,68.4%,0.2,1.5,1.8,2.2,0.7,1.8,0.1,0.2,2.7,2.3,4.5,011900,"GOLEBIOWSKI, DANIEL",25,https://media-cdn.incrowdsports.com/d5a04612-3b5f-4cda-aa86-44b87afbfd47.png,WRO,WKS,WKS Slask Wroclaw,https://media-cdn.incrowdsports.com/0415061b-5374-4a0d-bc04-8fcbc8ad0bb3.png
18,50.0,21.0,19.57,3.6,0.2,0.6,37.5%,0.9,2.5,35%,0.6,0.8,73.7%,0.2,1.9,2.1,3.0,0.8,1.2,0.2,0.2,2.9,1.5,4.6,002361,"VIVES, GUILLEM",31,https://media-cdn.incrowdsports.com/a8d169b3-dcd3-42f0-825d-ffc1ec94ac0d.png,JOV,CJB,Club Joventut Badalona,https://media-cdn.incrowdsports.com/4867b9ca-abc6-48fd-a47f-011904a74bf8.png
19,31.0,2.0,13.09462365591398,5.0,2.0,3.9,51.7%,0.0,0.0,100%,0.9,1.8,50.9%,1.4,1.8,3.2,0.6,0.4,1.2,0.4,0.3,2.6,2.1,4.8,001990,"WOHLFARTH-BOTTERMANN, JONAS",33,https://media-cdn.incrowdsports.com/bbe3cc1a-1dce-4839-9bd9-9799ac243bde.png,HAM,HAM,Hamburg Towers,https://media-cdn.incrowdsports.com/5ef8be01-ad71-42c2-aa02-d5c7a9495258.png
20,37.0,0.0,13.493693693693693,6.5,1.2,2.8,43.3%,0.9,2.6,33.7%,1.4,1.8,77.9%,0.3,1.4,1.6,1.8,0.7,1.4,0.1,0.2,2.5,1.9,4.8,009556,"NGOUAMA, MEHDY",29,https://media-cdn.incrowdsports.com/ecb2e7a1-c2f7-437b-b34d-7d3ec7592bb9.png,PRS;BOU;CAN,PBB;JLB;DGC,Paris Basketball;JL Bourg;Club Baloncesto Gran Canaria,https://media-cdn.incrowdsports.com/a033e5b3-0de7-48a3-98d9-d9a4b9df1f39.png;https://media-cdn.incrowdsports.com/d4225e1b-7c1b-4382-98d4-ca8511c64441.png;https://media-cdn.incrowdsports.com/a074edc1-e180-4515-a876-447884b570b1.png
21,40.0,11.0,18.270833333333336,5.7,0.6,1.0,57.9%,1.4,3.5,41.1%,0.2,0.6,37.5%,0.6,1.3,1.9,0.9,1.0,0.4,0.0,0.0,1.9,0.6,5.0,001686,"LYPOVYY, OLEKSANDR",32,https://media-cdn.incrowdsports.com/0f871973-c346-4a53-8ba1-40de7123019d.png,PMT,PRM,Prometey Slobozhanske,https://media-cdn.incrowdsports.com/277839cf-b5b3-48be-bacf-a1291cee44cc.png
22,35.0,5.0,17.173809523809524,5.0,0.9,1.9,50.8%,0.7,2.5,28.1%,0.9,1.4,67.3%,1.1,2.8,3.9,0.6,1.0,1.1,0.1,0.2,2.4,1.4,5.1,001479,"UDOM, MATTIA",30,https://media-cdn.incrowdsports.com/d4a92103-7b08-40e6-9a71-89988dca3a95.png,TRN,TRE,Dolomiti Energia Trento,https://media-cdn.incrowdsports.com/00c5cc07-732c-43c3-9d6e-5440594a25f8.png
23,37.0,2.0,14.872972972972972,4.8,2.0,3.1,63.8%,0.0,0.1,0%,0.8,1.5,51.9%,1.1,2.2,3.3,0.6,0.2,1.3,1.1,0.1,2.4,1.1,5.4,012020,"SHARMA, JOSH",28,https://media-cdn.incrowdsports.com/dfc41840-f626-4b15-a95e-e16af5c2799e.png,LLI,LDN,London Lions,https://media-cdn.cortextech.io/102de468-9e41-4b8e-b44d-23bebb9e916f.png
24,32.0,0.0,17.4265625,9.3,0.9,1.8,49.1%,1.9,4.9,39.2%,1.8,2.0,90.5%,0.2,1.0,1.2,0.5,0.3,0.9,0.0,0.1,2.2,1.5,5.6,012630,"MAGEE, FLETCHER",28,https://media-cdn.incrowdsports.com/9c004a66-384a-42d2-8264-ee95f35e1c83.png,BUD,BUD,KK Buducnost,https://media-cdn.incrowdsports.com/47161285-94b3-4266-9d23-b722e8600945.png
25,35.0,1.0,11.773809523809524,5.2,1.9,3.8,48.9%,0.1,0.4,26.7%,1.1,1.7,67.2%,0.9,2.0,2.9,1.4,0.2,1.1,0.3,0.2,1.7,1.5,5.8,003533,"ZALMANSON, IDAN",28,https://media-cdn.incrowdsports.com/01766ccf-3b69-4192-8cd0-25efd7a71cfe.png,HTA,HTA,Hapoel Tel Aviv,https://media-cdn.incrowdsports.com/cbb1c3ad-03d5-426a-b5ef-2832a4eee484.png
26,48.0,25.0,16.129166666666666,5.8,1.8,2.5,71.2%,0.6,1.5,38.6%,0.6,0.9,65.1%,1.1,1.9,3.0,0.5,0.5,0.7,0.2,0.2,2.0,0.9,6.0,010161,"KRAAG, YANNICK",22,https://media-cdn.incrowdsports.com/73868142-0644-49fd-9022-34e569aef043.png,JOV,CJB,Club Joventut Badalona,https://media-cdn.incrowdsports.com/4867b9ca-abc6-48fd-a47f-011904a74bf8.png
27,47.0,25.0,19.905673758865248,8.1,0.7,1.5,45.1%,1.8,5.2,35.2%,1.2,1.7,71.2%,0.4,2.3,2.6,1.1,0.7,1.3,0.1,0.2,2.3,1.8,6.0,004945,"PAUL, BRANDON",33,https://media-cdn.incrowdsports.com/0490fd60-4d25-48ad-bf23-a614df1e0c92.png,ULM;BUD;BOU,ULM;BUD;JLB,ratiopharm Ulm;KK Buducnost;JL Bourg,https://media-cdn.incrowdsports.com/497dc717-214d-4c03-8c67-0c4870278aa0.png;https://media-cdn.incrowdsports.com/47161285-94b3-4266-9d23-b722e8600945.png;https://media-cdn.incrowdsports.com/d4225e1b-7c1b-4382-98d4-ca8511c64441.png
28,39.0,5.0,19.95,5.3,1.4,2.7,51.9%,0.6,1.3,44.2%,0.7,0.8,83.9%,0.5,1.3,1.8,2.6,0.8,1.1,0.2,0.2,2.2,1.0,6.0,003783,"UGURLU, BERK",28,https://media-cdn.incrowdsports.com/6c9de9cd-ad08-4927-8bee-80dcb2334828.png,BES,BJK,Besiktas Istanbul,https://media-cdn.cortextech.io/7d37b2d0-2a4a-4a86-bf2c-266bd8da7cac.png
29,36.0,22.0,16.062037037037037,4.2,1.6,2.8,55.9%,0.2,0.8,22.2%,0.6,0.8,66.7%,1.4,3.0,4.3,0.5,0.4,0.5,0.1,0.3,1.6,1.0,6.0,004645,"MINIOTAS, REGIMANTAS",28,https://media-cdn.incrowdsports.com/a5e9c59a-37dc-468a-9bfe-894a14556921.png,WOL,WLV,BC Wolves Vilnius,https://media-cdn.incrowdsports.com/bab91c74-fc2e-4176-9db5-06f40e0e6759.png
30,30.0,4.0,16.671666666666667,4.1,1.4,2.3,59.4%,0.4,1.1,33.3%,0.2,0.3,77.8%,0.9,2.1,3.0,0.9,0.5,0.6,0.3,0.1,0.8,0.6,6.1,004117,"BROOKS, JEFF",34,https://media-cdn.incrowdsports.com/d6bf66bc-a616-4a20-b42f-b1a85c267363.png,VNC,URV,Umana Reyer Venice,https://media-cdn.incrowdsports.com/104f5074-9f23-47da-a21f-f2078db8244c.png
31,39.0,12.0,18.754273504273502,7.6,1.4,2.6,51.5%,1.3,3.5,37.2%,0.9,1.3,74%,0.3,1.3,1.5,2.4,0.8,1.7,0.2,0.1,2.4,1.6,6.1,004773,"NELSON, LUKE",28,https://media-cdn.incrowdsports.com/ccf69710-6dac-4bd3-ba4c-d84adf7be248.png,LLI,LDN,London Lions,https://media-cdn.cortextech.io/102de468-9e41-4b8e-b44d-23bebb9e916f.png
32,36.0,23.0,25.819907407407406,8.4,1.9,4.1,45.9%,1.0,3.3,31.4%,1.6,2.1,78.7%,0.6,2.3,2.9,1.3,0.7,1.6,0.1,0.2,2.8,2.3,6.3,012019,"BEST, AARON",32,https://media-cdn.incrowdsports.com/016a05db-05cb-4a1e-a2d3-c2c3123be20f.png,LLI;TSO,LDN;SOP,London Lions;Trefl Sopot,https://media-cdn.cortextech.io/102de468-9e41-4b8e-b44d-23bebb9e916f.png;https://media-cdn.incrowdsports.com/9ef7b3dd-9f80-4639-964d-9db4dfe436ee.png
33,40.0,4.0,19.9975,7.1,1.0,2.1,46.4%,1.4,3.8,38.7%,0.8,1.0,78%,0.8,2.0,2.9,1.1,0.4,0.7,0.0,0.2,2.0,1.4,6.4,007914,"ARSLAN, YIGIT",28,https://media-cdn.incrowdsports.com/b00538d4-0cdb-4699-b74d-1cc0188a6a8c.png,BES,BJK,Besiktas Istanbul,https://media-cdn.cortextech.io/7d37b2d0-2a4a-4a86-bf2c-266bd8da7cac.png
34,59.0,49.0,16.828531073446328,5.5,1.9,3.5,55.3%,0.0,0.0,0%,1.6,2.4,67.8%,1.8,2.2,3.9,0.5,0.6,0.9,0.4,0.3,3.1,2.4,6.8,011837,"KOKILA, KEVIN",23,https://media-cdn.incrowdsports.com/d305f17c-3f2e-4892-a160-7043779ce8f0.png,BOU,JLB,JL Bourg,https://media-cdn.incrowdsports.com/d4225e1b-7c1b-4382-98d4-ca8511c64441.png
35,47.0,12.0,14.776950354609928,6.1,0.9,1.7,50.6%,1.1,2.7,43.2%,0.9,1.0,91.5%,0.3,1.1,1.4,2.5,0.5,1.1,0.0,0.1,1.1,1.1,6.8,JUG,"RIBAS, PAU",37,https://media-cdn.incrowdsports.com/a401ec84-fd4d-4e12-a2f0-67f8c458f795.png,JOV,CJB,Club Joventut Badalona,https://media-cdn.incrowdsports.com/4867b9ca-abc6-48fd-a47f-011904a74bf8.png
36,33.0,16.0,21.733838383838386,7.2,2.1,4.0,53.4%,0.6,2.0,30.8%,1.2,1.6,73.1%,0.4,1.5,1.8,1.8,0.8,1.2,0.1,0.4,1.4,1.7,6.8,007398,"POPOVIC, PETAR",27,https://media-cdn.incrowdsports.com/2f38cf71-be5b-454a-82b3-c04a08ba775a.png,BUD,BUD,KK Buducnost,https://media-cdn.incrowdsports.com/47161285-94b3-4266-9d23-b722e8600945.png
37,37.0,3.0,17.568468468468467,8.3,1.8,3.2,56.4%,1.2,3.4,34.6%,1.1,1.5,76.4%,0.3,1.6,1.9,2.0,0.8,1.5,0.1,0.2,2.6,2.1,6.8,011947,"SANON, ISSUF",24,https://media-cdn.incrowdsports.com/e6c3fe66-eda5-4257-8fe9-5161ec9b3af6.png,PMT,PRM,Prometey Slobozhanske,https://media-cdn.incrowdsports.com/277839cf-b5b3-48be-bacf-a1291cee44cc.png
38,37.0,18.0,23.381981981981983,7.1,2.2,4.3,51.9%,0.4,1.6,27.6%,1.4,2.1,67.1%,1.9,2.2,4.1,0.9,0.8,1.2,0.2,0.5,2.4,1.7,6.9,006693,"SAYBIR, YIGITCAN",24,https://media-cdn.incrowdsports.com/0bb8c783-d48d-4e45-85c2-2777a0e79a64.png,BBU;TTK,FEB;TTA,Frutti Extra Bursaspor;Turk Telekom Ankara,https://media-cdn.incrowdsports.com/d1e4cf6d-94c5-4c57-9e6b-ac38107be4b1.png;https://media-cdn.incrowdsports.com/4ba35608-54ca-4800-a59c-f2571e6f8e13.png
39,42.0,17.0,18.626190476190477,5.9,1.0,1.6,58%,1.1,2.8,38.8%,0.8,1.0,78%,0.3,1.6,2.0,3.5,0.5,1.7,0.1,0.1,2.0,1.6,7.1,011161,"JULIEN, AXEL",31,https://media-cdn.incrowdsports.com/b91a4abb-1ac3-41df-852b-cecea790dddb.png,BOU,JLB,JL Bourg,https://media-cdn.incrowdsports.com/d4225e1b-7c1b-4382-98d4-ca8511c64441.png
40,38.0,9.0,18.231140350877194,5.4,1.9,2.9,67.3%,0.2,0.9,19.4%,1.0,1.3,74.5%,1.2,1.9,3.1,1.4,0.5,0.9,0.3,0.2,1.9,1.4,7.2,005714,"MEJERIS, MAREKS",33,https://media-cdn.incrowdsports.com/9eb76962-b79d-41b9-afaf-f173cfaf22cf.png,CLU,UBT,U-BT Cluj-Napoca,https://media-cdn.incrowdsports.com/ae3e2844-0615-41bb-a788-a4f0d54b8d5e.png
41,31.0,19.0,19.18010752688172,7.6,1.5,2.6,58.8%,0.8,3.2,25%,2.2,2.7,79.8%,0.5,1.5,1.9,1.6,0.8,1.0,0.2,0.3,2.8,3.2,7.2,009299,"RUBSTAVICIUS, MANTAS",22,https://media-cdn.incrowdsports.com/6e494d22-5464-434f-9d73-1ecddb81e0d1.png,LKB,LIE,Lietkabelis Panevezys ,https://media-cdn.cortextech.io/ffcb6e37-31f4-48f6-91c2-a8c9a6f791a9.png
42,43.0,16.0,22.60232558139535,8.7,1.3,2.3,57.7%,1.8,4.8,37.2%,0.7,0.8,82.9%,0.8,3.0,3.8,1.0,0.3,1.0,0.2,0.2,2.3,0.8,7.2,011980,"SESTINA, NATHAN",27,https://media-cdn.incrowdsports.com/69669779-e9ea-4f12-81ab-42009fa4aa81.png,TTK;PAM,TTA;VBC,Turk Telekom Ankara;Valencia Basket,https://media-cdn.incrowdsports.com/4ba35608-54ca-4800-a59c-f2571e6f8e13.png;https://media-cdn.cortextech.io/d88f3c71-1519-4b19-8cfb-99e26a4c008e.png
43,61.0,17.0,21.644535519125682,6.6,1.6,2.8,55.6%,0.7,2.3,31.2%,1.3,1.8,75.7%,0.2,1.6,1.8,3.4,0.8,1.4,0.0,0.2,2.1,1.6,7.3,004846,"TIMOR, BAR",32,https://media-cdn.incrowdsports.com/296b5eb1-7d95-42af-8c0d-d2b920407802.png,HTA,HTA,Hapoel Tel Aviv,https://media-cdn.incrowdsports.com/cbb1c3ad-03d5-426a-b5ef-2832a4eee484.png
44,66.0,8.0,16.775252525252526,6.0,1.5,2.3,67.1%,0.5,1.7,29.2%,1.4,1.8,78.3%,0.5,2.3,2.8,1.3,0.5,1.0,0.1,0.2,1.5,2.0,7.6,005005,"SALVO, MIQUEL",30,https://media-cdn.incrowdsports.com/96ee413a-7d15-4fa6-a0c4-f36703950a4c.png,CAN,GCA,Club Baloncesto Gran Canaria,https://media-cdn.incrowdsports.com/a074edc1-e180-4515-a876-447884b570b1.png
45,40.0,4.0,18.31,6.2,0.7,1.3,54.7%,1.3,3.5,37.4%,0.9,1.0,89.7%,0.4,1.2,1.5,4.2,0.6,1.8,0.0,0.1,1.7,1.5,7.7,001607,"BASSAS, FERRAN",31,https://media-cdn.incrowdsports.com/524d7157-9d84-4ec1-97f1-598ccb4fd598.png,CAN,GCA,Club Baloncesto Gran Canaria,https://media-cdn.incrowdsports.com/a074edc1-e180-4515-a876-447884b570b1.png
45,40.0,23.0,19.25375,9.6,1.6,3.0,54.2%,1.8,5.0,36.2%,0.9,1.1,86%,0.3,1.2,1.5,2.2,0.8,1.0,0.0,0.2,1.6,1.2,7.7,003637,"SLAUGHTER, AJ",36,https://media-cdn.incrowdsports.com/76fedce9-ad1b-4512-979c-bf8e1a4baf08.png,CAN,GCA,Club Baloncesto Gran Canaria,https://media-cdn.incrowdsports.com/a074edc1-e180-4515-a876-447884b570b1.png
47,33.0,20.0,21.96969696969697,9.1,1.5,2.8,52.7%,1.8,5.0,35.2%,0.9,1.4,61.7%,0.8,3.2,4.0,1.5,0.5,1.3,0.3,0.3,1.9,1.4,8.2,011187,"MEISNER, LUKAS",28,https://media-cdn.incrowdsports.com/4c3e730a-ca76-495c-beb6-c6d4bc02b09a.png,HAM,HAM,Hamburg Towers,https://media-cdn.incrowdsports.com/5ef8be01-ad71-42c2-aa02-d5c7a9495258.png
48,54.0,19.0,19.64012345679012,6.0,2.7,5.0,53.1%,0.0,0.1,25%,0.6,1.0,56.4%,2.0,2.6,4.6,1.4,1.1,0.9,0.1,0.4,2.8,1.8,8.2,010461,"MALDUNAS, GABRIELIUS",31,https://media-cdn.incrowdsports.com/6d450c55-5011-47dc-9d80-38fbe26826f2.png,LKB,LIE,Lietkabelis Panevezys ,https://media-cdn.cortextech.io/ffcb6e37-31f4-48f6-91c2-a8c9a6f791a9.png
49,31.0,7.0,16.248924731182793,5.9,2.4,4.0,61%,0.0,0.0,0%,1.1,1.7,64.2%,1.8,2.0,3.8,0.6,0.4,0.9,0.5,0.1,1.2,1.5,8.4,003034,"PARAKHOUSKI, ARTSIOM",36,https://media-cdn.incrowdsports.com/1a4d27b2-aa3a-483e-ac9f-89667f327fba.png,WRO,WKS,WKS Slask Wroclaw,https://media-cdn.incrowdsports.com/0415061b-5374-4a0d-bc04-8fcbc8ad0bb3.png
50,63.0,11.0,17.477248677248678,7.5,2.0,3.2,63.2%,1.0,2.0,47.3%,0.5,0.7,75.6%,0.9,2.8,3.7,0.7,0.5,0.8,0.3,0.1,1.9,1.0,8.4,010452,"PELOS, PIERRE",32,https://media-cdn.incrowdsports.com/166cc1c2-7915-450d-91a5-973017aca976.png,BOU;CAN,JLB;DGC,JL Bourg;Club Baloncesto Gran Canaria,https://media-cdn.incrowdsports.com/d4225e1b-7c1b-4382-98d4-ca8511c64441.png;https://media-cdn.incrowdsports.com/a074edc1-e180-4515-a876-447884b570b1.png
51,34.0,18.0,23.3,7.2,1.9,3.4,55.3%,1.0,2.1,45.8%,0.6,0.9,66.7%,1.4,2.6,4.0,2.4,0.6,1.4,0.1,0.1,2.4,1.1,8.5,009663,"HINRICHS, SETH",30,https://media-cdn.incrowdsports.com/6b92c2ea-4124-442f-a11a-6691d99708fb.png,HAM,HAM,Hamburg Towers,https://media-cdn.incrowdsports.com/5ef8be01-ad71-42c2-aa02-d5c7a9495258.png
52,42.0,33.0,22.148015873015872,9.4,2.9,5.3,53.8%,0.6,2.0,31.7%,1.8,2.3,79.4%,1.2,3.4,4.5,1.3,0.9,1.9,0.4,0.3,3.3,1.9,8.8,011909,"PARKS, JORDAN",30,https://media-cdn.incrowdsports.com/449befd0-a2a1-47e9-a7df-86c170244f6a.png,VNC,URV,Umana Reyer Venice,https://media-cdn.incrowdsports.com/104f5074-9f23-47da-a21f-f2078db8244c.png
53,47.0,14.0,20.83014184397163,7.2,2.3,4.7,48.9%,0.5,1.6,28.9%,1.1,1.5,76.1%,0.6,1.3,1.9,4.0,1.0,1.6,0.1,0.2,1.5,1.9,8.8,010449,"BENITEZ, HUGO",23,https://media-cdn.incrowdsports.com/092c8d48-2cd4-46c3-9173-4f45f8048c3f.png,BOU,JLB,JL Bourg,https://media-cdn.incrowdsports.com/d4225e1b-7c1b-4382-98d4-ca8511c64441.png
54,45.0,35.0,22.72888888888889,7.9,0.6,1.1,57.1%,1.8,4.2,43.3%,1.3,1.5,83.8%,0.5,1.1,1.6,3.1,0.8,1.0,0.1,0.2,2.4,1.8,8.8,010582,"KLEPEISZ, THOMAS",33,https://media-cdn.incrowdsports.com/36d0ca0c-ee16-48a5-b4f9-f239ae4e7da9.png,ULM,ULM,ratiopharm Ulm,https://media-cdn.incrowdsports.com/497dc717-214d-4c03-8c67-0c4870278aa0.png
55,37.0,3.0,22.783783783783782,9.9,2.7,5.2,52.1%,0.9,2.8,31.4%,1.8,2.5,72.8%,0.6,2.4,3.0,2.2,0.7,1.6,0.4,0.6,2.6,2.6,8.9,012698,"MOKOKA, ADAM",26,https://media-cdn.incrowdsports.com/809d5e44-ef1b-4352-a2b5-df756bf849f9.png,CLU,UBT,U-BT Cluj-Napoca,https://media-cdn.incrowdsports.com/ae3e2844-0615-41bb-a788-a4f0d54b8d5e.png
56,60.0,56.0,25.843055555555555,11.9,1.6,3.6,44.7%,2.4,6.2,39%,1.4,1.8,78.5%,0.4,1.8,2.3,3.4,0.9,2.3,0.1,0.3,3.3,2.3,8.9,008945,"NEEDHAM, DEREK",34,https://media-cdn.incrowdsports.com/e9e97a76-0cd0-4bbf-94a9-2d7dc062877b.png,BBU;BES,FEB;BJK,Frutti Extra Bursaspor;Besiktas Istanbul,https://media-cdn.incrowdsports.com/d1e4cf6d-94c5-4c57-9e6b-ac38107be4b1.png;https://media-cdn.cortextech.io/7d37b2d0-2a4a-4a86-bf2c-266bd8da7cac.png
57,42.0,27.0,20.946031746031746,8.4,0.9,1.9,49.4%,1.6,3.6,43.4%,1.8,2.5,72.6%,0.4,2.1,2.5,1.7,1.5,0.9,0.4,0.1,2.9,2.2,9.1,010431,"MORGAN, JEREMY",29,https://media-cdn.incrowdsports.com/c8fc13bd-b8b9-4241-a0b1-c843b4813d3e.png,BOU;JER,JLB;JLM,JL Bourg;Hapoel Jerusalem Basketball Club,https://media-cdn.incrowdsports.com/d4225e1b-7c1b-4382-98d4-ca8511c64441.png;https://media-cdn.incrowdsports.com/8058e0c5-3042-45e1-9423-f93f33c54576.png
58,37.0,25.0,24.163063063063063,7.2,1.4,3.1,46.9%,1.2,3.1,39.7%,0.6,1.0,63.2%,0.4,2.4,2.8,3.1,1.0,1.2,0.0,0.1,1.5,1.7,9.2,005516,"ZEMAITIS, KRISTUPAS",28,https://media-cdn.incrowdsports.com/f84eca86-4097-4692-800e-0480ec997309.png,WOL,WLV,BC Wolves Vilnius,https://media-cdn.incrowdsports.com/bab91c74-fc2e-4176-9db5-06f40e0e6759.png
59,53.0,20.0,15.632704402515722,8.2,2.7,4.4,61.4%,0.3,0.9,36.2%,1.8,2.6,67.9%,1.6,2.2,3.9,1.1,0.7,1.4,0.6,0.2,2.8,2.6,9.5,003759,"TESSITORI,  AMEDEO",30,https://media-cdn.incrowdsports.com/89a0ea60-107a-4a3e-b8c1-4f86788f24ca.png,VNC,URV,Umana Reyer Venice,https://media-cdn.incrowdsports.com/104f5074-9f23-47da-a21f-f2078db8244c.png
60,56.0,51.0,22.470238095238095,9.0,1.8,3.2,55.9%,1.4,3.5,41.8%,1.1,1.4,81.8%,1.1,2.3,3.4,1.0,0.8,0.6,0.1,0.1,1.8,1.6,9.6,006588,"SHURNA, JOHN",34,https://media-cdn.incrowdsports.com/3585d55e-72d0-478b-adb2-92ea4a3429fb.png,CAN,GCA,Club Baloncesto Gran Canaria,https://media-cdn.incrowdsports.com/a074edc1-e180-4515-a876-447884b570b1.png
61,48.0,38.0,23.921180555555555,10.0,2.5,4.6,53.6%,1.3,3.4,37.4%,1.3,1.8,71.8%,0.8,3.6,4.4,1.5,0.4,1.7,0.2,0.2,2.4,2.2,9.7,011928,"SIMMS, AAMIR",25,https://media-cdn.incrowdsports.com/90929047-a06a-4908-b66f-3992ebdd5a6c.png,PRS;VNC,PBB;URV,Paris Basketball;Umana Reyer Venice,https://media-cdn.incrowdsports.com/a033e5b3-0de7-48a3-98d9-d9a4b9df1f39.png;https://media-cdn.incrowdsports.com/104f5074-9f23-47da-a21f-f2078db8244c.png
62,32.0,22.0,23.398958333333333,8.4,2.2,4.5,50%,0.6,2.6,24.4%,2.1,2.6,79.5%,0.4,2.8,3.2,4.1,0.9,2.2,0.2,0.4,2.5,3.0,9.9,012593,"ELLIS, QUINN",21,https://media-cdn.incrowdsports.com/1f3530cb-b118-43b4-a664-bfd6a21aad0a.png,TRN,TRE,Dolomiti Energia Trento,https://media-cdn.incrowdsports.com/00c5cc07-732c-43c3-9d6e-5440594a25f8.png
63,45.0,5.0,17.251481481481484,7.8,3.1,4.6,66.5%,0.0,0.0,0%,1.6,2.4,65.5%,1.4,2.7,4.2,0.9,0.4,1.2,0.6,0.4,2.4,2.5,10.0,012016,"CONDITT IV, GEORGE",24,https://media-cdn.incrowdsports.com/411c98e4-6d6e-4c5b-bf3f-619ab920b651.png,PAT;CAN,PRO;DGC,Promitheas Patras;Club Baloncesto Gran Canaria,https://media-cdn.incrowdsports.com/808f1bd0-aad0-470a-b621-3eba9efc6997.png;https://media-cdn.incrowdsports.com/a074edc1-e180-4515-a876-447884b570b1.png
64,36.0,32.0,25.530555555555555,10.5,3.1,5.2,59.1%,1.2,3.8,31.1%,0.9,1.2,72.7%,1.8,3.1,4.9,1.4,0.6,1.5,0.6,0.4,2.8,2.0,10.2,005738,"GRAZULIS, ANDREJS",30,https://media-cdn.incrowdsports.com/559a7eae-7b31-451a-b400-dbe061e5bc19.png,TRN,TRE,Dolomiti Energia Trento,https://media-cdn.incrowdsports.com/00c5cc07-732c-43c3-9d6e-5440594a25f8.png
65,36.0,33.0,26.832870370370372,11.0,3.6,6.9,51.4%,0.6,2.6,23.9%,2.1,3.0,69.4%,1.2,2.9,4.1,1.9,1.3,1.6,0.3,0.4,2.6,2.6,10.4,012700,"STEWART, DJ",25,https://media-cdn.cortextech.io/dd9bcf27-807d-4de7-8797-5b659b95eb0a.png,LJU,COL,KK Cedevita Olimpija,https://media-cdn.incrowdsports.com/73b33d13-570e-4e49-a9cb-fe806831eaa7.png
66,42.0,26.0,23.623809523809523,11.8,2.4,5.4,44.9%,1.1,3.6,29.4%,3.7,5.1,71.8%,0.4,1.9,2.3,3.3,0.7,2.5,0.3,0.5,2.3,4.5,10.5,011924,"ALLMAN, KYLE",27,https://media-cdn.incrowdsports.com/8509537c-0e40-451b-b6c8-0d7ed53c05df.png,PRS;BES,PBB;BJK,Paris Basketball;Besiktas Istanbul,https://media-cdn.incrowdsports.com/a033e5b3-0de7-48a3-98d9-d9a4b9df1f39.png;https://media-cdn.cortextech.io/7d37b2d0-2a4a-4a86-bf2c-266bd8da7cac.png
67,32.0,12.0,21.040104166666666,10.1,2.1,4.4,47.9%,1.3,3.4,38.2%,2.0,2.5,79.7%,1.0,1.8,2.8,2.2,0.8,1.3,0.1,0.3,1.8,2.9,10.5,011821,"MASSINBURG, CJ",27,https://media-cdn.incrowdsports.com/ff5e8a3e-8f27-4137-80fb-56c0735d78d2.png,BRE;BAH,BRE;BKS,Brescia Leonessa;Bahcesehir Koleji Istanbul,https://media-cdn.incrowdsports.com/6e44327d-88cd-4060-a495-b5763dd981c3.png;https://media-cdn.incrowdsports.com/1d3274d8-da86-4d21-9e97-6810ab88babe.png
68,61.0,60.0,23.08087431693989,6.5,0.9,1.5,60.7%,1.1,3.4,31%,1.5,2.1,72.3%,0.3,1.4,1.7,4.3,1.6,2.1,0.0,0.0,1.4,3.6,10.6,003425,"ALBICY, ANDREW",34,https://media-cdn.incrowdsports.com/7d12b702-a1a1-45d7-8257-225fbada577d.png,CAN,GCA,Club Baloncesto Gran Canaria,https://media-cdn.incrowdsports.com/a074edc1-e180-4515-a876-447884b570b1.png
69,47.0,39.0,23.52553191489362,8.8,2.0,3.3,60.8%,1.0,2.9,32.8%,2.0,2.7,72.7%,1.0,2.7,3.7,1.7,1.5,1.6,0.4,0.1,2.8,3.0,10.6,011797,"GUZMAN, KAREL",29,https://media-cdn.incrowdsports.com/374362fb-7f20-4f6a-b455-a40ffe8b5cf3.png,CLU,UBT,U-BT Cluj-Napoca,https://media-cdn.incrowdsports.com/ae3e2844-0615-41bb-a788-a4f0d54b8d5e.png
70,34.0,19.0,25.64264705882353,9.0,1.8,3.9,47%,1.1,3.0,35.3%,2.2,3.1,70.1%,0.6,2.1,2.7,4.3,1.1,1.7,0.0,0.1,2.8,3.1,10.7,005247,"TAYLOR, JORDAN",34,https://media-cdn.incrowdsports.com/37715892-472a-415b-99cb-17044e94a37d.png,CLU;LLI,UBT;LDN,U-BT Cluj-Napoca;London Lions,https://media-cdn.incrowdsports.com/ae3e2844-0615-41bb-a788-a4f0d54b8d5e.png;https://media-cdn.cortextech.io/102de468-9e41-4b8e-b44d-23bebb9e916f.png
71,51.0,43.0,25.166013071895424,10.2,3.0,4.9,60.8%,0.7,2.5,29.4%,2.1,2.8,74.5%,0.8,2.4,3.2,1.4,1.0,1.5,0.1,0.3,2.1,3.1,10.7,005422,"JALLOW, KARIM",27,https://media-cdn.incrowdsports.com/477f9093-9b89-427c-8c45-6a7650eff69e.png,ULM,ULM,ratiopharm Ulm,https://media-cdn.incrowdsports.com/497dc717-214d-4c03-8c67-0c4870278aa0.png
72,37.0,31.0,24.33153153153153,12.4,1.9,4.0,48.3%,2.1,4.7,45.4%,2.2,2.5,86.2%,0.6,1.5,2.1,1.9,0.8,2.0,0.1,0.3,2.0,2.7,10.9,004862,"SEELEY, DENNIS",35,https://media-cdn.incrowdsports.com/a4943465-7938-45eb-b555-48c67d662df0.png,CLU,UBT,U-BT Cluj-Napoca,https://media-cdn.incrowdsports.com/ae3e2844-0615-41bb-a788-a4f0d54b8d5e.png
73,49.0,27.0,25.98809523809524,7.6,1.1,1.7,64.2%,1.1,3.6,31.6%,2.1,2.4,85%,1.2,3.1,4.3,2.0,1.0,1.3,0.0,0.1,2.2,2.9,10.9,LXI,"LIPKEVICIUS, VYTENIS",35,https://media-cdn.incrowdsports.com/f2d4935b-49b7-4e79-a103-97ffdcbc008c.png,LKB,LIE,Lietkabelis Panevezys ,https://media-cdn.cortextech.io/ffcb6e37-31f4-48f6-91c2-a8c9a6f791a9.png
74,32.0,18.0,24.380729166666665,14.0,2.2,4.6,48.6%,2.5,7.6,33.2%,1.9,2.2,88.6%,0.3,1.9,2.2,3.1,0.9,2.8,0.1,0.7,2.2,4.1,11.1,004292,"TOLIOPOULOS, VASSILIS",28,https://media-cdn.incrowdsports.com/463d6ebf-adb6-47f9-a277-fadc8e5769f9.png,ARI,ARI,Aris Thessaloniki,https://media-cdn.cortextech.io/28be84d9-ad7e-43b3-8d8c-822bb76b8a9e.png
75,50.0,26.0,23.191666666666666,10.1,2.1,3.6,57.7%,1.5,4.0,36.1%,1.5,1.9,82.8%,1.1,4.0,5.1,1.7,0.6,1.3,0.4,0.1,2.6,1.9,11.3,009680,"MORGAN, CONOR",30,https://media-cdn.incrowdsports.com/30e38f7a-559e-40ed-aeb0-3b1ba846b57d.png,WRO;LLI;BES,WKS;LDN;BJK,WKS Slask Wroclaw;London Lions;Besiktas Istanbul,https://media-cdn.incrowdsports.com/0415061b-5374-4a0d-bc04-8fcbc8ad0bb3.png;https://media-cdn.cortextech.io/102de468-9e41-4b8e-b44d-23bebb9e916f.png;https://media-cdn.cortextech.io/7d37b2d0-2a4a-4a86-bf2c-266bd8da7cac.png
76,41.0,9.0,20.20691056910569,9.8,2.7,5.0,54.4%,0.9,2.2,38.9%,1.8,2.2,80%,1.1,2.8,3.9,0.9,0.9,1.0,0.2,0.4,1.4,2.5,11.4,004525,"SALASH, MAKSIM",28,https://media-cdn.incrowdsports.com/3966cdb9-3fd6-4944-a9c9-cd50ffdfcf1b.png,BOU,JLB,JL Bourg,https://media-cdn.incrowdsports.com/d4225e1b-7c1b-4382-98d4-ca8511c64441.png
77,40.0,32.0,27.06875,15.1,4.1,7.9,52.4%,1.5,5.4,27.5%,2.3,3.1,75%,0.4,2.1,2.4,2.6,1.0,2.1,0.1,0.2,2.4,3.3,11.4,011936,"MATHEWS, JONAH",26,https://media-cdn.incrowdsports.com/6e5002a2-5313-4940-bf0b-3f3ac7d7e44f.png,BES,BJK,Besiktas Istanbul,https://media-cdn.cortextech.io/7d37b2d0-2a4a-4a86-bf2c-266bd8da7cac.png
78,40.0,19.0,18.180416666666666,8.0,3.1,5.3,59.2%,0.0,0.1,50%,1.6,2.0,78.8%,1.7,3.3,5.0,1.4,0.9,1.3,0.0,0.3,1.5,1.8,11.4,008325,"KAMENJAS, KENAN",24,https://media-cdn.incrowdsports.com/3f329c72-567b-4e6f-8a12-6365d2a4b348.png,BUD,BUD,KK Buducnost,https://media-cdn.incrowdsports.com/47161285-94b3-4266-9d23-b722e8600945.png
79,32.0,17.0,24.719791666666666,10.9,1.8,3.4,53.6%,1.5,4.0,37.8%,2.7,3.4,79.1%,0.4,2.4,2.8,2.2,0.8,1.3,0.2,0.2,2.1,2.9,11.5,005521,"VARNAS, MARTYNAS",27,https://media-cdn.incrowdsports.com/f965073c-9966-4358-8884-7c06d880cfdd.png,LKB,LIE,Lietkabelis Panevezys ,https://media-cdn.cortextech.io/ffcb6e37-31f4-48f6-91c2-a8c9a6f791a9.png
80,39.0,30.0,24.898717948717948,8.6,2.0,4.4,45.1%,0.8,3.0,25.9%,2.3,3.3,70.1%,0.8,3.2,4.0,3.8,1.4,2.2,0.2,0.4,2.3,4.1,11.6,009649,"PHILLIP, TARIK",31,https://media-cdn.incrowdsports.com/f964e5b5-ced6-4b26-a638-e27d2eec3082.png,LLI;JER;TSO,LDN;JLM;SOP,London Lions;Hapoel Jerusalem Basketball Club;Trefl Sopot,https://media-cdn.cortextech.io/102de468-9e41-4b8e-b44d-23bebb9e916f.png;https://media-cdn.incrowdsports.com/8058e0c5-3042-45e1-9423-f93f33c54576.png;https://media-cdn.incrowdsports.com/9ef7b3dd-9f80-4639-964d-9db4dfe436ee.png
81,36.0,21.0,23.119444444444444,11.0,3.0,6.4,47%,0.8,2.4,34.9%,2.4,2.9,83.8%,0.6,1.9,2.4,3.7,1.0,2.2,0.3,0.4,1.9,3.2,11.6,012606,"WRIGHT IV, MCKINLEY",26,https://media-cdn.incrowdsports.com/c1c17c4f-deb7-44c1-8593-ed9af8d5cdb9.png,BUD,BUD,KK Buducnost,https://media-cdn.incrowdsports.com/47161285-94b3-4266-9d23-b722e8600945.png
82,61.0,59.0,24.29808743169399,10.3,1.4,2.6,53.8%,2.0,5.3,37.7%,1.6,2.0,82.5%,0.5,3.0,3.5,2.9,0.9,1.5,0.3,0.2,2.2,2.4,11.7,008121,"BRUSSINO, NICOLAS",31,https://media-cdn.incrowdsports.com/aba56008-559a-461e-b5a5-2edd7a1415a5.png,CAN,GCA,Club Baloncesto Gran Canaria,https://media-cdn.incrowdsports.com/a074edc1-e180-4515-a876-447884b570b1.png
83,43.0,15.0,25.013565891472865,10.2,2.0,3.0,65.9%,1.3,4.0,34.1%,2.2,2.5,86.9%,0.5,2.8,3.3,3.6,0.7,2.2,0.1,0.2,2.0,2.3,11.8,011801,"RICHARD, PATRICK",34,https://media-cdn.incrowdsports.com/96d83dfb-1e1a-4e13-bd61-02dbbc5ad05f.png,CLU,UBT,U-BT Cluj-Napoca,https://media-cdn.incrowdsports.com/ae3e2844-0615-41bb-a788-a4f0d54b8d5e.png
84,61.0,53.0,21.496174863387978,10.1,3.9,6.2,62.8%,0.0,0.1,0%,2.3,3.2,72.3%,1.7,2.3,4.0,0.5,0.2,0.9,1.0,0.3,2.2,2.7,11.8,011823,"ODIASE, TAI",29,https://media-cdn.incrowdsports.com/e97b5a09-3c83-4c09-8a48-f29714d5427f.png,BRE;PMT;BAH,BRE;PRM;BKS,Brescia Leonessa;Prometey Slobozhanske;Bahcesehir Koleji Istanbul,https://media-cdn.incrowdsports.com/6e44327d-88cd-4060-a495-b5763dd981c3.png;https://media-cdn.incrowdsports.com/277839cf-b5b3-48be-bacf-a1291cee44cc.png;https://media-cdn.incrowdsports.com/1d3274d8-da86-4d21-9e97-6810ab88babe.png
85,37.0,15.0,18.94954954954955,8.8,3.5,5.2,67.9%,0.1,0.2,37.5%,1.4,1.8,79.1%,2.2,2.6,4.8,1.5,0.7,1.3,0.6,0.2,2.4,1.7,12.0,005373,"CATE, EMANUEL",26,https://media-cdn.incrowdsports.com/52c284eb-3355-4db3-8612-bfbed52ca954.png,CLU,UBT,U-BT Cluj-Napoca,https://media-cdn.incrowdsports.com/ae3e2844-0615-41bb-a788-a4f0d54b8d5e.png
86,37.0,18.0,24.337387387387388,13.1,3.0,5.4,55.6%,1.5,4.3,35.4%,2.6,3.1,83.6%,1.4,3.0,4.4,1.5,0.6,1.4,0.4,0.4,3.1,2.6,12.1,012577,"THURMAN, TRE'SHAWN",29,https://media-cdn.incrowdsports.com/808d1e7c-37ed-4ac5-bd8e-8a1d948d56b6.png,WOL,WLV,BC Wolves Vilnius,https://media-cdn.incrowdsports.com/bab91c74-fc2e-4176-9db5-06f40e0e6759.png
87,35.0,14.0,22.65095238095238,9.0,2.5,4.9,51.7%,0.8,2.2,35.5%,1.6,2.7,57.9%,0.9,2.5,3.4,5.0,1.5,2.8,0.0,0.4,2.0,3.4,12.1,010106,"NUNEZ, JUAN",19,https://media-cdn.incrowdsports.com/a3c39833-77ab-42cc-926f-9601bada7623.png,ULM,ULM,ratiopharm Ulm,https://media-cdn.incrowdsports.com/497dc717-214d-4c03-8c67-0c4870278aa0.png
88,34.0,13.0,21.51421568627451,12.0,2.6,4.3,59.6%,1.6,4.6,34.6%,2.1,2.4,88.8%,0.5,2.9,3.5,1.6,0.5,0.9,0.2,0.2,1.6,2.3,12.4,008052,"WILTJER, KYLE",32,https://media-cdn.incrowdsports.com/6d8afeb7-1750-4a0b-bf4c-69a4ad4fd655.png,VNC,URV,Umana Reyer Venice,https://media-cdn.incrowdsports.com/104f5074-9f23-47da-a21f-f2078db8244c.png
89,58.0,51.0,24.25862068965517,10.5,3.9,6.0,64.6%,0.5,1.7,29.7%,1.2,1.8,65.7%,1.7,3.5,5.2,1.4,0.9,1.1,0.1,0.4,2.1,2.0,12.4,010550,"GINAT, TOMER",30,https://media-cdn.incrowdsports.com/4ee7d2fa-8299-4522-be3e-cab3009c2a1f.png,HTA,HTA,Hapoel Tel Aviv,https://media-cdn.incrowdsports.com/cbb1c3ad-03d5-426a-b5ef-2832a4eee484.png
90,34.0,17.0,19.903921568627453,7.7,3.1,5.5,55.6%,0.0,0.3,0%,1.6,2.5,63.5%,2.4,4.2,6.6,1.1,0.4,0.7,0.2,0.4,1.8,2.9,12.4,004222,"OMIC, ALEN",32,https://media-cdn.incrowdsports.com/9cd9219a-31f4-4e18-974a-512a9d9f1b47.png,LJU;BUD,COL;BUD,KK Cedevita Olimpija;KK Buducnost,https://media-cdn.incrowdsports.com/73b33d13-570e-4e49-a9cb-fe806831eaa7.png;https://media-cdn.incrowdsports.com/47161285-94b3-4266-9d23-b722e8600945.png
91,51.0,27.0,19.86045751633987,10.2,4.2,6.3,67%,0.0,0.0,0%,1.7,3.4,52%,1.9,2.2,4.2,2.5,0.4,1.8,0.2,0.1,3.2,3.9,12.5,005113,"STIPANOVIC, ANDRIJA",38,https://media-cdn.incrowdsports.com/cbda2bd9-5ebc-409c-a47e-2acf455b8a38.png,CLU;LJU;LKB,UBT;COL;LIE,U-BT Cluj-Napoca;KK Cedevita Olimpija;Lietkabelis Panevezys ,https://media-cdn.incrowdsports.com/ae3e2844-0615-41bb-a788-a4f0d54b8d5e.png;https://media-cdn.incrowdsports.com/73b33d13-570e-4e49-a9cb-fe806831eaa7.png;https://media-cdn.cortextech.io/ffcb6e37-31f4-48f6-91c2-a8c9a6f791a9.png
92,37.0,21.0,22.847747747747746,11.1,3.5,5.7,61.1%,0.7,2.0,35.6%,2.1,2.5,80.9%,1.6,3.2,4.8,0.9,0.6,1.9,1.3,0.2,2.6,2.5,12.5,011935,"MAKOUNDOU, YOAN",24,https://media-cdn.incrowdsports.com/339d1169-e99e-4cfa-bcf3-b217af9b91bb.png,BUD;TTK,BUD;TTA,KK Buducnost;Turk Telekom Ankara,https://media-cdn.incrowdsports.com/47161285-94b3-4266-9d23-b722e8600945.png;https://media-cdn.incrowdsports.com/4ba35608-54ca-4800-a59c-f2571e6f8e13.png
93,37.0,29.0,25.339189189189188,12.7,2.4,4.7,50.3%,1.6,4.4,36.4%,3.2,4.2,76%,0.4,3.6,4.0,1.2,0.6,1.9,0.0,0.4,1.2,3.7,12.6,003452,"BLAZIC, JAKA",34,https://media-cdn.cortextech.io/6e7e920c-a98e-4b6b-817d-37484e56d0b4.png,LJU,COL,KK Cedevita Olimpija,https://media-cdn.incrowdsports.com/73b33d13-570e-4e49-a9cb-fe806831eaa7.png
94,29.0,26.0,26.736781609195404,10.6,1.6,2.9,55.4%,1.8,4.7,37.8%,2.2,2.6,82.9%,0.3,2.4,2.7,5.1,1.3,2.1,0.1,0.1,2.5,2.7,13.1,004381,"SPISSU, MARCO",28,https://media-cdn.incrowdsports.com/e7ca6dcc-f7b7-4e2c-84fc-4de1019bd19d.png,VNC,URV,Umana Reyer Venice,https://media-cdn.incrowdsports.com/104f5074-9f23-47da-a21f-f2078db8244c.png
95,41.0,40.0,23.867073170731707,11.8,2.9,5.0,56.5%,1.4,3.8,37.2%,1.9,2.4,79.4%,1.0,3.4,4.4,1.6,1.4,1.3,0.4,0.1,2.4,2.3,13.2,011836,"MIKE, ISIAHA",26,https://media-cdn.incrowdsports.com/a1725eef-4b71-489c-ad65-3ace75faaa53.png,BOU,JLB,JL Bourg,https://media-cdn.incrowdsports.com/d4225e1b-7c1b-4382-98d4-ca8511c64441.png
96,38.0,31.0,22.882894736842104,12.7,3.6,7.1,50.4%,1.0,3.2,30.1%,2.7,3.7,72.1%,1.2,3.1,4.3,4.1,1.7,2.2,0.1,0.7,3.0,3.4,13.4,011944,"AGADA, CALEB",29,https://media-cdn.incrowdsports.com/de269d15-7e15-4167-8ea4-6c3638a8472f.png,PMT,PRM,Prometey Slobozhanske,https://media-cdn.incrowdsports.com/277839cf-b5b3-48be-bacf-a1291cee44cc.png
97,35.0,15.0,25.790476190476188,14.1,2.3,5.3,42.8%,1.7,4.9,34.9%,4.3,4.8,91%,0.3,1.9,2.2,3.2,1.0,1.9,0.1,0.2,2.6,4.3,13.4,011248,"ANDREWS, ANDREW",31,https://media-cdn.incrowdsports.com/43792c0f-d229-4b7d-bc7c-ab407eab5f77.png,JOV;WOL,CJB;WLV,Club Joventut Badalona;BC Wolves Vilnius,https://media-cdn.incrowdsports.com/4867b9ca-abc6-48fd-a47f-011904a74bf8.png;https://media-cdn.incrowdsports.com/bab91c74-fc2e-4176-9db5-06f40e0e6759.png
98,34.0,30.0,24.309803921568626,12.5,3.8,6.2,61.6%,0.7,1.8,40.3%,2.6,3.4,78.3%,1.4,3.4,4.8,1.6,0.6,2.3,0.6,0.4,2.6,3.5,14.1,011168,"DZIEWA, ALEKSANDER",26,https://media-cdn.incrowdsports.com/36e6f108-7698-4e38-b71c-dc48a5f6487d.png,WRO;HAM,WKS;HAM,WKS Slask Wroclaw;Hamburg Towers,https://media-cdn.incrowdsports.com/0415061b-5374-4a0d-bc04-8fcbc8ad0bb3.png;https://media-cdn.incrowdsports.com/5ef8be01-ad71-42c2-aa02-d5c7a9495258.png
99,44.0,37.0,26.70909090909091,13.9,2.7,5.0,55%,2.0,4.7,42.3%,2.4,2.9,82.2%,0.3,2.7,3.1,3.2,1.1,1.9,0.1,0.4,2.2,3.0,14.3,007759,"MUNFORD, XAVIER",32,https://media-cdn.incrowdsports.com/27fafcd4-7c9f-4272-b41d-9c13ea214fbc.png,HTA;VNC,HTA;URV,Hapoel Tel Aviv;Umana Reyer Venice,https://media-cdn.incrowdsports.com/cbb1c3ad-03d5-426a-b5ef-2832a4eee484.png;https://media-cdn.incrowdsports.com/104f5074-9f23-47da-a21f-f2078db8244c.png
100,44.0,40.0,28.910984848484848,14.4,3.1,5.6,55.9%,2.3,5.3,44%,1.2,1.5,77.6%,1.0,3.8,4.7,1.4,0.6,0.7,0.3,0.3,1.3,1.5,14.9,003840,"BOUTEILLE, AXEL",29,https://media-cdn.incrowdsports.com/64a65242-aff5-4094-b02f-c9c3eb154a8d.png,TTK;BAH,TTA;BKS,Turk Telekom Ankara;Bahcesehir Koleji Istanbul,https://media-cdn.incrowdsports.com/4ba35608-54ca-4800-a59c-f2571e6f8e13.png;https://media-cdn.incrowdsports.com/1d3274d8-da86-4d21-9e97-6810ab88babe.png
101,37.0,29.0,26.777927927927927,14.8,3.2,5.9,53.9%,1.9,4.6,40.4%,2.9,4.1,69.3%,0.7,2.7,3.5,2.4,1.2,1.7,0.4,0.3,2.1,3.7,15.0,011834,"PALMER JR., JAMES",27,https://media-cdn.incrowdsports.com/2f2e97ab-29b8-4536-93bb-169d7a3c6e44.png,BOU;TTK,JLB;TTA,JL Bourg;Turk Telekom Ankara,https://media-cdn.incrowdsports.com/d4225e1b-7c1b-4382-98d4-ca8511c64441.png;https://media-cdn.incrowdsports.com/4ba35608-54ca-4800-a59c-f2571e6f8e13.png
102,36.0,26.0,25.200925925925926,11.7,3.2,5.6,56.7%,1.3,2.8,48%,1.4,1.9,71%,0.9,3.3,4.3,4.4,1.4,1.8,0.1,0.4,3.0,3.0,15.2,011247,"FELIZ, ANDRES",26,https://media-cdn.incrowdsports.com/add1b714-d177-4c67-a726-a283ec197f50.png,JOV,CJB,Club Joventut Badalona,https://media-cdn.incrowdsports.com/4867b9ca-abc6-48fd-a47f-011904a74bf8.png
103,31.0,5.0,20.580107526881722,12.4,4.6,6.5,70%,0.2,0.5,35.7%,2.7,3.9,70.8%,1.7,3.4,5.1,0.8,1.0,0.8,0.5,0.3,1.8,2.3,15.7,006835,"HOARD, JAYLEN",24,https://media-cdn.incrowdsports.com/e43108e6-9668-4d2c-8f49-626feda3dd50.png,HTA,HTA,Hapoel Tel Aviv,https://media-cdn.incrowdsports.com/cbb1c3ad-03d5-426a-b5ef-2832a4eee484.png
104,54.0,34.0,22.212345679012348,11.8,4.8,8.6,55.4%,0.0,0.0,0%,2.3,3.3,69.4%,1.5,4.3,5.8,3.0,0.5,2.1,0.2,0.2,1.7,3.4,16.0,002507,"TOMIC, ANTE",37,https://media-cdn.incrowdsports.com/2667174b-7474-4889-8212-fc2acb612c1b.png,JOV,CJB,Club Joventut Badalona,https://media-cdn.incrowdsports.com/4867b9ca-abc6-48fd-a47f-011904a74bf8.png
105,39.0,36.0,28.348290598290596,14.2,1.8,3.9,44.8%,2.0,5.3,38.2%,4.6,5.3,86.5%,0.3,1.7,2.0,5.5,1.3,2.6,0.0,0.7,2.5,5.3,16.4,012003,"COWAN JR, ANTHONY",27,https://media-cdn.incrowdsports.com/4c959f62-fd8e-4002-98cc-4a3d2fb7587b.png,PAT;WOL,PRO;WLV,Promitheas Patras;BC Wolves Vilnius,https://media-cdn.incrowdsports.com/808f1bd0-aad0-470a-b621-3eba9efc6997.png;https://media-cdn.incrowdsports.com/bab91c74-fc2e-4176-9db5-06f40e0e6759.png
106,44.0,33.0,26.63409090909091,14.3,2.6,4.7,55.6%,2.0,5.5,37.1%,3.0,3.3,90.5%,0.3,2.0,2.3,4.3,0.9,1.8,0.0,0.2,1.8,4.2,16.4,011281,"FERRELL, YOGI",31,https://media-cdn.incrowdsports.com/79848719-23d6-45a2-9968-0e3ac8502b64.png,LJU;BUD,COL;BUD,KK Cedevita Olimpija;KK Buducnost,https://media-cdn.incrowdsports.com/73b33d13-570e-4e49-a9cb-fe806831eaa7.png;https://media-cdn.incrowdsports.com/47161285-94b3-4266-9d23-b722e8600945.png
107,37.0,37.0,27.437387387387385,10.0,3.8,5.8,65.9%,0.0,0.3,10%,2.3,3.2,71.4%,2.6,4.5,7.1,1.0,0.8,1.1,1.9,0.3,2.3,3.0,16.9,011973,"ALEXANDER, KYLE",28,https://media-cdn.incrowdsports.com/6240f898-2a12-4ae8-b1f4-e546c2c9e90c.png,HTA;TTK,HTA;TTA,Hapoel Tel Aviv;Turk Telekom Ankara,https://media-cdn.incrowdsports.com/cbb1c3ad-03d5-426a-b5ef-2832a4eee484.png;https://media-cdn.incrowdsports.com/4ba35608-54ca-4800-a59c-f2571e6f8e13.png
108,40.0,22.0,24.200833333333332,10.5,3.9,6.0,64.6%,0.2,0.5,38.1%,2.1,3.1,69.1%,2.8,5.2,8.0,1.9,0.6,1.6,1.0,0.4,2.1,3.0,17.6,002644,"BALVIN, ONDREJ",31,https://media-cdn.incrowdsports.com/8d290159-e754-4670-b127-d2e94420b71d.png,PMT,PRM,Prometey Slobozhanske,https://media-cdn.incrowdsports.com/277839cf-b5b3-48be-bacf-a1291cee44cc.png
109,34.0,33.0,31.423039215686277,16.9,3.8,7.5,50.8%,1.9,5.7,34.2%,3.5,4.3,80.8%,0.6,3.3,3.9,4.4,1.6,2.9,0.3,0.5,2.5,4.8,17.8,011925,"WALLACE, TYRONE",29,https://media-cdn.incrowdsports.com/eee4bcba-33d2-4998-aa9d-a98604471a6f.png,PRS;TTK,PBB;TTA,Paris Basketball;Turk Telekom Ankara,https://media-cdn.incrowdsports.com/a033e5b3-0de7-48a3-98d9-d9a4b9df1f39.png;https://media-cdn.incrowdsports.com/4ba35608-54ca-4800-a59c-f2571e6f8e13.png
