playerRanking,gamesPlayed,minutesPlayed,effectiveFieldGoalPercentage,trueShootingPercentage,offensiveReboundsPercentage,defensiveReboundsPercentage,reboundsPercentage,assistsToTurnoversRatio,assistsRatio,turnoversRatio,twoPointAttemptsRatio,threePointAttemptsRatio,freeThrowsRate,possesions,player.code,player.name,player.age,player.imageUrl,player.team.code,player.team.tvCodes,player.team.name,player.team.imageUrl
1,17.0,16.184313725490195,36.8%,41.1%,1.7%,6.8%,4.3%,0.9,24.9%,28.8%,24.1%,17.1%,28.3%,7.6,009400,"CASARIN, DAVIDE",21,https://media-cdn.incrowdsports.com/f3615b58-07f0-46cb-91e2-b99be06fe4ad.png,VNC,URV,Umana Reyer Venice,https://media-cdn.incrowdsports.com/104f5074-9f23-47da-a21f-f2078db8244c.png
2,13.0,8.99871794871795,27.8%,37.2%,5.1%,7.6%,6.2%,0.2,3.5%,21%,14%,49.1%,44.4%,2.2,013310,"GREY, JARED",19,https://media-cdn.incrowdsports.com/f64fbc22-8e36-4ec0-b3d4-f63f7f620e05.png,HAM,HAM,Hamburg Towers,https://media-cdn.incrowdsports.com/5ef8be01-ad71-42c2-aa02-d5c7a9495258.png
3,16.0,6.464583333333334,30%,38.9%,6.8%,8.8%,7.9%,1.0,14.5%,14.5%,55.2%,2.9%,50%,2.2,004619,"AGVA, MAHIR",28,https://media-cdn.incrowdsports.com/60f01b3d-0670-4d21-8fd8-26d4fc140228.png,TTK,TTA,Turk Telekom Ankara,https://media-cdn.incrowdsports.com/4ba35608-54ca-4800-a59c-f2571e6f8e13.png
4,16.0,11.789583333333333,38.5%,39.8%,3.9%,8.3%,6%,0.8,17.8%,22.6%,21.4%,35.6%,10.4%,5.3,010070,"MOELLER, LEIF",21,https://media-cdn.incrowdsports.com/cc559358-d061-409c-b9f4-3e1db0a54c2b.png,HAM,HAM,Hamburg Towers,https://media-cdn.incrowdsports.com/5ef8be01-ad71-42c2-aa02-d5c7a9495258.png
5,14.0,9.498809523809523,35.2%,41%,2.4%,5.5%,4%,0.7,10.6%,14.8%,29.6%,27.4%,70.4%,3.4,013281,"CORNELIUS, OR",28,https://media-cdn.incrowdsports.com/effbb81b-d746-49bb-a6e8-77f1b0220bb1.png,JER,JLM,Hapoel Jerusalem Basketball Club,https://media-cdn.incrowdsports.com/8058e0c5-3042-45e1-9423-f93f33c54576.png
6,17.0,8.486274509803922,47.7%,52.6%,4.2%,6.3%,5.3%,0.7,17.2%,24.5%,29.4%,24.5%,18.2%,4.8,012415,"TUNCA, MELIH",19,https://media-cdn.incrowdsports.com/84131a4c-7cf1-4e32-858e-dd854de48c6d.png,TTK,TTA,Turk Telekom Ankara,https://media-cdn.incrowdsports.com/4ba35608-54ca-4800-a59c-f2571e6f8e13.png
7,16.0,14.786458333333334,50%,51.7%,3.6%,6.6%,5.1%,0.3,8%,24.1%,24.1%,42.1%,6.1%,3.1,013356,"GKIOUZELIS, GEORGIOS",29,https://media-cdn.incrowdsports.com/737521ff-c0ef-4cfd-9f8a-2c2f432b3cea.png,ARI,ARI,Aris Thessaloniki,https://media-cdn.incrowdsports.com/dffbb68c-00b9-4a19-9e07-d98189caa409.png
8,16.0,7.396875,60%,62.5%,3.1%,10.7%,7%,0.7,19.5%,27.3%,25.4%,23.4%,20%,3.2,007560,"KLJAJIC, JOVAN",23,https://media-cdn.incrowdsports.com/c3cb4c76-806e-4976-8dc7-a073e508510d.png,CAN,DGC,Club Baloncesto Gran Canaria,https://media-cdn.incrowdsports.com/a074edc1-e180-4515-a876-447884b570b1.png
9,17.0,13.705882352941176,44.2%,44.6%,1.6%,8.8%,5.3%,1.9,44%,23.2%,4.9%,26.9%,7.7%,4.8,002361,"VIVES, GUILLEM",31,https://media-cdn.incrowdsports.com/a8d169b3-dcd3-42f0-825d-ffc1ec94ac0d.png,JOV,CJB,Club Joventut Badalona,https://media-cdn.incrowdsports.com/4867b9ca-abc6-48fd-a47f-011904a74bf8.png
10,17.0,8.663725490196079,53.8%,56.8%,15.5%,7.1%,11.2%,0.5,12.2%,26.2%,45.4%,0%,80.8%,3.4,012405,"HALTALI, FURKAN",22,https://media-cdn.incrowdsports.com/495c232a-4411-4d24-9fd2-62a7614a8131.png,BAH,BKS,Bahcesehir Koleji Istanbul,https://media-cdn.incrowdsports.com/1d3274d8-da86-4d21-9e97-6810ab88babe.png
11,16.0,7.209375,45.5%,49.6%,6.4%,12.5%,9.6%,1.3,12.8%,9.6%,41.7%,28.8%,22.7%,2.0,009877,"BLAYZER, OZ",32,https://media-cdn.incrowdsports.com/bdacdbae-3add-4198-8b38-a61ef585c9dd.png,HTA,HTA,Hapoel Tel Aviv,https://media-cdn.incrowdsports.com/cbb1c3ad-03d5-426a-b5ef-2832a4eee484.png
12,17.0,13.202941176470588,42.1%,54.2%,7.5%,9%,8.2%,0.6,12%,20.1%,48.2%,2.7%,76.3%,4.4,013355,"CHATZIDAKIS, EMMANOUIL",24,https://media-cdn.incrowdsports.com/9f9c0982-6463-4e58-a2dc-50a42d6ca21e.png,ARI,ARI,Aris Thessaloniki,https://media-cdn.incrowdsports.com/dffbb68c-00b9-4a19-9e07-d98189caa409.png
13,17.0,10.786274509803922,33.7%,36.9%,2%,10.2%,6.2%,3.1,29.8%,9.5%,10.8%,47.5%,9.3%,4.3,JUG,"RIBAS, PAU",37,https://media-cdn.incrowdsports.com/a401ec84-fd4d-4e12-a2f0-67f8c458f795.png,JOV,CJB,Club Joventut Badalona,https://media-cdn.incrowdsports.com/4867b9ca-abc6-48fd-a47f-011904a74bf8.png
14,17.0,5.790196078431372,59.4%,64.4%,8.8%,4.6%,6.6%,0.0,21.2%,0%,8.5%,59.2%,37.5%,1.4,013283,"PALATIN, GUY",24,https://media-cdn.incrowdsports.com/fea74d45-4528-45cd-8e77-25e6ca400d1c.png,HTA,HTA,Hapoel Tel Aviv,https://media-cdn.incrowdsports.com/cbb1c3ad-03d5-426a-b5ef-2832a4eee484.png
15,16.0,9.00625,50%,52.5%,2.3%,11.3%,6.5%,1.3,29.9%,22.8%,27%,18.5%,9.4%,4.4,010726,"JENSEN, TOBIAS",20,https://media-cdn.incrowdsports.com/45686120-e926-441a-abbd-272b9ec56a9f.png,ULM,ULM,ratiopharm Ulm,https://media-cdn.incrowdsports.com/497dc717-214d-4c03-8c67-0c4870278aa0.png
16,14.0,12.991666666666665,37.5%,46.5%,2.6%,4.6%,3.6%,1.2,17.9%,15.5%,28.6%,23.8%,61.4%,6.0,013258,"DREZNJAK, MATEO",25,https://media-cdn.incrowdsports.com/6ba06f56-4bec-40a8-a4d0-d0752c28546c.png,BUD,BUD,KK Buducnost,https://media-cdn.incrowdsports.com/47161285-94b3-4266-9d23-b722e8600945.png
17,13.0,7.137179487179487,48.1%,50.8%,7.2%,21.6%,14%,0.4,7.4%,17.3%,54.3%,12.3%,29.6%,3.1,007952,"BRETZEL, NICOLAS",25,https://media-cdn.incrowdsports.com/8c28784a-5832-469d-87a6-8bc9df30ce23.png,ULM,ULM,ratiopharm Ulm,https://media-cdn.incrowdsports.com/497dc717-214d-4c03-8c67-0c4870278aa0.png
18,13.0,7.158974358974358,60.6%,61.6%,11.1%,8.3%,9.7%,0.3,4.5%,13.5%,60.6%,13.5%,24.2%,3.4,006571,"LEVER, ALESSANDRO",26,https://media-cdn.incrowdsports.com/189b41d7-eb73-4986-99c6-f8d0029992f2.png,VNC,URV,Umana Reyer Venice,https://media-cdn.incrowdsports.com/104f5074-9f23-47da-a21f-f2078db8244c.png
19,14.0,9.276190476190477,50%,54.4%,11.1%,15.9%,13.4%,0.5,13.7%,25.9%,51.9%,3.1%,22.2%,4.7,012695,"REECE, CAMRON",25,https://media-cdn.incrowdsports.com/cd60eb65-2fb8-4bd9-b357-7f58d7c50a98.png,HAM,HAM,Hamburg Towers,https://media-cdn.incrowdsports.com/5ef8be01-ad71-42c2-aa02-d5c7a9495258.png
20,20.0,13.123333333333331,71.6%,72.5%,8.5%,6.4%,7.5%,2.3,22.8%,9.8%,37.5%,22.8%,27%,3.1,009392,"RADOVIC, ROK",23,https://media-cdn.incrowdsports.com/2bc7c261-de1f-46ba-8c4c-aec3f2f04010.png,LJU,COL,KK Cedevita Olimpija,https://media-cdn.incrowdsports.com/73b33d13-570e-4e49-a9cb-fe806831eaa7.png
21,18.0,13.825,45.7%,47.3%,2.7%,10.5%,6.5%,1.5,13.8%,8.9%,34.9%,40.6%,5.4%,6.8,006382,"FORRAY, TOTO",38,https://media-cdn.incrowdsports.com/6c16ee13-22a8-4495-933d-da832c04cdde.png,TRN,TRE,Dolomiti Energia Trento,https://media-cdn.incrowdsports.com/00c5cc07-732c-43c3-9d6e-5440594a25f8.png
22,18.0,16.038888888888888,67.6%,67.1%,6%,5.9%,5.9%,1.7,16.5%,9.6%,52.3%,17.9%,11.8%,4.0,006566,"SLAVKOVIC, ANDRIJA",25,https://media-cdn.incrowdsports.com/0d5afb9d-c9bd-4b67-a967-38a167e4901e.png,BUD,BUD,KK Buducnost,https://media-cdn.incrowdsports.com/47161285-94b3-4266-9d23-b722e8600945.png
23,15.0,11.62111111111111,81.8%,79.1%,3.5%,8.5%,6%,0.8,7.2%,9.6%,21.6%,57.5%,12.1%,2.8,010307,"JOVANOVIC, DORDIJE",21,https://media-cdn.incrowdsports.com/cf138bac-7b20-462e-b860-b6c55d4ae947.png,BUD,BUD,KK Buducnost,https://media-cdn.incrowdsports.com/47161285-94b3-4266-9d23-b722e8600945.png
24,14.0,15.86547619047619,53.5%,52.7%,7.3%,12.2%,9.6%,0.7,7.6%,11.5%,34.4%,38.2%,26.3%,5.6,013393,"LASZEWSKI, NATHAN JAMES",25,https://media-cdn.incrowdsports.com/99271fbf-3f5c-463b-849f-cb331c3cafa4.png,ARI,ARI,Aris Thessaloniki,https://media-cdn.incrowdsports.com/dffbb68c-00b9-4a19-9e07-d98189caa409.png
25,18.0,12.070370370370371,39.4%,48%,7.2%,15%,10.8%,1.7,17.9%,10.5%,46.3%,3%,103%,3.7,011379,"KONAN, KEREM",20,https://media-cdn.incrowdsports.com/3a2b1dc9-d027-4819-9dbd-bd5edb1a13f9.png,BES,BJK,Besiktas Istanbul,https://media-cdn.incrowdsports.com/791d8d03-da9c-4243-8342-ed6937f54762.png
26,19.0,11.85701754385965,44%,54.2%,2.6%,3.7%,3.2%,1.4,12.3%,8.8%,16.7%,49.3%,44%,6.0,004056,"AKPINAR, ISMET",29,https://media-cdn.incrowdsports.com/c68d2436-e727-47b6-a1a1-44aa7924c66e.png,TTK,TTA,Turk Telekom Ankara,https://media-cdn.incrowdsports.com/4ba35608-54ca-4800-a59c-f2571e6f8e13.png
27,17.0,19.195098039215686,45.8%,48.6%,4%,15.8%,9.8%,0.8,17%,21.7%,41.6%,15.1%,18.3%,6.2,005438,"PECCHIA, ANDREA",27,https://media-cdn.incrowdsports.com/ebd1041c-b76f-40f2-9c7f-b8f16507ae23.png,TRN,TRE,Dolomiti Energia Trento,https://media-cdn.incrowdsports.com/00c5cc07-732c-43c3-9d6e-5440594a25f8.png
28,16.0,13.8125,45%,48.7%,2.3%,9.4%,5.6%,4.0,10.5%,2.6%,19.2%,59.3%,24.4%,7.2,004945,"PAUL, BRANDON",33,https://media-cdn.incrowdsports.com/0490fd60-4d25-48ad-bf23-a614df1e0c92.png,BOU,JLB,JL Bourg,https://media-cdn.incrowdsports.com/d4225e1b-7c1b-4382-98d4-ca8511c64441.png
29,19.0,15.501754385964913,44.1%,44.9%,9.3%,23.1%,16.4%,0.6,5.8%,10.4%,60.2%,18.5%,14.7%,4.5,004645,"MINIOTAS, REGIMANTAS",28,https://media-cdn.incrowdsports.com/a5e9c59a-37dc-468a-9bfe-894a14556921.png,WOL,WLV,BC Wolves Vilnius,https://media-cdn.incrowdsports.com/bab91c74-fc2e-4176-9db5-06f40e0e6759.png
30,13.0,15.337179487179487,81.6%,83%,1.6%,9.9%,5.5%,0.9,19.2%,22.1%,28%,28%,10.5%,5.2,010450,"COURBY, MAXIME",34,https://media-cdn.incrowdsports.com/b09e4274-ba4c-4529-b6bf-02ef08696b9f.png,BOU,JLB,JL Bourg,https://media-cdn.incrowdsports.com/d4225e1b-7c1b-4382-98d4-ca8511c64441.png
31,18.0,13.594444444444443,42.5%,48.1%,3.4%,10%,6.7%,1.1,14.4%,12.6%,32.4%,31.8%,30.8%,9.3,009556,"NGOUAMA, MEHDY",29,https://media-cdn.incrowdsports.com/ecb2e7a1-c2f7-437b-b34d-7d3ec7592bb9.png,BOU;CAN,JLB;DGC,JL Bourg;Club Baloncesto Gran Canaria,https://media-cdn.incrowdsports.com/d4225e1b-7c1b-4382-98d4-ca8511c64441.png;https://media-cdn.incrowdsports.com/a074edc1-e180-4515-a876-447884b570b1.png
32,18.0,16.26851851851852,55.2%,58.4%,11%,13.2%,12.1%,0.7,9.2%,13.2%,67.2%,1%,31.3%,5.5,008790,"WITLINSKI, MIKOLAJ",29,https://media-cdn.incrowdsports.com/d0cc6371-34c8-4132-a701-08c7213ccaac.png,TSO,SOP,Trefl Sopot,https://media-cdn.incrowdsports.com/9ef7b3dd-9f80-4639-964d-9db4dfe436ee.png
33,17.0,22.333333333333336,41.2%,46.5%,5.9%,10.5%,8.1%,1.0,12.8%,13.4%,23.5%,41.7%,29.9%,8.8,003242,"OGBE, KENNETH",30,https://media-cdn.incrowdsports.com/76252bf2-347b-4d61-b674-d76f6a5d8fc0.png,HAM,HAM,Hamburg Towers,https://media-cdn.incrowdsports.com/5ef8be01-ad71-42c2-aa02-d5c7a9495258.png
34,18.0,19.876851851851853,50.9%,52.5%,6.8%,16.4%,11.6%,1.1,13.2%,12.1%,54%,9.9%,37.9%,5.0,006724,"BAYEHE, JORDAN",25,https://media-cdn.incrowdsports.com/b976bc7a-1dad-4212-a481-c25582e1e620.png,TRN,TRE,Dolomiti Energia Trento,https://media-cdn.incrowdsports.com/00c5cc07-732c-43c3-9d6e-5440594a25f8.png
35,20.0,12.308333333333334,60.2%,59.9%,4.8%,19.6%,12.8%,1.9,22.4%,11.8%,28.3%,23.6%,61.4%,4.2,007917,"DURMAZ, BERKAN",27,https://media-cdn.incrowdsports.com/29b9bcba-30e1-4faf-aaab-3f12672b865b.png,TTK,TTA,Turk Telekom Ankara,https://media-cdn.incrowdsports.com/4ba35608-54ca-4800-a59c-f2571e6f8e13.png
36,17.0,12.548039215686273,52.3%,56.2%,12.6%,13.8%,13.3%,0.4,8.4%,20.1%,48.6%,6.7%,66.7%,7.0,003759,"TESSITORI,  AMEDEO",30,https://media-cdn.incrowdsports.com/89a0ea60-107a-4a3e-b8c1-4f86788f24ca.png,VNC,URV,Umana Reyer Venice,https://media-cdn.incrowdsports.com/104f5074-9f23-47da-a21f-f2078db8244c.png
37,14.0,13.954761904761906,62.2%,69.7%,5.4%,11.9%,8.6%,0.9,11.9%,13.4%,44.6%,16.4%,51.2%,4.8,006212,"VASILIAUSKAS, GRANTAS",25,https://media-cdn.incrowdsports.com/e5194a57-89d3-4bf8-acc2-5cb0cb5f7562.png,LKB,LIE,Lietkabelis Panevezys ,https://media-cdn.incrowdsports.com/dc1684fc-b1ad-494f-a7ed-54f5998fcb36.png
38,21.0,18.263492063492066,57.3%,57.5%,3.7%,13.5%,8.8%,1.8,13.3%,7.6%,18.4%,59.8%,2.4%,7.5,011980,"SESTINA, NATHAN",27,https://media-cdn.incrowdsports.com/69669779-e9ea-4f12-81ab-42009fa4aa81.png,PAM,VBC,Valencia Basket,https://media-cdn.incrowdsports.com/efd12730-f2ea-4830-9caa-7f2f676079c2.png
39,17.0,18.707843137254905,55.2%,58.7%,2.6%,6.3%,4.4%,1.4,14%,10.1%,34.9%,31.8%,31.4%,7.6,011256,"RICH, OSARO",26,https://media-cdn.incrowdsports.com/541666bd-c515-4ed8-b17f-b4154f0423ce.png,HAM,HAM,Hamburg Towers,https://media-cdn.incrowdsports.com/5ef8be01-ad71-42c2-aa02-d5c7a9495258.png
40,18.0,20.173148148148147,56.2%,59.2%,3.4%,6.6%,4.9%,1.4,20.3%,14%,26.6%,35.3%,14.1%,11.5,006245,"WEIDEMANN, NELSON",25,https://media-cdn.incrowdsports.com/beec5fc0-efc7-4bd6-8c84-52d0fca75bd7.png,ULM,ULM,ratiopharm Ulm,https://media-cdn.incrowdsports.com/497dc717-214d-4c03-8c67-0c4870278aa0.png
41,15.0,22.423333333333336,44.9%,45.9%,2.4%,9.8%,5.9%,2.0,17.8%,8.9%,20.3%,48.3%,15.7%,10.5,013253,"HODGE, D MOI",26,https://media-cdn.incrowdsports.com/1e549869-bbf3-4c51-bf17-d6106974bfcf.png,ARI,ARI,Aris Thessaloniki,https://media-cdn.incrowdsports.com/dffbb68c-00b9-4a19-9e07-d98189caa409.png
42,18.0,16.830555555555556,54.9%,58.2%,7.4%,17.1%,12%,1.0,14.7%,14.7%,30.3%,32%,30.6%,6.4,006997,"HERKENHOFF, PHILIPP",25,https://media-cdn.incrowdsports.com/a758bb1b-7972-4b08-b875-5e86872d5992.png,ULM,ULM,ratiopharm Ulm,https://media-cdn.incrowdsports.com/497dc717-214d-4c03-8c67-0c4870278aa0.png
43,18.0,30.42962962962963,41.8%,45.8%,2.6%,10.4%,6.5%,0.8,12.4%,15.5%,34.9%,31.5%,19.3%,14.3,012019,"BEST, AARON",32,https://media-cdn.incrowdsports.com/016a05db-05cb-4a1e-a2d3-c2c3123be20f.png,TSO,SOP,Trefl Sopot,https://media-cdn.incrowdsports.com/9ef7b3dd-9f80-4639-964d-9db4dfe436ee.png
44,23.0,17.860869565217392,54.8%,59.2%,0.9%,9.8%,5.6%,2.9,30%,10.2%,25.2%,24.6%,45.8%,7.2,004846,"TIMOR, BAR",32,https://media-cdn.incrowdsports.com/296b5eb1-7d95-42af-8c0d-d2b920407802.png,HTA,HTA,Hapoel Tel Aviv,https://media-cdn.incrowdsports.com/cbb1c3ad-03d5-426a-b5ef-2832a4eee484.png
45,17.0,19.268627450980393,43%,44.8%,10.2%,19.6%,14.7%,1.0,15.1%,15.1%,63.3%,1.5%,17.4%,7.8,010461,"MALDUNAS, GABRIELIUS",31,https://media-cdn.incrowdsports.com/6d450c55-5011-47dc-9d80-38fbe26826f2.png,LKB,LIE,Lietkabelis Panevezys ,https://media-cdn.incrowdsports.com/dc1684fc-b1ad-494f-a7ed-54f5998fcb36.png
45,17.0,18.897058823529413,55.6%,58.2%,8.5%,14.8%,11.6%,0.6,9.8%,17.8%,59.5%,3.6%,33.8%,6.6,013279,"CHACHASHVILI, GABRIEL",25,https://media-cdn.incrowdsports.com/b1618585-024b-4f35-9840-dd2e665ac960.png,JER,JLM,Hapoel Jerusalem Basketball Club,https://media-cdn.incrowdsports.com/8058e0c5-3042-45e1-9423-f93f33c54576.png
47,16.0,12.844791666666667,66.7%,65.9%,11.2%,23.6%,17.5%,0.2,4.7%,23.6%,59%,1.2%,43.1%,5.3,013263,"OGBEIDE, DEREK",27,https://media-cdn.incrowdsports.com/6efa074c-b496-4a92-8a8b-be978cf5dcdf.png,LJU;JER,COL;JLM,KK Cedevita Olimpija;Hapoel Jerusalem Basketball Club,https://media-cdn.incrowdsports.com/73b33d13-570e-4e49-a9cb-fe806831eaa7.png;https://media-cdn.incrowdsports.com/8058e0c5-3042-45e1-9423-f93f33c54576.png
48,20.0,22.99833333333333,56.9%,59.5%,4.4%,9.8%,7.3%,1.4,17.1%,11.9%,28.2%,36.4%,23%,6.7,013300,"BESS, JAVON",28,https://media-cdn.incrowdsports.com/3d6ee03a-fabf-486f-9160-f744af18e2a5.png,TTK,TTA,Turk Telekom Ankara,https://media-cdn.incrowdsports.com/4ba35608-54ca-4800-a59c-f2571e6f8e13.png
49,19.0,22.196491228070176,44.5%,45.6%,1.7%,8.1%,5%,3.0,24%,8%,31.5%,31.5%,17.8%,9.9,005516,"ZEMAITIS, KRISTUPAS",28,https://media-cdn.incrowdsports.com/f84eca86-4097-4692-800e-0480ec997309.png,WOL,WLV,BC Wolves Vilnius,https://media-cdn.incrowdsports.com/bab91c74-fc2e-4176-9db5-06f40e0e6759.png
50,14.0,23.184523809523807,48.2%,55.1%,1.7%,5.4%,3.6%,1.3,24.6%,19.4%,13.7%,34.3%,38.1%,12.5,005404,"MORETTI, DAVIDE",26,https://media-cdn.incrowdsports.com/b447a9dc-e12c-41a9-b8ba-55175cb843a5.png,VNC,URV,Umana Reyer Venice,https://media-cdn.incrowdsports.com/104f5074-9f23-47da-a21f-f2078db8244c.png
51,18.0,21.49074074074074,62%,63%,7.4%,10.8%,9.2%,1.0,10.9%,10.9%,41.1%,33.4%,11.5%,7.2,010161,"KRAAG, YANNICK",22,https://media-cdn.incrowdsports.com/73868142-0644-49fd-9022-34e569aef043.png,JOV,CJB,Club Joventut Badalona,https://media-cdn.incrowdsports.com/4867b9ca-abc6-48fd-a47f-011904a74bf8.png
52,16.0,19.092708333333334,51.8%,52.7%,8.4%,15.4%,11.7%,0.8,11.9%,15.1%,42.8%,24.6%,18.8%,7.9,013291,"ROBY , ISAIAH",26,https://media-cdn.incrowdsports.com/c284da52-5bbb-461f-bb26-d5efc9471a52.png,ULM,ULM,ratiopharm Ulm,https://media-cdn.incrowdsports.com/497dc717-214d-4c03-8c67-0c4870278aa0.png
53,15.0,12.823333333333332,55.6%,57.7%,6.4%,8.9%,7.7%,1.7,32.5%,19.3%,26.3%,15.5%,35.2%,8.6,010750,"DE LARREA, SERGIO",19,https://media-cdn.incrowdsports.com/23ea1ad3-e859-42ed-827b-b250fff01f2e.png,PAM,VBC,Valencia Basket,https://media-cdn.incrowdsports.com/efd12730-f2ea-4830-9caa-7f2f676079c2.png
54,14.0,22.90595238095238,54.7%,57.2%,4.3%,6.3%,5.3%,1.2,17.4%,13.9%,32.7%,27.1%,33.7%,10.3,006546,"TAYLOR, JEFFERY",35,https://media-cdn.incrowdsports.com/10410890-e74a-4866-9d92-997cd1821ed9.png,WOL,WLV,BC Wolves Vilnius,https://media-cdn.incrowdsports.com/bab91c74-fc2e-4176-9db5-06f40e0e6759.png
55,15.0,21.40888888888889,45.3%,50.9%,4%,12%,7.9%,1.1,15.1%,13.4%,19.3%,42.7%,35.1%,8.0,LXI,"LIPKEVICIUS, VYTENIS",35,https://media-cdn.incrowdsports.com/f2d4935b-49b7-4e79-a103-97ffdcbc008c.png,LKB,LIE,Lietkabelis Panevezys ,https://media-cdn.incrowdsports.com/dc1684fc-b1ad-494f-a7ed-54f5998fcb36.png
56,20.0,17.267500000000002,60%,64%,7.8%,10.9%,9.4%,1.3,20.6%,16.1%,41.3%,12.2%,41.4%,6.5,005714,"MEJERIS, MAREKS",33,https://media-cdn.incrowdsports.com/9eb76962-b79d-41b9-afaf-f173cfaf22cf.png,CLU,UBT,U-BT Cluj-Napoca,https://media-cdn.incrowdsports.com/ae3e2844-0615-41bb-a788-a4f0d54b8d5e.png
57,18.0,19.366666666666667,64%,65%,5.4%,10.4%,7.7%,1.1,12%,10.6%,22.7%,53.1%,4.7%,7.8,007914,"ARSLAN, YIGIT",28,https://media-cdn.incrowdsports.com/b00538d4-0cdb-4699-b74d-1cc0188a6a8c.png,BES,BJK,Besiktas Istanbul,https://media-cdn.incrowdsports.com/791d8d03-da9c-4243-8342-ed6937f54762.png
58,24.0,20.89027777777778,52.3%,56.8%,3.4%,9.4%,6.5%,1.5,17.1%,11.3%,40.9%,23.8%,24.5%,10.0,012095,"THOMASSON, JOE",31,https://media-cdn.incrowdsports.com/ce8554e2-ab1f-4620-8c43-9941d3888f3d.png,CAN,DGC,Club Baloncesto Gran Canaria,https://media-cdn.incrowdsports.com/a074edc1-e180-4515-a876-447884b570b1.png
59,25.0,16.842,68.1%,67.8%,5.7%,14.6%,10.3%,1.0,10.8%,10.8%,46.9%,28.5%,9.2%,6.3,010452,"PELOS, PIERRE",32,https://media-cdn.incrowdsports.com/166cc1c2-7915-450d-91a5-973017aca976.png,CAN,DGC,Club Baloncesto Gran Canaria,https://media-cdn.incrowdsports.com/a074edc1-e180-4515-a876-447884b570b1.png
60,16.0,20.155208333333334,53%,53.4%,4.1%,11.9%,8.1%,1.3,23.2%,17.5%,18.2%,34.5%,28.6%,10.0,005099,"HANGA, ADAM",35,https://media-cdn.incrowdsports.com/f9dd2a24-1b86-4538-aca2-c93136cf6f50.png,JOV,CJB,Club Joventut Badalona,https://media-cdn.incrowdsports.com/4867b9ca-abc6-48fd-a47f-011904a74bf8.png
61,25.0,14.459333333333333,57.2%,64.5%,3.3%,16%,9.9%,1.3,18.4%,14.1%,29.7%,24.1%,57.9%,5.7,005005,"SALVO, MIQUEL",30,https://media-cdn.incrowdsports.com/96ee413a-7d15-4fa6-a0c4-f36703950a4c.png,CAN,DGC,Club Baloncesto Gran Canaria,https://media-cdn.incrowdsports.com/a074edc1-e180-4515-a876-447884b570b1.png
62,16.0,16.330208333333335,48.1%,52.6%,0.9%,13.4%,7.4%,1.7,30.3%,17.9%,25.4%,22.3%,19.5%,10.1,010623,"ALOCEN, CARLOS",24,https://media-cdn.incrowdsports.com/690b8b9b-425d-4da6-b6d9-122eaec0e330.png,CAN,DGC,Club Baloncesto Gran Canaria,https://media-cdn.incrowdsports.com/a074edc1-e180-4515-a876-447884b570b1.png
63,19.0,23.87280701754386,47.9%,51.2%,3.5%,9.7%,6.3%,1.4,19.2%,14%,19.9%,41%,21.8%,14.3,008945,"NEEDHAM, DEREK",34,https://media-cdn.incrowdsports.com/e9e97a76-0cd0-4bbf-94a9-2d7dc062877b.png,BES,BJK,Besiktas Istanbul,https://media-cdn.incrowdsports.com/791d8d03-da9c-4243-8342-ed6937f54762.png
64,24.0,22.98611111111111,50.5%,53.9%,2.9%,13.9%,8.7%,2.6,22%,8.5%,25.4%,35.5%,32.4%,7.4,013284,"WAINRIGHT, ISHMAIL CARZELL",30,https://media-cdn.incrowdsports.com/95385d0a-bcda-4bda-939c-ece3505ca5a1.png,HTA,HTA,Hapoel Tel Aviv,https://media-cdn.incrowdsports.com/cbb1c3ad-03d5-426a-b5ef-2832a4eee484.png
65,19.0,19.937719298245614,57.3%,59.2%,7.9%,11.7%,9.8%,0.5,6.9%,14.6%,54.8%,11.8%,40.6%,7.6,005637,"TANASKOVIC, NIKOLA",27,https://media-cdn.incrowdsports.com/46654867-6084-4b19-8ac5-6fd3fad5e989.png,BUD,BUD,KK Buducnost,https://media-cdn.incrowdsports.com/47161285-94b3-4266-9d23-b722e8600945.png
66,17.0,14.464705882352941,59.5%,58.7%,11.8%,12.3%,12.1%,0.2,3.7%,14.8%,50.4%,20%,35.8%,7.9,012738,"REUVERS, NATHAN",26,https://media-cdn.incrowdsports.com/d830be60-d495-4a84-9a40-70ca084e6014.png,PAM,VBC,Valencia Basket,https://media-cdn.incrowdsports.com/efd12730-f2ea-4830-9caa-7f2f676079c2.png
67,19.0,20.542105263157897,57.6%,60.5%,3.7%,9.6%,6.5%,2.8,35.1%,12.7%,33.4%,16.1%,12.8%,9.1,003783,"UGURLU, BERK",28,https://media-cdn.incrowdsports.com/6c9de9cd-ad08-4927-8bee-80dcb2334828.png,BES,BJK,Besiktas Istanbul,https://media-cdn.incrowdsports.com/791d8d03-da9c-4243-8342-ed6937f54762.png
68,18.0,23.487037037037037,50.9%,53.7%,5.6%,10.4%,7.9%,0.3,4.3%,13%,37.6%,39.5%,16.2%,11.5,013312,"BARNETT, JORDAN",29,https://media-cdn.incrowdsports.com/c15fe714-7ff7-40df-8db3-72ad244adabf.png,HAM,HAM,Hamburg Towers,https://media-cdn.incrowdsports.com/5ef8be01-ad71-42c2-aa02-d5c7a9495258.png
69,17.0,14.49705882352941,61.9%,67.2%,12.3%,13.8%,13%,0.7,11.1%,17.1%,34.1%,25.2%,47.5%,7.9,013289,"SANTOS, MARCIO",22,https://media-cdn.incrowdsports.com/e8e3e967-910e-48a0-8519-9406206b6754.png,ULM,ULM,ratiopharm Ulm,https://media-cdn.incrowdsports.com/497dc717-214d-4c03-8c67-0c4870278aa0.png
70,19.0,20.516666666666666,60%,64.8%,1.9%,13.1%,7.4%,2.4,23.2%,9.9%,19%,37.3%,42.5%,7.5,010431,"MORGAN, JEREMY",29,https://media-cdn.incrowdsports.com/c8fc13bd-b8b9-4241-a0b1-c843b4813d3e.png,JER,JLM,Hapoel Jerusalem Basketball Club,https://media-cdn.incrowdsports.com/8058e0c5-3042-45e1-9423-f93f33c54576.png
71,17.0,14.270588235294117,48.4%,50.7%,17.1%,20.1%,18.6%,1.3,13.6%,10.7%,56.4%,3.9%,58.1%,6.0,004222,"OMIC, ALEN",32,https://media-cdn.incrowdsports.com/9cd9219a-31f4-4e18-974a-512a9d9f1b47.png,BUD,BUD,KK Buducnost,https://media-cdn.incrowdsports.com/47161285-94b3-4266-9d23-b722e8600945.png
72,19.0,17.746491228070177,64.6%,70.1%,0.7%,6.2%,3.4%,0.4,4.4%,11.4%,20.1%,52.8%,35.1%,9.7,012630,"MAGEE, FLETCHER",28,https://media-cdn.incrowdsports.com/9c004a66-384a-42d2-8264-ee95f35e1c83.png,BUD,BUD,KK Buducnost,https://media-cdn.incrowdsports.com/47161285-94b3-4266-9d23-b722e8600945.png
73,19.0,23.010526315789473,46.5%,50.7%,2.9%,11.4%,7.3%,3.1,30.8%,10.1%,25.5%,25.5%,36%,8.9,013305,"WHEATLE, CARL",26,https://media-cdn.incrowdsports.com/b4bb0338-1e76-44cb-b7cc-0c8cc996266e.png,VNC,URV,Umana Reyer Venice,https://media-cdn.incrowdsports.com/104f5074-9f23-47da-a21f-f2078db8244c.png
74,22.0,18.01742424242424,54.2%,56.8%,5.6%,12%,8.9%,1.4,9.7%,6.8%,26.7%,48.3%,25.8%,8.0,006643,"PUERTO, JOSEP",25,https://media-cdn.incrowdsports.com/5c0cc065-9d15-40de-ab9e-6237b25c2584.png,PAM,VBC,Valencia Basket,https://media-cdn.incrowdsports.com/efd12730-f2ea-4830-9caa-7f2f676079c2.png
75,16.0,20.383333333333333,51.4%,53.3%,3.6%,16.3%,10.2%,0.9,13.2%,15%,40.3%,23.5%,28.3%,10.4,011928,"SIMMS, AAMIR",25,https://media-cdn.incrowdsports.com/90929047-a06a-4908-b66f-3992ebdd5a6c.png,VNC,URV,Umana Reyer Venice,https://media-cdn.incrowdsports.com/104f5074-9f23-47da-a21f-f2078db8244c.png
76,19.0,25.142105263157895,42.7%,47%,1.4%,9.2%,5.5%,2.8,33.2%,11.7%,17%,32.1%,27.7%,13.9,010587,"SMITH, KENNETH",31,https://media-cdn.incrowdsports.com/e96eefbb-b8c9-4ff7-a408-9e405b047c0a.png,JER;TTK,JLM;TTA,Hapoel Jerusalem Basketball Club;Turk Telekom Ankara,https://media-cdn.incrowdsports.com/8058e0c5-3042-45e1-9423-f93f33c54576.png;https://media-cdn.incrowdsports.com/4ba35608-54ca-4800-a59c-f2571e6f8e13.png
76,19.0,16.42105263157895,50.5%,52.9%,2.8%,11.2%,7.2%,3.6,38.2%,10.6%,32.2%,15.6%,16.8%,10.5,005181,"RAGLAND, JOE",35,https://media-cdn.incrowdsports.com/9cf9c59b-3c77-4f81-9145-6ed5959bc10c.png,HTA,HTA,Hapoel Tel Aviv,https://media-cdn.incrowdsports.com/cbb1c3ad-03d5-426a-b5ef-2832a4eee484.png
78,20.0,22.105,55.9%,59.2%,2.9%,7%,5%,2.3,16.6%,7.3%,7.8%,62.2%,20%,9.6,002820,"SALIN, SASU",33,https://media-cdn.incrowdsports.com/032f8e78-4120-4166-9d3d-96ef557e5859.png,CLU,UBT,U-BT Cluj-Napoca,https://media-cdn.incrowdsports.com/ae3e2844-0615-41bb-a788-a4f0d54b8d5e.png
79,20.0,20.004166666666666,42.7%,51.1%,1.5%,12.1%,7.2%,1.5,21.4%,14.5%,31%,23.7%,38.5%,13.1,006598,"HANLAN, OLIVIER",31,https://media-cdn.incrowdsports.com/6c9331a0-bfbe-49bb-92e4-81eb189b2732.png,TTK,TTA,Turk Telekom Ankara,https://media-cdn.incrowdsports.com/4ba35608-54ca-4800-a59c-f2571e6f8e13.png
80,18.0,16.766666666666666,54.4%,59.5%,11.5%,12.8%,12.1%,0.3,4.6%,14.6%,67.6%,0.7%,41.7%,8.4,009552,"PANSA, JEAN-MARC",27,https://media-cdn.incrowdsports.com/8ce31aa1-2030-4127-b7a9-e46d0465aa1f.png,BOU,JLB,JL Bourg,https://media-cdn.incrowdsports.com/d4225e1b-7c1b-4382-98d4-ca8511c64441.png
81,18.0,18.514814814814812,46.3%,48.9%,10.4%,14.7%,12.4%,1.5,7.9%,5.3%,46.8%,34.3%,16.3%,8.4,013264,"NELSON, ADRIAN",25,https://media-cdn.incrowdsports.com/074e9981-ed91-42c8-a002-c13c3b3f001a.png,BOU,JLB,JL Bourg,https://media-cdn.incrowdsports.com/d4225e1b-7c1b-4382-98d4-ca8511c64441.png
82,23.0,17.328260869565216,58.9%,61.3%,6.5%,18.2%,12.6%,0.8,8.6%,11.5%,47.6%,23.5%,28.2%,7.6,012096,"CABOCLO, BRUNO",29,https://media-cdn.incrowdsports.com/3d66cd91-5c2b-4aee-aa8a-11c071be7ce3.png,HTA,HTA,Hapoel Tel Aviv,https://media-cdn.incrowdsports.com/cbb1c3ad-03d5-426a-b5ef-2832a4eee484.png
83,19.0,17.742105263157896,62.1%,61.8%,12.7%,20.8%,16.8%,0.4,4.7%,11.7%,68.1%,0%,51.7%,4.5,012996,"BERINGER, JOAN",18,https://media-cdn.incrowdsports.com/e0cec8cf-f184-4f1e-9016-4f9b66a044bd.png,LJU,COL,KK Cedevita Olimpija,https://media-cdn.incrowdsports.com/73b33d13-570e-4e49-a9cb-fe806831eaa7.png
84,17.0,18.751960784313727,53.9%,57.5%,4.4%,20.8%,12.7%,1.7,20.8%,12.5%,31.1%,30.5%,19.1%,8.5,006853,"JOGELA, MATAS",26,https://media-cdn.incrowdsports.com/992a88f0-aeb7-4a06-bb0d-e974a5df36cc.png,WOL,WLV,BC Wolves Vilnius,https://media-cdn.incrowdsports.com/bab91c74-fc2e-4176-9db5-06f40e0e6759.png
85,18.0,25.046296296296294,47.9%,54.4%,4.2%,10.6%,7.4%,1.3,7.1%,5.6%,41.2%,32.5%,42.1%,10.9,013295,"ZYSKOWSKI, JAROSLAW",32,https://media-cdn.incrowdsports.com/a88719d8-f216-434f-a4bf-ac40c34891b3.png,TSO,SOP,Trefl Sopot,https://media-cdn.incrowdsports.com/9ef7b3dd-9f80-4639-964d-9db4dfe436ee.png
86,23.0,24.555797101449276,38.4%,46.1%,1.7%,5.9%,3.9%,1.5,28.1%,18.1%,13.7%,32.2%,39.6%,12.7,003425,"ALBICY, ANDREW",34,https://media-cdn.incrowdsports.com/7d12b702-a1a1-45d7-8257-225fbada577d.png,CAN,DGC,Club Baloncesto Gran Canaria,https://media-cdn.incrowdsports.com/a074edc1-e180-4515-a876-447884b570b1.png
87,17.0,18.569607843137256,52.9%,56%,9.2%,21.6%,15.4%,0.8,17.8%,21.9%,43.3%,7.1%,44.7%,9.9,012687,"NIANG, SALIOU",20,https://media-cdn.incrowdsports.com/39f43662-e79b-4cf0-849c-944d007b08e2.png,TRN,TRE,Dolomiti Energia Trento,https://media-cdn.incrowdsports.com/00c5cc07-732c-43c3-9d6e-5440594a25f8.png
88,23.0,21.796376811594204,54.7%,57.8%,7.2%,10.5%,8.9%,1.7,13.6%,7.8%,34%,38.7%,18.7%,8.3,006588,"SHURNA, JOHN",34,https://media-cdn.incrowdsports.com/3585d55e-72d0-478b-adb2-92ea4a3429fb.png,CAN,DGC,Club Baloncesto Gran Canaria,https://media-cdn.incrowdsports.com/a074edc1-e180-4515-a876-447884b570b1.png
89,15.0,23.938888888888886,56%,60.2%,6.2%,7.2%,6.7%,0.8,13.3%,16.9%,35.1%,25.4%,35%,11.0,011797,"GUZMAN, KAREL",29,https://media-cdn.incrowdsports.com/374362fb-7f20-4f6a-b455-a40ffe8b5cf3.png,CLU,UBT,U-BT Cluj-Napoca,https://media-cdn.incrowdsports.com/ae3e2844-0615-41bb-a788-a4f0d54b8d5e.png
90,16.0,25.34375,36.9%,43.7%,2.2%,13.6%,7.9%,1.6,27.1%,16.6%,34.1%,14.7%,34.9%,16.1,012593,"ELLIS, QUINN",21,https://media-cdn.incrowdsports.com/1f3530cb-b118-43b4-a664-bfd6a21aad0a.png,TRN,TRE,Dolomiti Energia Trento,https://media-cdn.incrowdsports.com/00c5cc07-732c-43c3-9d6e-5440594a25f8.png
91,18.0,19.026851851851852,51.6%,58.8%,10.7%,15.7%,13%,0.5,6.5%,12.2%,65.5%,0%,54.9%,7.7,011837,"KOKILA, KEVIN",23,https://media-cdn.incrowdsports.com/d305f17c-3f2e-4892-a160-7043779ce8f0.png,BOU,JLB,JL Bourg,https://media-cdn.incrowdsports.com/d4225e1b-7c1b-4382-98d4-ca8511c64441.png
91,18.0,25.075925925925926,51.2%,54.5%,3.2%,9.5%,6.3%,1.2,11.9%,10.1%,42.3%,30.8%,15.1%,12.6,013269,"CALE, MYLES",25,https://media-cdn.incrowdsports.com/1bf30f55-b73c-4030-8ff3-55446a0f861e.png,TRN,TRE,Dolomiti Energia Trento,https://media-cdn.incrowdsports.com/00c5cc07-732c-43c3-9d6e-5440594a25f8.png
93,17.0,20.951960784313727,58.1%,62.4%,1.6%,9%,5.2%,1.2,22.6%,18.4%,28.6%,22.6%,35.1%,12.8,009898,"BICKAUSKIS, DOVIS",31,https://media-cdn.incrowdsports.com/b2a30d7b-80ac-45e5-8eb9-251c47d7e7ed.png,LKB,LIE,Lietkabelis Panevezys ,https://media-cdn.incrowdsports.com/dc1684fc-b1ad-494f-a7ed-54f5998fcb36.png
94,13.0,23.18846153846154,52.4%,55%,3.9%,10.1%,7%,1.9,23.6%,12.1%,30%,28.6%,22%,10.8,011821,"MASSINBURG, CJ",27,https://media-cdn.incrowdsports.com/ff5e8a3e-8f27-4137-80fb-56c0735d78d2.png,BAH,BKS,Bahcesehir Koleji Istanbul,https://media-cdn.incrowdsports.com/1d3274d8-da86-4d21-9e97-6810ab88babe.png
95,17.0,20.01078431372549,57.7%,62.4%,4%,7.3%,5.6%,1.3,14.8%,11.5%,20%,45.3%,29.2%,12.3,012077,"PLUMMER, ALFONSO",27,https://media-cdn.incrowdsports.com/2c989d9f-f81f-4970-9030-6f9cac12f551.png,ULM,ULM,ratiopharm Ulm,https://media-cdn.incrowdsports.com/497dc717-214d-4c03-8c67-0c4870278aa0.png
96,19.0,21.235087719298246,64.9%,67.1%,9.1%,14.9%,12.1%,0.6,9.9%,15.6%,61%,5.7%,26.6%,7.4,012789,"BROOKS, GARRISON",25,https://media-cdn.incrowdsports.com/ba9693fa-dcb8-45dd-8572-d23bc6d675f6.png,WOL,WLV,BC Wolves Vilnius,https://media-cdn.incrowdsports.com/bab91c74-fc2e-4176-9db5-06f40e0e6759.png
97,18.0,15.475925925925926,56.2%,58.6%,2.7%,11.5%,7.2%,4.0,48.8%,12.3%,20.4%,14.5%,26.2%,10.4,004863,"JOVIC, STEFAN",34,https://media-cdn.incrowdsports.com/c4ac0a9d-d109-4e57-8835-43c67f1f2e62.png,PAM,VBC,Valencia Basket,https://media-cdn.incrowdsports.com/efd12730-f2ea-4830-9caa-7f2f676079c2.png
98,16.0,19.259375,72.1%,71.6%,9.8%,20.3%,14.6%,0.9,18.3%,20.8%,50.7%,0%,45.9%,7.5,010652,"TERRY, EMANUEL",28,https://media-cdn.incrowdsports.com/59385d87-4f80-4d20-b578-a618e611ea02.png,BES,BJK,Besiktas Istanbul,https://media-cdn.incrowdsports.com/791d8d03-da9c-4243-8342-ed6937f54762.png
99,15.0,24.157777777777778,56.4%,58.7%,3.4%,9.8%,6.3%,1.2,9.3%,7.5%,46.9%,29.5%,20.5%,11.5,013255,"MARTIN, KELAN",29,https://media-cdn.incrowdsports.com/9e946783-609a-4e7f-a2b1-f19a134e26c5.png,BES,BJK,Besiktas Istanbul,https://media-cdn.incrowdsports.com/791d8d03-da9c-4243-8342-ed6937f54762.png
100,18.0,17.212037037037035,69.2%,69.5%,16.8%,16.3%,16.6%,0.4,7.3%,18.3%,59.5%,0%,56.9%,6.1,013252,"ROBERTS, JOSHUA",25,https://media-cdn.incrowdsports.com/d20a72a8-3b62-40fb-abd1-4bbecadd13fa.png,ARI,ARI,Aris Thessaloniki,https://media-cdn.incrowdsports.com/dffbb68c-00b9-4a19-9e07-d98189caa409.png
101,17.0,18.822549019607845,53.5%,58.5%,7.8%,21.3%,14.2%,1.4,14.1%,10%,34.7%,32.4%,29.8%,10.0,009680,"MORGAN, CONOR",30,https://media-cdn.incrowdsports.com/30e38f7a-559e-40ed-aeb0-3b1ba846b57d.png,BES,BJK,Besiktas Istanbul,https://media-cdn.incrowdsports.com/791d8d03-da9c-4243-8342-ed6937f54762.png
102,14.0,22.629761904761903,66.1%,61.8%,9.2%,16.2%,12.6%,0.4,6.8%,19.6%,60.7%,0%,48.4%,7.3,013271,"MAWUGBE, SELOM",26,https://media-cdn.incrowdsports.com/a0d914dd-b3b6-4489-a257-333f7549074b.png,TRN,TRE,Dolomiti Energia Trento,https://media-cdn.incrowdsports.com/00c5cc07-732c-43c3-9d6e-5440594a25f8.png
103,18.0,23.88611111111111,50%,54.4%,2.1%,14.1%,7.7%,1.0,9%,9.5%,41.2%,30.3%,31.6%,12.3,013265,"USHER, JORDAN",26,https://media-cdn.incrowdsports.com/6d1aa535-f66f-4044-8fff-b13ac926df21.png,BOU,JLB,JL Bourg,https://media-cdn.incrowdsports.com/d4225e1b-7c1b-4382-98d4-ca8511c64441.png
104,15.0,24.5,44.7%,48.2%,2%,6.9%,4.4%,1.0,13.1%,13.5%,25.9%,42.5%,16.7%,19.3,004292,"TOLIOPOULOS, VASSILIS",28,https://media-cdn.incrowdsports.com/463d6ebf-adb6-47f9-a277-fadc8e5769f9.png,ARI,ARI,Aris Thessaloniki,https://media-cdn.incrowdsports.com/dffbb68c-00b9-4a19-9e07-d98189caa409.png
105,22.0,20.379545454545454,52.4%,57.5%,6.9%,11.6%,9.3%,0.5,4.7%,10.2%,31.3%,43.1%,32.6%,11.6,011982,"OJELEYE, SEMI",30,https://media-cdn.incrowdsports.com/2578af9b-c461-4517-a65f-de6ca1388bf4.png,PAM,VBC,Valencia Basket,https://media-cdn.incrowdsports.com/efd12730-f2ea-4830-9caa-7f2f676079c2.png
106,24.0,19.865277777777777,48.5%,54%,2.8%,8%,5.5%,1.3,14.5%,11.5%,32.1%,32.1%,34.3%,14.9,011251,"HOMESLEY, CALEB",28,https://media-cdn.incrowdsports.com/1bd73f16-1599-430f-9dc3-8f1d5635e6c7.png,CAN,DGC,Club Baloncesto Gran Canaria,https://media-cdn.incrowdsports.com/a074edc1-e180-4515-a876-447884b570b1.png
107,20.0,23.125,61%,65.1%,2.3%,6.5%,4.4%,1.0,14.9%,14.5%,26.5%,37.7%,22.6%,12.1,004862,"SEELEY, DENNIS",35,https://media-cdn.incrowdsports.com/a4943465-7938-45eb-b555-48c67d662df0.png,CLU,UBT,U-BT Cluj-Napoca,https://media-cdn.incrowdsports.com/ae3e2844-0615-41bb-a788-a4f0d54b8d5e.png
108,16.0,21.605208333333334,44.5%,48.2%,2%,15.5%,8.5%,1.7,22.5%,13.5%,32.4%,25.1%,25.9%,18.9,013309,"LOTTIE, JAIZEC",26,https://media-cdn.incrowdsports.com/a90c6860-1db9-4e79-aecd-20c7ec2de79b.png,HAM,HAM,Hamburg Towers,https://media-cdn.incrowdsports.com/5ef8be01-ad71-42c2-aa02-d5c7a9495258.png
109,20.0,20.144166666666667,61.7%,64.3%,3.8%,7%,5.4%,2.3,24.2%,10.6%,23.7%,36.5%,19%,11.4,007527,"BADIO, BRANCOU",25,https://media-cdn.incrowdsports.com/a0c0a3a9-e333-489a-b342-935648b3d9fc.png,PAM,VBC,Valencia Basket,https://media-cdn.incrowdsports.com/efd12730-f2ea-4830-9caa-7f2f676079c2.png
110,20.0,24.74833333333333,46.8%,49.5%,6.6%,14.1%,10.3%,1.1,12.7%,11.1%,53.4%,15%,26%,12.6,012700,"STEWART, DJ",25,https://media-cdn.incrowdsports.com/a9091bd3-a97a-40b5-a899-c6b6e3e48f6d.png,LJU,COL,KK Cedevita Olimpija,https://media-cdn.incrowdsports.com/73b33d13-570e-4e49-a9cb-fe806831eaa7.png
111,18.0,23.496296296296297,46.2%,59.6%,2.1%,6.7%,4.4%,1.4,24.4%,17.9%,18.2%,26.5%,66.2%,16.2,013298,"SCHENK, JAKUB",30,https://media-cdn.incrowdsports.com/94fc994f-935a-429d-96cc-cb1313e3226c.png,TSO,SOP,Trefl Sopot,https://media-cdn.incrowdsports.com/9ef7b3dd-9f80-4639-964d-9db4dfe436ee.png
112,21.0,17.81984126984127,52.5%,60.4%,8.4%,16.5%,12.5%,1.2,11.5%,9.3%,42.3%,23.1%,47.9%,8.7,012711,"SIMONOVIC, MARKO",25,https://media-cdn.incrowdsports.com/b5895662-8f6a-4350-893d-8cc0116a7823.png,BAH,BKS,Bahcesehir Koleji Istanbul,https://media-cdn.incrowdsports.com/1d3274d8-da86-4d21-9e97-6810ab88babe.png
113,19.0,22.782456140350877,57.1%,61.1%,10.3%,17.8%,14%,1.9,12.4%,6.6%,40.8%,31.3%,28.3%,7.2,013277,"JOHNSON, CHRIS",34,https://media-cdn.incrowdsports.com/ede1defd-72b8-49c3-8680-29e9dd282f75.png,JER,JLM,Hapoel Jerusalem Basketball Club,https://media-cdn.incrowdsports.com/8058e0c5-3042-45e1-9423-f93f33c54576.png
114,15.0,22.33555555555556,45.7%,54.1%,2.7%,13.8%,8.1%,0.9,12.3%,13.3%,38.4%,17.1%,77.8%,14.1,006586,"KALAITZAKIS, GEORGIOS",25,https://media-cdn.incrowdsports.com/a330a4e3-0f8b-47d3-bc15-9ea84b25f341.png,LKB,LIE,Lietkabelis Panevezys ,https://media-cdn.incrowdsports.com/dc1684fc-b1ad-494f-a7ed-54f5998fcb36.png
115,24.0,26.999305555555555,51.1%,54.7%,2.6%,13.7%,8.3%,1.6,21.2%,12.9%,22.2%,37.6%,23.1%,13.0,008121,"BRUSSINO, NICOLAS",31,https://media-cdn.incrowdsports.com/aba56008-559a-461e-b5a5-2edd7a1415a5.png,CAN,DGC,Club Baloncesto Gran Canaria,https://media-cdn.incrowdsports.com/a074edc1-e180-4515-a876-447884b570b1.png
116,25.0,16.505333333333333,69%,70.6%,10.8%,18.2%,14.6%,0.9,14.1%,15.6%,58.2%,0%,47.4%,8.0,012016,"CONDITT IV, GEORGE",24,https://media-cdn.incrowdsports.com/411c98e4-6d6e-4c5b-bf3f-619ab920b651.png,CAN,DGC,Club Baloncesto Gran Canaria,https://media-cdn.incrowdsports.com/a074edc1-e180-4515-a876-447884b570b1.png
117,16.0,19.160416666666666,60.6%,61.6%,10.5%,15.6%,13%,2.1,30%,14.4%,42.6%,0%,69%,10.4,005113,"STIPANOVIC, ANDRIJA",38,https://media-cdn.incrowdsports.com/cbda2bd9-5ebc-409c-a47e-2acf455b8a38.png,LKB;LJU,LIE;COL,Lietkabelis Panevezys ;KK Cedevita Olimpija,https://media-cdn.incrowdsports.com/dc1684fc-b1ad-494f-a7ed-54f5998fcb36.png;https://media-cdn.incrowdsports.com/73b33d13-570e-4e49-a9cb-fe806831eaa7.png
118,18.0,27.223148148148148,50.4%,55.7%,4.2%,10.9%,7.5%,1.4,15.7%,11.1%,27.2%,35.1%,40%,12.0,006625,"ZOOSMAN, YOVEL",26,https://media-cdn.incrowdsports.com/db31839e-5e4a-4af1-bdfa-5dd0188962ee.png,JER,JLM,Hapoel Jerusalem Basketball Club,https://media-cdn.incrowdsports.com/8058e0c5-3042-45e1-9423-f93f33c54576.png
119,21.0,23.174603174603174,45%,52.7%,2%,9.3%,5.7%,2.4,22.4%,9.3%,37.4%,16%,63.3%,13.4,011201,"HAZER, SEHMUS",25,https://media-cdn.incrowdsports.com/966c7564-e933-42de-b49f-c81f65b20e88.png,BAH,BKS,Bahcesehir Koleji Istanbul,https://media-cdn.incrowdsports.com/1d3274d8-da86-4d21-9e97-6810ab88babe.png
120,19.0,21.49298245614035,46.1%,54.8%,1.6%,16.6%,9.1%,0.8,9.1%,12%,28.8%,33.1%,62%,11.0,003452,"BLAZIC, JAKA",34,https://media-cdn.incrowdsports.com/9ef061f7-37f1-418a-abcd-c2859609b6ee.png,LJU,COL,KK Cedevita Olimpija,https://media-cdn.incrowdsports.com/73b33d13-570e-4e49-a9cb-fe806831eaa7.png
121,24.0,23.615277777777777,57.3%,59.2%,6.8%,16.7%,12%,1.5,14.3%,9.7%,45%,24%,23.2%,9.9,010550,"GINAT, TOMER",30,https://media-cdn.incrowdsports.com/4ee7d2fa-8299-4522-be3e-cab3009c2a1f.png,HTA,HTA,Hapoel Tel Aviv,https://media-cdn.incrowdsports.com/cbb1c3ad-03d5-426a-b5ef-2832a4eee484.png
122,17.0,19.707843137254905,62.8%,64.6%,7.6%,14.3%,10.7%,1.6,31.2%,20%,33.3%,10.8%,24.4%,11.5,006904,"AYAYI, JOEL",24,https://media-cdn.incrowdsports.com/a1e6e5a3-6fbe-417b-a2d5-9ed6516af396.png,BOU,JLB,JL Bourg,https://media-cdn.incrowdsports.com/d4225e1b-7c1b-4382-98d4-ca8511c64441.png
123,16.0,25.130208333333332,49.6%,56%,7.6%,17.9%,12.9%,0.6,10.5%,16.2%,48.7%,16.2%,29.4%,13.1,011909,"PARKS, JORDAN",30,https://media-cdn.incrowdsports.com/449befd0-a2a1-47e9-a7df-86c170244f6a.png,VNC,URV,Umana Reyer Venice,https://media-cdn.incrowdsports.com/104f5074-9f23-47da-a21f-f2078db8244c.png
124,13.0,27.515384615384615,54.5%,60.6%,3.8%,13.1%,8.2%,1.0,17.6%,18.3%,36.6%,13.7%,62.3%,11.8,005422,"JALLOW, KARIM",27,https://media-cdn.incrowdsports.com/477f9093-9b89-427c-8c45-6a7650eff69e.png,ULM,ULM,ratiopharm Ulm,https://media-cdn.incrowdsports.com/497dc717-214d-4c03-8c67-0c4870278aa0.png
125,19.0,23.228070175438596,58.8%,63.3%,8.6%,9.4%,9%,1.0,10.2%,10.7%,41.4%,25.5%,41.2%,10.3,011927,"SLEVA, DUSTIN",29,https://media-cdn.incrowdsports.com/bb20c519-092d-48d8-a591-0f54264afbfd.png,BES,BJK,Besiktas Istanbul,https://media-cdn.incrowdsports.com/791d8d03-da9c-4243-8342-ed6937f54762.png
126,13.0,25.24871794871795,49.1%,55.8%,2.7%,9.5%,5.9%,1.0,11.7%,11.1%,26.7%,38.3%,42.7%,13.8,009299,"RUBSTAVICIUS, MANTAS",22,https://media-cdn.incrowdsports.com/6e494d22-5464-434f-9d73-1ecddb81e0d1.png,LKB,LIE,Lietkabelis Panevezys ,https://media-cdn.incrowdsports.com/dc1684fc-b1ad-494f-a7ed-54f5998fcb36.png
127,19.0,21.879824561403506,56.5%,62.6%,6%,15.8%,11%,1.0,10.1%,10.5%,34.6%,32.9%,40.3%,12.0,012577,"THURMAN, TRE'SHAWN",29,https://media-cdn.incrowdsports.com/808d1e7c-37ed-4ac5-bd8e-8a1d948d56b6.png,WOL,WLV,BC Wolves Vilnius,https://media-cdn.incrowdsports.com/bab91c74-fc2e-4176-9db5-06f40e0e6759.png
128,20.0,24.1325,51.4%,59.6%,1.2%,7.2%,4.2%,1.9,26.4%,13.9%,17.1%,32.1%,47.8%,14.0,003703,"NIKOLIC, ALEKSEJ",29,https://media-cdn.incrowdsports.com/316b0e87-df4b-4681-a331-d65952c65fe9.png,LJU,COL,KK Cedevita Olimpija,https://media-cdn.incrowdsports.com/73b33d13-570e-4e49-a9cb-fe806831eaa7.png
129,16.0,24.417708333333334,44.6%,49.3%,2.8%,7.9%,5.2%,1.8,23%,12.4%,43.8%,14%,26.9%,20.1,011437,"SARAF, BEN",18,https://media-cdn.incrowdsports.com/bd981878-2c8f-42fe-bf2d-23d72dc06774.png,ULM,ULM,ratiopharm Ulm,https://media-cdn.incrowdsports.com/497dc717-214d-4c03-8c67-0c4870278aa0.png
130,24.0,24.047916666666666,64.7%,65.2%,4.3%,9%,6.8%,1.0,11.2%,10.9%,38.6%,33.6%,17.7%,13.4,010386,"FOSTER, MARCUS",29,https://media-cdn.incrowdsports.com/109bd6d0-cc37-4e4e-9fc4-6be18d520003.png,HTA,HTA,Hapoel Tel Aviv,https://media-cdn.incrowdsports.com/cbb1c3ad-03d5-426a-b5ef-2832a4eee484.png
131,17.0,22.67843137254902,59.6%,63.8%,2.2%,6.5%,4.4%,1.9,22.1%,11.5%,29.8%,29.8%,25.7%,13.8,012740,"ROBERTSON, KASSIUS",30,https://media-cdn.incrowdsports.com/5aa7f467-8fe2-45db-97e5-2fbff4d3a1b9.png,JOV,CJB,Club Joventut Badalona,https://media-cdn.incrowdsports.com/4867b9ca-abc6-48fd-a47f-011904a74bf8.png
132,18.0,21.635185185185186,46.2%,51.6%,2.8%,14%,8.3%,2.1,26.6%,12.4%,39.1%,15.2%,28%,16.1,012606,"WRIGHT IV, MCKINLEY",26,https://media-cdn.incrowdsports.com/c1c17c4f-deb7-44c1-8593-ed9af8d5cdb9.png,BUD,BUD,KK Buducnost,https://media-cdn.incrowdsports.com/47161285-94b3-4266-9d23-b722e8600945.png
133,18.0,18.67685185185185,70.8%,73.7%,8.1%,20.1%,14.2%,0.6,10.9%,18.2%,58.3%,0%,49%,9.1,008186,"BLAZEVIC, MAREK",23,https://media-cdn.incrowdsports.com/e3c0623a-0b8a-4f1b-8f01-cb70c9a64873.png,WOL,WLV,BC Wolves Vilnius,https://media-cdn.incrowdsports.com/bab91c74-fc2e-4176-9db5-06f40e0e6759.png
134,18.0,19.041666666666668,62.3%,68%,7.4%,16%,11.7%,0.2,3.6%,19%,62.4%,0.6%,51.9%,9.3,004834,"PUSTOVYI, ARTEM",32,https://media-cdn.incrowdsports.com/6af02b42-60cf-4293-b7d4-2c92b7c5b4dd.png,JOV,CJB,Club Joventut Badalona,https://media-cdn.incrowdsports.com/4867b9ca-abc6-48fd-a47f-011904a74bf8.png
135,20.0,19.693333333333335,55.8%,60.6%,3.1%,10.8%,7%,1.6,25.7%,16.1%,36.7%,13.7%,35.4%,14.6,013260,"JONES, DEVANTE",26,https://media-cdn.incrowdsports.com/cb585bf7-0d29-43e6-bd42-8cf2564551a2.png,LJU,COL,KK Cedevita Olimpija,https://media-cdn.incrowdsports.com/73b33d13-570e-4e49-a9cb-fe806831eaa7.png
136,13.0,20.814102564102562,57%,60.9%,8.2%,19.1%,13.6%,0.7,9.8%,14.3%,43.6%,21.1%,39.5%,10.2,013297,"WEATHERS, MARCUS",27,https://media-cdn.incrowdsports.com/235e74ae-efa4-4912-9f11-4ce3612e1da8.png,TSO,SOP,Trefl Sopot,https://media-cdn.incrowdsports.com/9ef7b3dd-9f80-4639-964d-9db4dfe436ee.png
137,16.0,20.469791666666666,58.4%,62.4%,4.1%,17.7%,11%,1.3,21.4%,16.1%,31%,18.5%,60.2%,10.5,004172,"PONITKA, MATEUSZ",31,https://media-cdn.incrowdsports.com/ff57c5a3-cbb1-4453-947e-8e843f9faea1.png,BAH,BKS,Bahcesehir Koleji Istanbul,https://media-cdn.incrowdsports.com/1d3274d8-da86-4d21-9e97-6810ab88babe.png
138,19.0,22.96315789473684,50%,57.2%,2.6%,12.5%,7.2%,1.5,22.6%,15.2%,32.8%,14.5%,72.4%,14.9,011924,"ALLMAN, KYLE",27,https://media-cdn.incrowdsports.com/8509537c-0e40-451b-b6c8-0d7ed53c05df.png,BES,BJK,Besiktas Istanbul,https://media-cdn.incrowdsports.com/791d8d03-da9c-4243-8342-ed6937f54762.png
139,15.0,25.561111111111114,48.7%,53.3%,2.6%,7.7%,5%,2.8,26.1%,9.2%,29.4%,27.9%,29.5%,18.1,013247,"KOVLIAR, OLEKSANDR",22,https://media-cdn.incrowdsports.com/4d20a195-1785-40cc-b3ca-7b839c372c90.png,LKB,LIE,Lietkabelis Panevezys ,https://media-cdn.incrowdsports.com/dc1684fc-b1ad-494f-a7ed-54f5998fcb36.png
140,19.0,25.453508771929826,41.8%,48.1%,4.8%,16.4%,10.5%,1.4,24.2%,16.8%,27.1%,22%,46.3%,14.4,009649,"PHILLIP, TARIK",31,https://media-cdn.incrowdsports.com/f964e5b5-ced6-4b26-a638-e27d2eec3082.png,TSO;JER,SOP;JLM,Trefl Sopot;Hapoel Jerusalem Basketball Club,https://media-cdn.incrowdsports.com/9ef7b3dd-9f80-4639-964d-9db4dfe436ee.png;https://media-cdn.incrowdsports.com/8058e0c5-3042-45e1-9423-f93f33c54576.png
141,18.0,25.06851851851852,47.7%,51.8%,3.2%,9.5%,6.3%,1.4,24.3%,17.4%,20.7%,31.2%,27.7%,18.5,013308,"IVEY, BRAE",28,https://media-cdn.incrowdsports.com/b345f755-b6e2-4407-bf4f-d3b43200d1c3.png,HAM,HAM,Hamburg Towers,https://media-cdn.incrowdsports.com/5ef8be01-ad71-42c2-aa02-d5c7a9495258.png
142,18.0,23.87037037037037,55.4%,59.3%,2.4%,13.1%,7.9%,1.2,16.1%,12.9%,38.4%,23.5%,33.5%,14.2,012698,"MOKOKA, ADAM",26,https://media-cdn.incrowdsports.com/809d5e44-ef1b-4352-a2b5-df756bf849f9.png,CLU,UBT,U-BT Cluj-Napoca,https://media-cdn.incrowdsports.com/ae3e2844-0615-41bb-a788-a4f0d54b8d5e.png
143,18.0,21.20462962962963,50.6%,56.2%,4%,13.9%,9.1%,1.6,12%,7.3%,37.2%,34.7%,28%,13.0,008052,"WILTJER, KYLE",32,https://media-cdn.incrowdsports.com/6d8afeb7-1750-4a0b-bf4c-69a4ad4fd655.png,VNC,URV,Umana Reyer Venice,https://media-cdn.incrowdsports.com/104f5074-9f23-47da-a21f-f2078db8244c.png
144,17.0,26.17549019607843,50.2%,54.1%,1.3%,11.4%,6.1%,1.2,12.9%,10.7%,39.7%,27.7%,29.9%,18.7,011936,"MATHEWS, JONAH",26,https://media-cdn.incrowdsports.com/6e5002a2-5313-4940-bf0b-3f3ac7d7e44f.png,BES,BJK,Besiktas Istanbul,https://media-cdn.incrowdsports.com/791d8d03-da9c-4243-8342-ed6937f54762.png
145,15.0,23.45,68.6%,70.7%,5%,17%,10.9%,1.1,18%,16.6%,28.6%,23.3%,59%,10.0,013256,"MORGAN, JUWAN",27,https://media-cdn.incrowdsports.com/96517234-e117-4580-9fa7-2d019f630a19.png,BUD,BUD,KK Buducnost,https://media-cdn.incrowdsports.com/47161285-94b3-4266-9d23-b722e8600945.png
146,22.0,27.41287878787879,58.6%,59.6%,4.6%,15.9%,10.3%,1.7,10.9%,6.5%,41.6%,35.5%,16.2%,11.3,003840,"BOUTEILLE, AXEL",29,https://media-cdn.incrowdsports.com/64a65242-aff5-4094-b02f-c9c3eb154a8d.png,BAH,BKS,Bahcesehir Koleji Istanbul,https://media-cdn.incrowdsports.com/1d3274d8-da86-4d21-9e97-6810ab88babe.png
147,21.0,21.034920634920635,74.2%,75%,8%,21.3%,14.8%,1.4,22.8%,16%,42.2%,12%,29.5%,8.3,010393,"PRADILLA, JAIME",23,https://media-cdn.incrowdsports.com/9c8c8d4f-31d8-4c05-bf26-60334b55cf5d.png,PAM,VBC,Valencia Basket,https://media-cdn.incrowdsports.com/efd12730-f2ea-4830-9caa-7f2f676079c2.png
148,18.0,26.641666666666666,47.1%,52%,3.2%,13.4%,8.3%,0.8,13.8%,16.5%,31.5%,30%,30.1%,18.9,013272,"LAMB, ANTHONY",26,https://media-cdn.incrowdsports.com/2f927a8b-0dcb-4018-86ad-6c6c0b7c1bc4.png,TRN,TRE,Dolomiti Energia Trento,https://media-cdn.incrowdsports.com/00c5cc07-732c-43c3-9d6e-5440594a25f8.png
149,17.0,20.04019607843137,58.3%,62.5%,1.8%,13.9%,8.2%,0.6,6.8%,11.3%,32.5%,38.4%,35.7%,13.0,013402,"BLAKENEY, ANTONIO",28,https://media-cdn.cortextech.io/fb4c7a65-6933-4bf9-b2ba-e60c65f8ae0e.png,HTA,HTA,Hapoel Tel Aviv,https://media-cdn.incrowdsports.com/cbb1c3ad-03d5-426a-b5ef-2832a4eee484.png
150,19.0,25.306140350877193,48%,58.4%,1%,9.7%,5.4%,1.4,16.7%,12.2%,23.1%,33.4%,59.1%,16.4,011248,"ANDREWS, ANDREW",31,https://media-cdn.incrowdsports.com/43792c0f-d229-4b7d-bc7c-ab407eab5f77.png,WOL,WLV,BC Wolves Vilnius,https://media-cdn.incrowdsports.com/bab91c74-fc2e-4176-9db5-06f40e0e6759.png
151,22.0,18.456060606060607,66.9%,67.5%,7.6%,16.8%,12.4%,1.4,11.1%,7.7%,36.7%,37.7%,20.8%,9.4,010444,"COSTELLO, MATTHEW",31,https://media-cdn.incrowdsports.com/cca68c8b-f1c3-4502-bb2f-f84e76c4a6ee.png,PAM,VBC,Valencia Basket,https://media-cdn.incrowdsports.com/efd12730-f2ea-4830-9caa-7f2f676079c2.png
152,19.0,28.74298245614035,48.9%,51.7%,1.8%,14.5%,8%,2.2,17.6%,7.9%,31.3%,36.8%,21%,17.3,011150,"SULAIMON, RASHEED",30,https://media-cdn.incrowdsports.com/14132571-dae3-45d3-ac2b-789b9ce262e2.png,BUD,BUD,KK Buducnost,https://media-cdn.incrowdsports.com/47161285-94b3-4266-9d23-b722e8600945.png
153,25.0,20.768666666666668,60.4%,63.8%,10%,21.2%,15.8%,2.1,14.7%,6.9%,55.8%,15.1%,23.8%,9.2,008966,"TOBEY, MIKE",30,https://media-cdn.incrowdsports.com/d7471c9c-c1f2-4ca9-88a6-3c3ddccc597a.png,CAN,DGC,Club Baloncesto Gran Canaria,https://media-cdn.incrowdsports.com/a074edc1-e180-4515-a876-447884b570b1.png
153,20.0,21.482499999999998,61.4%,61.2%,11.7%,22.1%,17.1%,0.6,9.2%,16.6%,66.9%,0%,24.8%,10.8,013304,"HANKINS, ZACH",28,https://media-cdn.incrowdsports.com/19e957cb-0639-49a0-9550-0811f8517b1c.png,CLU,UBT,U-BT Cluj-Napoca,https://media-cdn.incrowdsports.com/ae3e2844-0615-41bb-a788-a4f0d54b8d5e.png
155,18.0,26.078703703703706,53.4%,59.9%,1.2%,11%,5.9%,2.4,19.4%,8.3%,26%,35.1%,41.9%,13.5,005521,"VARNAS, MARTYNAS",27,https://media-cdn.incrowdsports.com/f965073c-9966-4358-8884-7c06d880cfdd.png,LKB,LIE,Lietkabelis Panevezys ,https://media-cdn.incrowdsports.com/dc1684fc-b1ad-494f-a7ed-54f5998fcb36.png
156,20.0,22.6475,54%,59.5%,8.1%,15.2%,11.9%,0.5,7.3%,15.8%,50%,16.7%,34.8%,12.3,011935,"MAKOUNDOU, YOAN",24,https://media-cdn.incrowdsports.com/339d1169-e99e-4cfa-bcf3-b217af9b91bb.png,TTK,TTA,Turk Telekom Ankara,https://media-cdn.incrowdsports.com/4ba35608-54ca-4800-a59c-f2571e6f8e13.png
157,17.0,21.856862745098038,54.5%,56.8%,3.8%,8.8%,6.1%,3.2,36.1%,11.2%,36.1%,12.4%,19%,14.7,010449,"BENITEZ, HUGO",23,https://media-cdn.incrowdsports.com/092c8d48-2cd4-46c3-9173-4f45f8048c3f.png,BOU,JLB,JL Bourg,https://media-cdn.incrowdsports.com/d4225e1b-7c1b-4382-98d4-ca8511c64441.png
158,15.0,19.57888888888889,57.2%,61%,2.3%,11.4%,7.1%,1.9,28.7%,15.4%,30.4%,20.1%,23.7%,15.6,010568,"JONES, CHRIS",31,https://media-cdn.incrowdsports.com/7cbec5f6-7aa3-49d1-8db1-7dc304a70c37.png,PAM,VBC,Valencia Basket,https://media-cdn.incrowdsports.com/efd12730-f2ea-4830-9caa-7f2f676079c2.png
159,18.0,22.90277777777778,55.4%,60.8%,5.4%,15.6%,10.2%,0.8,8.8%,10.8%,43.7%,24.6%,40.3%,11.3,004525,"SALASH, MAKSIM",28,https://media-cdn.incrowdsports.com/3966cdb9-3fd6-4944-a9c9-cd50ffdfcf1b.png,BOU,JLB,JL Bourg,https://media-cdn.incrowdsports.com/d4225e1b-7c1b-4382-98d4-ca8511c64441.png
160,17.0,25.662745098039213,44.6%,52.6%,0.9%,6%,3.3%,1.6,20%,12.2%,30.5%,24.3%,54%,18.9,013266,"CASTANEDA, XAVIER",24,https://media-cdn.incrowdsports.com/6493fe4c-ce48-4d65-b9cd-fdf35df60a7b.png,BOU,JLB,JL Bourg,https://media-cdn.incrowdsports.com/d4225e1b-7c1b-4382-98d4-ca8511c64441.png
161,22.0,26.703787878787878,56.6%,61.6%,7.4%,18.9%,13.3%,1.6,11.9%,7.6%,41%,28.1%,37.2%,9.5,009601,"CAVANAUGH, TYLER",30,https://media-cdn.incrowdsports.com/ff548afd-fec5-46b4-b6ce-3944a5342d1e.png,BAH,BKS,Bahcesehir Koleji Istanbul,https://media-cdn.incrowdsports.com/1d3274d8-da86-4d21-9e97-6810ab88babe.png
162,16.0,26.269791666666666,47.9%,53%,2.8%,8.1%,5.4%,1.1,10.8%,10.1%,39.9%,28.8%,34.3%,19.1,008912,"CARRINGTON, KHADEEN",29,https://media-cdn.incrowdsports.com/930d25f3-8331-498b-99c0-6834697765c4.png,JER,JLM,Hapoel Jerusalem Basketball Club,https://media-cdn.incrowdsports.com/8058e0c5-3042-45e1-9423-f93f33c54576.png
163,15.0,20.99222222222222,66.4%,62.7%,12.2%,15.5%,13.8%,1.4,14%,9.9%,64.1%,0%,42.7%,11.4,013296,"GROSELLE, GEOFFREY",31,https://media-cdn.incrowdsports.com/bc3c08a4-f8a4-4ace-8da3-f447b4434558.png,TSO,SOP,Trefl Sopot,https://media-cdn.incrowdsports.com/9ef7b3dd-9f80-4639-964d-9db4dfe436ee.png
164,22.0,28.312121212121212,49.1%,54.4%,2.3%,9%,5.7%,2.8,29.4%,10.4%,27.2%,27.7%,21.9%,18.9,011192,"SMITH, JALEEN",30,https://media-cdn.incrowdsports.com/c1119885-59a1-4514-88da-dfc9b33b3ebc.png,BAH,BKS,Bahcesehir Koleji Istanbul,https://media-cdn.incrowdsports.com/1d3274d8-da86-4d21-9e97-6810ab88babe.png
165,14.0,24.258333333333333,52.3%,61.4%,3.3%,9.2%,6.2%,1.1,11.8%,10.9%,29.7%,33.1%,52.6%,15.1,013261,"LEMAR, BRYNTON",29,https://media-cdn.incrowdsports.com/ba15f7c4-dbe1-45be-be70-60abfff52da9.png,LJU,COL,KK Cedevita Olimpija,https://media-cdn.incrowdsports.com/73b33d13-570e-4e49-a9cb-fe806831eaa7.png
166,18.0,24.397222222222222,55.9%,60.2%,1.4%,10.8%,6.1%,2.6,23.8%,9%,29.9%,31%,23.1%,15.4,011281,"FERRELL, YOGI",31,https://media-cdn.incrowdsports.com/79848719-23d6-45a2-9968-0e3ac8502b64.png,BUD,BUD,KK Buducnost,https://media-cdn.incrowdsports.com/47161285-94b3-4266-9d23-b722e8600945.png
167,14.0,24.351190476190478,51.3%,57.4%,3.6%,16.1%,10.1%,2.4,28.9%,12.2%,22.1%,30.7%,26.5%,15.8,001927,"BEVERLEY, PATRICK",36,https://media-cdn.incrowdsports.com/a3e7f9e7-684d-4c5b-9afd-ce01ba8f190c.png,HTA,HTA,Hapoel Tel Aviv,https://media-cdn.incrowdsports.com/cbb1c3ad-03d5-426a-b5ef-2832a4eee484.png
168,20.0,16.621666666666666,58.8%,67.8%,7.3%,17.2%,12.4%,1.6,15.6%,9.7%,32.1%,26.3%,63.3%,10.3,005356,"LOPEZ-AROSTEGUI, XABI",27,https://media-cdn.incrowdsports.com/8d108cea-6042-4ca0-b952-d7885a06a3f3.png,PAM,VBC,Valencia Basket,https://media-cdn.incrowdsports.com/efd12730-f2ea-4830-9caa-7f2f676079c2.png
169,18.0,30.45925925925926,56.8%,58.9%,3.3%,13.6%,8.1%,2.3,21.3%,9.4%,27.2%,37%,17.9%,15.9,013290,"JESSUP, JUSTINIAN",26,https://media-cdn.incrowdsports.com/bc7bc65d-542f-4ee7-8ef0-ba499c700aae.png,ULM,ULM,ratiopharm Ulm,https://media-cdn.incrowdsports.com/497dc717-214d-4c03-8c67-0c4870278aa0.png
170,19.0,23.913157894736845,57.2%,61.3%,9.5%,22.9%,16.1%,1.1,16.2%,15%,59%,1.2%,32.4%,12.7,008325,"KAMENJAS, KENAN",24,https://media-cdn.incrowdsports.com/3f329c72-567b-4e6f-8a12-6365d2a4b348.png,BUD,BUD,KK Buducnost,https://media-cdn.incrowdsports.com/47161285-94b3-4266-9d23-b722e8600945.png
171,19.0,18.37543859649123,75.7%,73%,10.9%,25%,18.2%,1.2,13.3%,11%,63.1%,1.2%,40.5%,9.1,006618,"STEPHENS, DE'SHAWN",35,https://media-cdn.incrowdsports.com/bd105876-ac13-4847-9aa7-a81c0ce97024.png,CLU,UBT,U-BT Cluj-Napoca,https://media-cdn.incrowdsports.com/ae3e2844-0615-41bb-a788-a4f0d54b8d5e.png
172,16.0,25.467708333333334,53.6%,57.1%,3.5%,8.9%,6.3%,1.8,21%,11.9%,43.1%,15.4%,33.5%,17.9,013285,"DOTSON, DEVON DURRELL",25,https://media-cdn.incrowdsports.com/1d67279a-713c-4df4-83bd-e0f3c9ee2d5b.png,JOV,CJB,Club Joventut Badalona,https://media-cdn.incrowdsports.com/4867b9ca-abc6-48fd-a47f-011904a74bf8.png
173,20.0,27.8525,51%,55.1%,5%,17.5%,11.3%,1.0,9.3%,9.6%,60.6%,11.1%,29.7%,16.7,012042,"ROBINSON, DEVIN",29,https://media-cdn.incrowdsports.com/02ab1a96-d41d-4801-a1ab-78eccc7a86b9.png,LJU,COL,KK Cedevita Olimpija,https://media-cdn.incrowdsports.com/73b33d13-570e-4e49-a9cb-fe806831eaa7.png
174,22.0,26.470454545454547,61.2%,67.2%,10.8%,12.4%,11.6%,0.6,6.7%,11.4%,62.1%,0.8%,68.8%,11.6,011823,"ODIASE, TAI",29,https://media-cdn.incrowdsports.com/e97b5a09-3c83-4c09-8a48-f29714d5427f.png,BAH,BKS,Bahcesehir Koleji Istanbul,https://media-cdn.incrowdsports.com/1d3274d8-da86-4d21-9e97-6810ab88babe.png
175,17.0,22.434313725490195,47.4%,54.6%,5.4%,8.4%,6.9%,2.6,27.3%,10.6%,24.8%,27.6%,42.2%,19.4,010042,"MONTERO, JEAN",21,https://media-cdn.incrowdsports.com/7c6cd4ad-8c53-4c21-82da-d894fbffa367.png,PAM,VBC,Valencia Basket,https://media-cdn.incrowdsports.com/efd12730-f2ea-4830-9caa-7f2f676079c2.png
176,18.0,24.875925925925927,64.2%,68.7%,1%,6.1%,3.5%,1.9,17.2%,8.9%,34.1%,31.3%,29.5%,16.1,013270,"FORD, JORDAN",26,https://media-cdn.incrowdsports.com/ab69c5eb-a3d8-475b-84ea-2952eb0e8a65.png,TRN,TRE,Dolomiti Energia Trento,https://media-cdn.incrowdsports.com/00c5cc07-732c-43c3-9d6e-5440594a25f8.png
177,18.0,23.743518518518517,60%,66%,5.8%,21.5%,13.2%,1.1,9.7%,8.7%,44%,16.4%,80%,11.5,011391,"ESSENGUE, NOA",18,https://media-cdn.incrowdsports.com/ad022789-3ef5-4004-9227-33b79fb3cc44.png,ULM,ULM,ratiopharm Ulm,https://media-cdn.incrowdsports.com/497dc717-214d-4c03-8c67-0c4870278aa0.png
178,20.0,33.075833333333335,58.4%,61.5%,2.2%,11.3%,7.1%,1.3,15%,11.7%,36.6%,30%,23.3%,19.7,009025,"BROWN, ANTHONY",32,https://media-cdn.incrowdsports.com/19a24ab9-4b29-46a0-83f8-688bbc50496c.png,TTK,TTA,Turk Telekom Ankara,https://media-cdn.incrowdsports.com/4ba35608-54ca-4800-a59c-f2571e6f8e13.png
179,13.0,28.764102564102565,55.2%,61.8%,2.8%,10.6%,6.9%,1.9,25.6%,13.6%,36.7%,16.2%,33.9%,18.0,008858,"ENNIS, TYLER",30,https://media-cdn.incrowdsports.com/bb19d932-8afb-4142-a7ce-798929ba4173.png,VNC,URV,Umana Reyer Venice,https://media-cdn.incrowdsports.com/104f5074-9f23-47da-a21f-f2078db8244c.png
180,19.0,29.227192982456142,62%,65.5%,10%,15.1%,12.7%,1.0,11.8%,11.8%,56.6%,3.9%,60.2%,9.4,011973,"ALEXANDER, KYLE",28,https://media-cdn.incrowdsports.com/6240f898-2a12-4ae8-b1f4-e546c2c9e90c.png,TTK,TTA,Turk Telekom Ankara,https://media-cdn.incrowdsports.com/4ba35608-54ca-4800-a59c-f2571e6f8e13.png
181,16.0,23.610416666666666,67.6%,68.8%,10.9%,21.4%,16%,1.1,15.1%,13.3%,60.9%,0%,40%,10.8,013313,"KUATH, KUR",26,https://media-cdn.incrowdsports.com/cf613784-87cc-4bf1-83e4-da8b30cb6238.png,HAM,HAM,Hamburg Towers,https://media-cdn.incrowdsports.com/5ef8be01-ad71-42c2-aa02-d5c7a9495258.png
182,17.0,21.809803921568626,56.8%,59.6%,8.8%,24.7%,17%,2.5,21.5%,8.7%,57.4%,0%,49.6%,14.3,002507,"TOMIC, ANTE",37,https://media-cdn.incrowdsports.com/2667174b-7474-4889-8212-fc2acb612c1b.png,JOV,CJB,Club Joventut Badalona,https://media-cdn.incrowdsports.com/4867b9ca-abc6-48fd-a47f-011904a74bf8.png
183,15.0,26.17888888888889,67.4%,74.3%,3%,8.4%,5.9%,2.2,27.5%,12.7%,28.8%,19.7%,52.5%,16.2,011052,"MADAR, YAM",24,https://media-cdn.cortextech.io/126d85f2-b7cf-4c51-bbe7-bbb8fde2bf9f.png,HTA,HTA,Hapoel Tel Aviv,https://media-cdn.incrowdsports.com/cbb1c3ad-03d5-426a-b5ef-2832a4eee484.png
184,20.0,25.824166666666667,60.1%,64%,7.5%,14.5%,11.2%,1.0,13.8%,14.1%,55.2%,1.9%,59.4%,18.1,011157,"MOTLEY, JOHNATHAN",29,https://media-cdn.incrowdsports.com/7018bc3a-7915-4c0a-aca8-63baa0264e46.png,HTA,HTA,Hapoel Tel Aviv,https://media-cdn.incrowdsports.com/cbb1c3ad-03d5-426a-b5ef-2832a4eee484.png
185,19.0,30.96666666666667,51.3%,61.9%,1.2%,7.1%,4.2%,2.1,27.2%,12.9%,18.2%,28.7%,63.3%,22.0,012003,"COWAN JR, ANTHONY",27,https://media-cdn.incrowdsports.com/4c959f62-fd8e-4002-98cc-4a3d2fb7587b.png,WOL,WLV,BC Wolves Vilnius,https://media-cdn.incrowdsports.com/bab91c74-fc2e-4176-9db5-06f40e0e6759.png
186,20.0,30.499166666666667,53%,59.8%,3.8%,10.3%,7.2%,2.0,29.7%,14.6%,36.4%,10.5%,43%,26.8,013302,"SIMPSON, ZAVIER",27,https://media-cdn.incrowdsports.com/bf9679f2-1088-497d-a676-1c8e1b5a14d4.png,CLU,UBT,U-BT Cluj-Napoca,https://media-cdn.incrowdsports.com/ae3e2844-0615-41bb-a788-a4f0d54b8d5e.png
187,18.0,26.107407407407408,65.2%,68.3%,15.1%,26%,20.7%,1.2,10.7%,8.7%,56.6%,8.3%,54.9%,14.0,012796,"KABENGELE, MFIONDU",27,https://media-cdn.incrowdsports.com/71df5c61-9333-4bd9-87c2-ffe45c876855.png,VNC,URV,Umana Reyer Venice,https://media-cdn.incrowdsports.com/104f5074-9f23-47da-a21f-f2078db8244c.png
188,18.0,30.493518518518517,53.4%,66.4%,1%,8.1%,4.5%,2.2,22.3%,10.1%,28%,20.4%,90%,25.4,011970,"HARPER, JARED",27,https://media-cdn.incrowdsports.com/8d5ed5cf-154c-4dbb-924e-d56d7a62cbdc.png,JER,JLM,Hapoel Jerusalem Basketball Club,https://media-cdn.incrowdsports.com/8058e0c5-3042-45e1-9423-f93f33c54576.png
