playerRanking,gamesPlayed,gamesStarted,minutesPlayed,pointsScored,twoPointersMade,twoPointersAttempted,twoPointersPercentage,threePointersMade,threePointersAttempted,threePointersPercentage,freeThrowsMade,freeThrowsAttempted,freeThrowsPercentage,offensiveRebounds,defensiveRebounds,totalRebounds,assists,steals,turnovers,blocks,blocksAgainst,foulsCommited,foulsDrawn,pir,player.code,player.name,price
191.0,38.0,38.0,30.39342105263158,19.8,4.9,7.6,64.5%,1.9,4.9,38.2%,4.3,4.9,88.6%,1.9,4.7,6.6,1.8,0.9,1.1,0.2,0.3,1.3,3.4,23.7,003469,"VEZENKOV, SASHA",16.0
,,,,,,,,,,,,,,,,,,,,,,,,,,"MICIC, VASILIJE",15.7
186.0,40.0,39.0,30.82708333333333,20.0,4.4,7.9,56.3%,2.7,7.0,39.2%,3.0,3.4,86.2%,0.8,2.7,3.5,4.2,1.0,2.8,0.2,0.6,2.8,4.1,18.7,012774,"NUNN, KENDRICK",15.6
189.0,30.0,30.0,27.487222222222226,17.7,3.3,6.0,55%,2.0,5.2,38.9%,5.0,5.6,89.3%,1.8,4.6,6.4,2.0,1.0,1.9,0.3,0.2,1.8,4.9,22.0,000796,"MIROTIC, NIKOLA",15.5
181.0,28.0,25.0,27.45595238095238,15.6,4.4,8.6,51.3%,0.9,2.5,36.2%,4.2,5.1,82.4%,1.6,3.4,5.0,2.7,0.7,2.5,0.4,0.4,2.5,5.2,17.5,001133,"SHENGELIA, TORNIKE",15.5
,,,,,,,,,,,,,,,,,,,,,,,,,,"LESSORT, MATHIAS",15.4
185.0,33.0,29.0,28.203535353535354,14.0,3.4,5.2,64.5%,1.2,3.9,29.5%,3.8,4.7,81.3%,2.2,3.9,6.1,2.3,0.9,1.9,0.3,0.4,1.8,4.7,18.6,012201,"MONEKE, CHIMA",15.3
180.0,41.0,41.0,29.341463414634145,15.9,3.3,7.3,44.8%,1.9,5.6,33%,3.8,4.9,78.9%,0.3,2.6,3.0,5.8,1.1,1.9,0.0,0.6,1.8,4.7,17.4,005985,"JAMES, MIKE",15.2
187.0,34.0,23.0,27.644117647058824,16.0,3.2,6.0,53.2%,1.6,3.5,46.2%,4.8,5.2,91.5%,0.7,3.8,4.5,1.2,0.7,1.3,0.1,0.4,2.0,5.7,19.4,008987,"LEDAY, ZACH",15.2
169.0,40.0,37.0,23.26333333333333,10.2,4.2,5.7,73.8%,0.0,0.0,0%,1.8,2.4,72.2%,2.4,4.1,6.6,1.2,0.7,2.0,1.2,0.2,3.0,2.8,15.3,005791,"TAVARES, WALTER",15.0
182.0,39.0,33.0,25.74017094017094,12.0,2.3,4.0,56.1%,1.3,3.9,33.8%,3.5,4.0,86%,0.7,2.4,3.1,6.0,1.0,2.3,0.1,0.4,2.2,5.2,17.5,005928,"CAMPAZZO, FACUNDO",15.0
179.0,34.0,23.0,26.96421568627451,14.1,4.2,8.3,50.9%,0.9,2.8,31.9%,3.1,3.6,85.2%,0.5,2.7,3.2,5.4,1.0,1.8,0.1,0.6,1.7,4.0,17.3,013369,"JONES, CARLIK",14.9
175.0,32.0,10.0,22.633854166666666,11.6,4.3,6.9,63.2%,0.0,0.0,0%,2.9,4.4,66.4%,2.8,3.2,6.0,1.0,1.1,1.7,0.7,0.2,2.5,4.0,16.0,011981,"JONES, TYRIQUE",14.5
190.0,37.0,37.0,27.32927927927928,19.0,6.2,12.0,52%,0.8,2.2,36.1%,4.1,5.6,73.4%,0.5,2.1,2.6,7.3,1.0,2.3,0.1,0.6,2.3,6.6,22.8,012608,"SHORTS, TJ",14.3
183.0,24.0,22.0,30.64027777777778,14.7,5.1,8.2,61.6%,0.5,1.4,32.4%,3.2,4.0,78.4%,1.3,3.8,5.0,1.4,1.3,0.9,0.2,0.3,1.9,3.0,17.5,006835,"HOARD, JAYLEN",14.3
173.0,34.0,18.0,25.49117647058824,14.6,2.1,4.3,47.9%,2.2,6.4,34.2%,3.8,5.1,75.6%,0.5,2.1,2.6,4.5,0.9,2.9,0.4,0.2,1.9,5.2,15.6,007975,"FRANCISCO, SYLVAIN",14.1
178.0,35.0,31.0,28.82523809523809,20.4,4.3,8.0,53.9%,2.9,8.0,35.6%,3.2,3.5,91%,0.5,1.8,2.3,3.3,1.0,2.3,0.1,0.9,2.1,4.2,16.7,011987,"EDWARDS, CARSEN",14.1
169.0,40.0,27.0,27.32125,10.0,2.2,3.8,56.9%,1.5,3.6,43%,1.0,1.6,63.1%,1.6,5.4,7.0,1.4,0.9,0.6,0.3,0.3,1.2,2.0,15.3,012712,"HERNANGOMEZ, JUANCHO",14.0
,,,,,,,,,,,,,,,,,,,,,,,,,,"WALKER IV, LONNIE",14.0
164.0,38.0,17.0,27.06184210526316,14.9,3.7,5.9,61.5%,1.9,6.1,31.5%,1.8,2.2,81.9%,0.5,4.8,5.3,1.5,0.8,1.6,0.1,0.3,1.7,2.1,14.3,003108,"HEZONJA, MARIO",13.9
160.0,28.0,28.0,27.55535714285714,12.0,2.7,5.0,53.2%,1.5,3.6,42.2%,2.0,2.8,72.7%,0.6,3.0,3.6,2.6,0.7,1.5,0.0,0.2,1.5,2.8,13.3,007831,"SHIELDS, SHAVON",13.8
172.0,28.0,11.0,26.198214285714283,11.7,1.9,3.9,48.1%,2.0,5.2,39.3%,1.9,2.2,86.9%,0.4,2.2,2.6,4.5,1.2,1.8,0.0,0.3,0.9,3.9,15.5,007200,"LARKIN, SHANE",13.6
177.0,37.0,33.0,27.07702702702703,16.6,3.3,6.2,53.9%,2.1,5.5,38.6%,3.6,3.9,94.4%,0.3,1.9,2.2,3.0,1.3,1.6,0.0,0.4,2.2,4.0,16.5,009862,"PUNTER, KEVIN",13.5
,,,,,,,,,,,,,,,,,,,,,,,,,,"MOTLEY, JONATHAN",13.5
188.0,33.0,33.0,27.593434343434343,17.0,2.8,5.4,52.5%,1.7,4.8,34.4%,6.3,7.0,90.4%,0.4,3.0,3.5,4.6,1.0,2.9,0.2,0.5,1.8,5.9,20.6,007027,"MALEDON, THEO",13.3
,,,,,,,,,,,,,,,,,,,,,,,,,,"OKEKE, CHUMA",13.3
156.0,35.0,23.0,21.78619047619048,12.2,2.6,4.8,53.3%,1.3,3.5,37.2%,3.2,3.9,81.2%,0.5,2.4,2.9,2.0,0.4,1.7,0.1,0.3,1.3,3.2,12.5,006540,"MUSA, DZANAN",13.2
171.0,24.0,24.0,27.43055555555556,13.8,3.2,6.1,51.7%,1.8,5.2,34.1%,2.0,2.5,81.7%,1.0,3.7,4.7,2.4,1.1,1.4,0.2,0.2,1.5,3.3,15.4,004888,"CLYBURN, WILL",13.0
167.0,38.0,31.0,27.03245614035088,13.8,3.4,6.9,49%,1.5,4.1,36.5%,2.6,2.9,90%,0.6,3.6,4.2,3.1,1.2,2.2,0.2,0.5,2.7,3.7,14.4,009846,"BRYANT, ELIJAH",13.0
157.0,37.0,36.0,25.79144144144144,16.1,2.9,5.7,50.7%,2.5,6.9,35.8%,2.9,4.0,73.5%,0.6,1.6,2.2,2.6,1.1,1.8,0.1,0.3,2.0,3.0,12.6,013380,"FOURNIER, EVAN",13.0
,,,,,,,,,,,,,,,,,,,,,,,,,,"THEIS, DANIEL",13.0
,,,,,,,,,,,,,,,,,,,,,,,,,,"BOSTON, BRANDON",12.9
,,,,,,,,,,,,,,,,,,,,,,,,,,"KEENAN, EVANS",12.8
162.0,39.0,35.0,21.361538461538466,9.5,3.8,5.7,65.9%,0.0,0.1,0%,1.9,2.8,70.4%,2.0,3.0,5.0,1.2,0.6,0.9,1.3,0.3,2.2,2.2,13.4,004887,"POIRIER, VINCENT",12.8
165.0,34.0,20.0,21.501470588235293,8.7,3.4,4.7,71.4%,0.0,0.0,0%,2.0,2.9,69.1%,1.9,3.5,5.4,0.9,0.5,0.7,1.1,0.1,1.7,2.6,14.4,011196,"HALL, DONTA",12.8
134.0,34.0,8.0,15.836764705882354,8.2,3.1,4.9,64.1%,0.0,0.0,0%,1.9,2.9,67.3%,1.7,2.4,4.1,0.5,0.6,1.1,0.1,0.2,1.9,3.1,10.8,003196,"HERNANGOMEZ, WILLY",12.7
,,,,,,,,,,,,,,,,,,,,,,,,,,"HOLMES, RICHUAN",12.7
152.0,39.0,2.0,21.746153846153845,9.1,1.1,2.5,45.4%,1.3,3.6,36.6%,2.9,3.1,94.1%,0.4,1.6,2.0,4.8,0.8,1.6,0.1,0.3,1.6,2.8,12.2,001926,"SLOUKAS, KOSTAS",12.6
174.0,28.0,24.0,24.464285714285715,12.6,4.0,6.6,60.2%,0.8,2.2,37.1%,2.1,2.5,85.7%,0.8,2.4,3.2,4.6,1.0,2.6,0.0,0.2,1.7,3.1,15.6,007519,"JOKUBAITIS, ROKAS",12.6
,,,,,,,,,,,,,,,,,,,,,,,,,,"BOLOMBOY, JOEL",12.5
176.0,28.0,28.0,26.258333333333333,14.9,4.3,7.4,58.7%,1.1,2.8,40.5%,2.9,3.5,82.5%,1.8,2.9,4.7,1.6,0.7,1.6,0.2,0.3,2.7,3.9,16.2,007056,"BOOKER, DEVIN",12.5
166.0,29.0,4.0,19.86264367816092,8.2,2.9,5.0,58.2%,0.0,0.0,0%,2.3,2.8,83.7%,2.7,3.1,5.8,0.8,0.6,0.6,0.7,0.2,0.7,2.5,14.4,003941,"MILUTINOV, NIKOLA",12.4
159.0,32.0,0.0,20.593229166666667,11.5,1.8,3.3,52.8%,1.7,4.5,38.5%,2.8,3.0,94.8%,0.3,1.4,1.7,4.5,0.8,2.3,0.0,0.4,1.6,3.4,13.1,002100,"DE COLO, NANDO",12.4
,,,,,,,,,,,,,,,,,,,,,,,,,,"BRISSETT, OSHAE",12.4
,,,,,,,,,,,,,,,,,,,,,,,,,,"MILTON, SHAKE",12.4
,,,,,,,,,,,,,,,,,,,,,,,,,,"PETRUSEV,FILIP",12.3
161.0,35.0,9.0,25.16333333333333,12.5,3.0,6.0,49.8%,1.2,3.1,38.9%,2.9,3.3,87.8%,0.1,1.7,1.9,4.1,1.1,1.8,0.2,0.2,2.1,3.1,13.4,011212,"OKOBO, ELIE",12.2
155.0,39.0,38.0,27.21410256410256,13.8,3.4,6.1,55.7%,1.9,5.0,38.3%,1.3,1.6,79.4%,1.0,3.0,4.0,1.7,0.8,1.5,0.2,0.3,1.9,1.7,12.4,012745,"PARKER, JABARI",12.1
,,,,,,,,,,,,,,,,,,,,,,,,,,"KABENGELE, MFIONDU",12.1
107.0,39.0,22.0,19.82264957264957,9.6,1.6,3.0,55.2%,1.3,3.5,37.7%,2.3,2.9,79.1%,0.5,2.2,2.7,0.7,0.5,0.6,0.2,0.4,2.1,2.2,8.5,004088,"OSMAN, CEDI",12.1
77.0,32.0,22.0,16.525520833333335,6.0,2.6,4.1,64.1%,0.0,0.2,0%,0.7,1.8,41.1%,1.9,2.0,3.9,0.7,0.6,1.2,0.9,0.3,2.8,1.8,7.0,013383,"GABRIEL, WENYEN",12.0
,,,,,,,,,,,,,,,,,,,,,,,,,,"NEBO, JOSH",12.0
,,,,,,,,,,,,,,,,,,,,,,,,,,"MONTERO, JEAN",12.0
,,,,,,,,,,,,,,,,,,,,,,,,,,"GRAHAM, DEVONTE",12.0
,,,,,,,,,,,,,,,,,,,,,,,,,,"DOWTIN JR., JEFF",12.0
,,,,,,,,,,,,,,,,,,,,,,,,,,"LYLES, TREY",12.0
,,,,,,,,,,,,,,,,,,,,,,,,,,"JONES, CHRIS",11.8
,,,,,,,,,,,,,,,,,,,,,,,,,,"BACON, DWAYNE",11.7
149.0,36.0,25.0,22.038425925925925,10.9,2.2,3.7,58.2%,1.3,3.5,38.4%,2.5,2.9,88.3%,0.4,2.2,2.6,3.1,0.7,2.0,0.1,0.3,2.4,3.2,11.9,004004,"GUDURIC, MARKO",11.5
,,,,,,,,,,,,,,,,,,,,,,,,,,"ROBINSON, JUSTIN",11.5
,,,,,,,,,,,,,,,,,,,,,,,,,,"BACOT, ARMANDO",11.5
,,,,,,,,,,,,,,,,,,,,,,,,,,"NORRIS, MILES",11.4
,,,,,,,,,,,,,,,,,,,,,,,,,,"LEAF, T.J",11.4
,,,,,,,,,,,,,,,,,,,,,,,,,,"LAPROVITTOLA, NICOLAS",11.3
,,,,,,,,,,,,,,,,,,,,,,,,,,"CANCAR, VLATKO",11.2
144.0,24.0,13.0,21.17361111111111,9.0,3.3,6.0,55.9%,0.3,0.6,50%,1.5,1.9,76.1%,1.1,2.5,3.6,1.9,1.1,0.9,0.5,0.0,2.3,2.2,11.6,000925,"VESELY, JAN",11.1
147.0,39.0,36.0,26.32991452991453,9.5,1.9,3.4,55.6%,1.5,3.5,44.1%,1.1,1.4,79.2%,0.6,1.4,2.0,4.5,0.9,1.2,0.4,0.2,1.9,1.5,11.7,011078,"THOMPSON, DARIUS",11.0
130.0,38.0,0.0,19.967543859649123,15.1,2.4,4.9,48.9%,2.5,7.4,34.3%,2.7,3.1,85.7%,0.5,1.6,2.1,1.3,0.6,1.5,0.0,0.3,1.8,2.9,10.6,012640,"HIFI, NADIR",11.0
,,,,,,,,,,,,,,,,,,,,,,,,,,"SWIDER, COLE",10.9
153.0,35.0,27.0,26.562380952380952,11.5,3.7,6.1,60.6%,0.9,2.1,44%,1.3,2.0,66.7%,1.5,2.5,4.0,1.7,1.0,1.2,0.3,0.4,3.0,2.5,12.2,011226,"DIALLO, ALPHA",10.8
163.0,34.0,31.0,26.9156862745098,12.0,3.4,6.1,56.8%,0.8,3.0,27.7%,2.7,3.4,79.8%,1.0,2.9,3.9,3.9,0.7,2.0,0.3,0.2,2.8,3.3,13.6,009549,"CORDINIER, ISAIA",10.8
,,,,,,,,,,,,,,,,,,,,,,,,,,"JONES, KAI",10.8
108.0,28.0,15.0,23.37559523809524,8.0,2.2,3.6,61.8%,0.8,1.8,41.2%,1.2,1.9,65.4%,1.0,2.2,3.2,1.4,0.5,1.0,0.2,0.3,1.8,1.6,8.6,009005,"DECK, GABRIEL",10.7
141.0,25.0,21.0,24.41133333333333,7.4,2.0,3.2,60.5%,0.8,1.8,44.4%,1.0,1.4,74.3%,1.4,3.4,4.8,1.7,0.3,0.9,0.2,0.4,0.8,1.9,11.5,007230,"SEDEKERSKIS, TADAS",10.7
92.0,38.0,11.0,14.914473684210526,6.3,1.6,3.1,53.4%,0.7,2.1,33.3%,0.9,1.1,80.5%,0.3,1.7,2.0,2.7,0.8,1.3,0.1,0.1,1.1,1.3,7.6,009622,"BROWN, LORENZO",10.6
103.0,35.0,32.0,17.37238095238095,5.8,2.5,3.4,73.7%,0.0,0.0,0%,0.8,1.9,41.2%,1.3,1.6,2.9,1.9,0.3,0.9,0.8,0.1,2.4,2.2,8.3,008811,"FALL, MOUSTAPHA",10.6
,,,,,,,,,,,,,,,,,,,,,,,,,,"COSTELLO, MATTHEW",10.6
128.0,35.0,34.0,25.374285714285715,10.3,3.0,5.8,52.5%,1.1,3.7,30.5%,0.9,1.2,71.4%,0.6,2.5,3.1,4.6,0.6,2.1,0.0,0.4,2.3,1.8,10.0,009048,"MILLER-MCINTYRE, CODI",10.5
116.0,40.0,4.0,16.43208333333333,8.1,1.6,2.8,55.3%,1.2,2.2,52.3%,1.5,1.6,93.8%,1.0,1.7,2.6,0.8,0.3,0.4,0.0,0.2,1.6,1.8,9.0,008829,"PETERS, ALEC",10.5
,,,,,,,,,,,,,,,,,,,,,,,,,,"WRIGHT, MOSES",10.5
,,,,,,,,,,,,,,,,,,,,,,,,,,"OJELEYE, SEMI",10.5
,,,,,,,,,,,,,,,,,,,,,,,,,,"DIALLO, HAMIDOU",10.5
,,,,,,,,,,,,,,,,,,,,,,,,,,"CABOCLO, BRUNO",10.4
140.0,34.0,30.0,25.762254901960784,12.4,2.6,4.5,57.5%,2.0,4.3,46.9%,1.1,1.2,92.9%,0.7,2.4,3.0,2.1,0.8,1.4,0.2,0.4,2.1,1.3,11.5,012720,"BROWN, STERLING",10.4
158.0,34.0,34.0,26.347549019607843,8.2,1.1,2.0,56.7%,1.8,4.1,43.5%,0.7,1.0,72.7%,1.3,2.9,4.1,4.9,1.5,1.6,0.1,0.1,2.5,1.6,12.9,010391,"WEILER-BABB, NICK",10.4
,,,,,,,,,,,,,,,,,,,,,,,,,,"WRIGHT, MCKINLEY",10.4
136.0,27.0,13.0,24.224691358024693,11.1,3.0,6.3,47.6%,0.9,3.0,30.9%,2.3,2.9,79.7%,0.6,2.0,2.7,3.7,0.9,2.1,0.1,0.3,2.1,3.0,11.0,009863,"BALDWIN IV, WADE",10.3
74.0,37.0,15.0,16.82162162162162,7.6,1.7,3.4,50.8%,1.1,3.2,34.5%,0.9,1.0,86.5%,0.6,2.7,3.3,0.8,0.5,1.3,0.2,0.1,1.2,1.0,6.8,013363,"NWORA, JORDAN",10.3
137.0,38.0,4.0,16.58815789473684,8.8,3.6,5.0,71.6%,0.0,0.0,0%,1.6,2.3,68.5%,2.0,2.2,4.2,0.5,0.5,1.1,1.0,0.3,2.4,2.2,11.1,012788,"OTURU, DAN",10.3
154.0,33.0,27.0,21.975252525252525,9.0,3.8,5.6,68.1%,0.0,0.0,0%,1.4,2.4,57%,2.7,3.4,6.2,0.8,0.8,0.9,0.5,0.4,2.8,2.1,12.4,010545,"SAKO, NEAL",10.3
150.0,33.0,23.0,23.36060606060606,12.9,4.0,6.9,57.7%,0.9,2.8,34.1%,2.2,2.6,84.7%,1.7,2.4,4.1,1.1,0.5,1.5,0.5,0.4,2.5,2.3,11.9,011219,"SORKIN, ROMAN",10.2
,,,,,,,,,,,,,,,,,,,,,,,,,,"ENNIS, TYLER",10.2
125.0,39.0,34.0,23.705128205128204,5.9,1.7,3.3,50%,0.6,1.8,34.7%,0.7,1.0,67.5%,0.8,2.4,3.2,5.3,0.9,1.8,0.1,0.1,2.3,1.6,9.7,002939,"SATORANSKY, TOMAS",10.1
,,,,,,,,,,,,,,,,,,,,,,,,,,"RIVERO, JASIEL",10.1
,,,,,,,,,,,,,,,,,,,,,,,,,,"PRADILLA, JAIME",10.1
,,,,,,,,,,,,,,,,,,,,,,,,,,"TAYLOR, BRANDON",10.1
131.0,41.0,32.0,26.865040650406502,8.6,1.8,3.2,55%,1.2,2.8,43%,1.5,1.8,84.7%,0.4,1.8,2.1,3.2,0.9,0.8,0.1,0.2,2.0,2.2,10.6,011204,"GRANT, JERIAN",10.1
,,,,,,,,,,,,,,,,,,,,,,,,,,"ATAMAN, ERGIN",10.0
108.0,35.0,20.0,22.90619047619048,8.6,2.1,4.5,47.8%,0.7,2.0,35.7%,2.2,2.7,82.8%,0.2,1.9,2.1,3.4,0.7,1.8,0.1,0.2,2.7,2.3,8.6,007982,"WILLIAMS-GOSS, NIGEL",10.0
,,,,,,,,,,,,,,,,,,,,,,,,,,"SAMANIC, LUKA",10.0
,,,,,,,,,,,,,,,,,,,,,,,,,,"STEVENS, LAMAR",10.0
,,,,,,,,,,,,,,,,,,,,,,,,,,"MOORE, OMARI",10.0
,,,,,,,,,,,,,,,,,,,,,,,,,,"DIAKITE, MAMADI",10.0
145.0,34.0,28.0,24.780882352941177,9.7,3.2,6.1,52.2%,0.6,1.7,32.8%,1.6,1.9,81.8%,0.4,2.4,2.8,4.7,0.8,1.9,0.2,0.5,1.9,2.2,11.6,013367,"FORREST, TRENT",9.9
142.0,35.0,35.0,27.185714285714287,9.0,2.0,3.5,57.7%,1.1,2.6,43.5%,1.5,2.3,67.5%,1.3,2.9,4.1,2.6,0.8,1.7,0.1,0.3,2.3,2.7,11.6,004866,"KALINIC, NIKOLA",9.9
,,,,,,,,,,,,,,,,,,,,,,,,,,"SELJAAS, ZAC",9.9
138.0,38.0,38.0,26.346929824561403,11.0,2.2,3.7,58.9%,1.7,5.1,33.2%,1.6,2.1,75.9%,1.1,3.9,4.9,1.3,0.9,1.0,0.2,0.3,2.6,2.3,11.3,012610,"WARD, TYSON",9.8
98.0,29.0,1.0,17.17183908045977,10.0,2.5,4.4,57.5%,1.3,4.0,33.3%,1.0,1.2,77.8%,0.4,1.1,1.5,2.1,0.4,1.3,0.0,0.5,1.1,1.6,8.0,007032,"LO, MAODO",9.8
,,,,,,,,,,,,,,,,,,,,,,,,,,"ASTON JR., DERRICK",9.8
,,,,,,,,,,,,,,,,,,,,,,,,,,"DIARRA, ALIOU",9.8
,,,,,,,,,,,,,,,,,,,,,,,,,,"WATSON, GLYNN",9.8
50.0,33.0,10.0,17.671212121212122,4.8,0.6,1.2,48.7%,1.1,2.9,36.8%,0.4,0.5,82.4%,0.1,1.4,1.5,2.7,0.7,1.0,0.1,0.1,2.2,1.2,5.2,007947,"VILDOZA, LUCA",9.7
,,,,,,,,,,,,,,,,,,,,,,,,,,"WILBEKIN, SCOTTIE",9.7
,,,,,,,,,,,,,,,,,,,,,,,,,,"MASON, NATE",9.7
64.0,32.0,18.0,22.3390625,12.1,1.5,3.4,44.4%,2.5,7.4,33.9%,1.6,1.9,85%,0.2,1.1,1.3,1.5,0.3,1.4,0.0,0.6,2.3,2.2,6.2,011948,"HOWARD, MARKUS",9.6
,,,,,,,,,,,,,,,,,,,,,,,,,,"MADAR, YAM",9.6
,,,,,,,,,,,,,,,,,,,,,,,,,,"HUERTEL, THOMAS",9.6
72.0,38.0,1.0,17.27675438596491,4.9,1.0,1.7,61.9%,0.8,2.2,37.3%,0.4,0.7,60.7%,1.3,2.8,4.1,1.1,0.6,0.7,0.4,0.0,2.8,1.5,6.8,002849,"MELLI, NICOLO",9.5
27.0,23.0,5.0,11.970289855072464,5.3,0.7,1.4,51.5%,1.1,3.0,35.7%,0.5,0.8,63.2%,0.1,0.8,0.9,1.4,0.5,1.1,0.0,0.1,1.4,1.4,3.9,013378,"RATHAN-MAYES, XAVIER",9.5
,,,,,,,,,,,,,,,,,,,,,,,,,,"BARTZOKAS, GEROGIOS",9.5
,,,,,,,,,,,,,,,,,,,,,,,,,,"OSETKOWSKI, DYLAN",9.5
,,,,,,,,,,,,,,,,,,,,,,,,,,"LOPEZ-AROSTEGUI, XABI",9.4
,,,,,,,,,,,,,,,,,,,,,,,,,,"BERTANS, DAVIS",9.4
73.0,39.0,35.0,18.449572649572648,6.7,1.7,3.5,47.8%,0.9,2.5,35.7%,0.6,1.0,65.8%,1.1,2.4,3.5,0.5,0.6,0.8,0.3,0.1,1.4,1.3,6.8,009783,"COLSON, BONZIE",9.3
,,,,,,,,,,,,,,,,,,,,,,,,,,"CLARK III, JIMMY",9.3
,,,,,,,,,,,,,,,,,,,,,,,,,,"CARTER, TYSON",9.3
,,,,,,,,,,,,,,,,,,,,,,,,,,NTILIKINA FRANK,9.2
82.0,26.0,20.0,20.231410256410257,4.0,0.8,1.7,50%,0.7,1.9,34%,0.3,0.5,61.5%,0.5,1.8,2.3,4.6,1.0,1.5,0.1,0.1,2.6,1.7,7.2,008855,"WALKUP, THOMAS",9.2
119.0,36.0,32.0,23.64305555555556,6.5,1.4,2.3,60.2%,1.1,3.0,34.9%,0.6,0.8,69%,1.2,3.8,4.9,2.4,0.5,1.5,0.2,0.2,1.8,1.1,9.2,007201,"VOIGTMANN, JOHANNES",9.2
,,,,,,,,,,,,,,,,,,,,,,,,,,"GINAT, TOMER",9.2
,,,,,,,,,,,,,,,,,,,,,,,,,,"BLAKENEY, ANTONIO",9.2
114.0,35.0,19.0,21.19761904761905,9.4,1.8,3.4,52.1%,1.3,3.5,36.9%,2.0,2.2,89.7%,0.6,2.3,2.9,1.7,0.6,1.1,0.1,0.1,2.8,2.3,9.0,009754,"LOYD, JORDAN",9.1
,,,,,,,,,,,,,,,,,,,,,,,,,,"TAYLOR, KAMERON",9.1
57.0,39.0,13.0,16.146153846153847,6.0,1.7,3.1,53.3%,0.7,1.7,43.1%,0.5,0.8,66.7%,1.0,1.9,2.9,0.6,0.5,0.6,0.1,0.2,1.9,0.9,5.6,007866,"MITOGLOU, KONSTANTINOS",9.0
122.0,38.0,38.0,25.51315789473684,7.5,1.1,1.8,63.2%,1.5,3.9,38.8%,0.7,0.9,82.4%,1.6,3.2,4.8,1.0,0.7,0.4,0.2,0.2,2.6,1.6,9.5,012613,"JANTUNEN, MIKAEL",9.0
,,,,,,,,,,,,,,,,,,,,,,,,,,"SCARIOLO, SERGIO",9.0
95.0,29.0,7.0,15.004597701149423,8.1,2.3,3.4,67.7%,0.8,2.2,34.9%,1.2,1.7,73.5%,1.1,1.8,2.9,0.4,0.4,0.9,0.6,0.3,2.3,1.8,7.8,011051,"SMAILAGIC, ALEN",9.0
,,,,,,,,,,,,,,,,,,,,,,,,,,"ODIASE, TAI",9.0
,,,,,,,,,,,,,,,,,,,,,,,,,,"JALLOW, KARIM",9.0
,,,,,,,,,,,,,,,,,,,,,,,,,,"DOZIER JR, PERRY",9.0
,,,,,,,,,,,,,,,,,,,,,,,,,,BONGA ISAAC,8.8
,,,,,,,,,,,,,,,,,,,,,,,,,,"SLEVA, DUSTIN",8.8
120.0,31.0,9.0,14.579569892473115,8.4,3.5,5.5,63.3%,0.1,0.3,40%,1.1,1.5,70.8%,1.8,2.2,4.0,0.6,0.4,1.4,0.7,0.4,1.7,1.4,9.4,005353,"YURTSEVEN, OMER",8.8
,,,,,,,,,,,,,,,,,,,,,,,,,,"LEE, SABEN",8.8
,,,,,,,,,,,,,,,,,,,,,,,,,,"BADIO, BRANCOU",8.7
,,,,,,,,,,,,,,,,,,,,,,,,,,"M'BAYE, AMATH",8.7
,,,,,,,,,,,,,,,,,,,,,,,,,,"MICHINEAU, DAVID",8.6
,,,,,,,,,,,,,,,,,,,,,,,,,,"WASHINGTON, DUANE",8.5
101.0,34.0,16.0,22.367156862745095,6.6,1.1,2.3,48.1%,0.8,1.9,39.4%,2.0,2.4,83.1%,1.0,1.8,2.9,1.8,0.5,0.9,0.1,0.1,2.7,2.9,8.2,002329,"ULANOVAS, EDGARAS",8.5
,,,,,,,,,,,,,,,,,,,,,,,,,,"LUWAWU-CABARROT, TIMOTHÈ",8.5
112.0,25.0,18.0,22.40266666666667,6.9,2.4,4.6,50.9%,0.3,1.4,22.2%,1.2,1.8,67.4%,0.4,1.9,2.4,3.1,1.1,1.2,0.2,0.2,1.9,2.5,8.8,008985,"BOLMARO, LEANDRO",8.5
,,,,,,,,,,,,,,,,,,,,,,,,,,"SPANOULIS, VASILIS",8.5
,,,,,,,,,,,,,,,,,,,,,,,,,,"JASIKEVICIUS, SARAS",8.5
,,,,,,,,,,,,,,,,,,,,,,,,,,"WAINRIGHT, ISH",8.5
,,,,,,,,,,,,,,,,,,,,,,,,,,"ITOUDIS, DIMITRIS",8.5
,,,,,,,,,,,,,,,,,,,,,,,,,,"AYAYI, JOEL",8.5
,,,,,,,,,,,,,,,,,,,,,,,,,,"IZUNDU, EBUKA",8.5
,,,,,,,,,,,,,,,,,,,,,,,,,,"DORSEY, TYLER",8.4
,,,,,,,,,,,,,,,,,,,,,,,,,,"TUBELIS, AZOULAS",8.4
,,,,,,,,,,,,,,,,,,,,,,,,,,"PAPAGIANNIS, GERORGIOS",8.3
102.0,27.0,11.0,18.57469135802469,9.2,1.4,2.9,48.1%,1.7,4.3,39.1%,1.4,1.8,81.2%,0.5,1.0,1.4,2.9,0.5,1.3,0.1,0.3,1.9,2.2,8.3,000848,"NEDOVIC, NEMANJA",8.3
91.0,29.0,18.0,17.655172413793103,8.2,2.5,4.8,52.2%,0.6,2.6,24%,1.3,1.5,88.6%,0.9,2.3,3.2,1.4,0.3,0.9,0.1,0.4,1.5,1.5,7.6,011983,"BRAZDEIKIS, IGNAS",8.3
,,,,,,,,,,,,,,,,,,,,,,,,,,"BAKO, ISMAEL",8.3
93.0,34.0,5.0,18.65686274509804,7.8,1.2,2.2,56%,1.1,3.9,27.1%,2.2,2.4,92.5%,0.2,1.5,1.7,2.6,0.5,1.0,0.0,0.4,2.0,2.3,7.6,012585,"MORGAN, MATTHEW",8.2
33.0,27.0,1.0,11.52716049382716,3.1,0.7,1.3,55.9%,0.4,1.3,31.4%,0.5,0.8,66.7%,0.9,1.6,2.4,0.4,0.4,0.5,0.3,0.0,0.8,0.8,4.4,009664,"WILLIS, DEREK",8.2
118.0,40.0,25.0,24.065,7.7,2.5,4.1,61.3%,0.6,1.9,31.2%,0.9,1.4,63.8%,1.3,2.8,4.1,0.5,0.4,0.4,0.2,0.2,2.0,2.2,9.1,011231,"BLOSSOMGAME, JARON",8.2
,,,,,,,,,,,,,,,,,,,,,,,,,,"GRIGONIS, MARIUS",8.2
110.0,32.0,15.0,23.472395833333334,7.8,1.6,3.0,53.6%,1.1,2.9,38.7%,1.2,1.4,82.2%,0.7,1.5,2.2,3.4,0.5,1.3,0.1,0.1,2.1,1.8,8.8,011205,"HALL, DEVON",8.2
104.0,37.0,7.0,22.48513513513513,10.4,1.5,3.0,51.4%,2.2,5.0,43.2%,0.8,1.0,83.3%,0.9,2.2,3.1,1.4,0.5,1.2,0.2,0.2,2.3,1.0,8.4,006961,"BIBEROVIC, TARIK",8.2
146.0,26.0,23.0,24.183333333333334,8.9,0.7,1.4,45.9%,2.0,5.7,35.6%,1.5,1.5,95%,0.4,2.0,2.4,6.7,0.5,2.9,0.0,0.2,1.3,2.1,11.7,011193,"BLATT, TAMIR",8.2
26.0,27.0,9.0,14.096913580246914,3.9,1.3,2.0,65.5%,0.3,1.3,23.5%,0.4,0.7,50%,0.9,2.2,3.1,0.6,0.6,0.6,0.4,0.2,2.6,0.6,3.8,007630,"GARUBA, USMAN",8.1
,,,,,,,,,,,,,,,,,,,,,,,,,,"PAPANIKOLAU, KOSTAS",8.1
105.0,36.0,0.0,18.34583333333333,10.0,1.8,3.4,53.3%,1.8,3.9,46%,1.1,1.4,79.6%,0.3,1.1,1.4,2.2,0.4,1.3,0.1,0.3,2.0,1.9,8.4,009992,"BRIZUELA, DARIO",8.1
,,,,,,,,,,,,,,,,,,,,,,,,,,"MORGAN, JEREMY",8.1
,,,,,,,,,,,,,,,,,,,,,,,,,,"PENARROYA, JOAN",8.0
113.0,27.0,14.0,20.73827160493827,9.6,3.2,7.1,44.8%,0.4,1.7,26.1%,1.9,2.4,79.7%,0.5,1.5,2.0,3.8,0.5,2.1,0.0,0.4,1.5,2.7,8.9,008173,"SPAGNOLO, MATTEO",8.0
,,,,,,,,,,,,,,,,,,,,,,,,,,"KOKOSKOV, IGOR",8.0
,,,,,,,,,,,,,,,,,,,,,,,,,,"KAMENJAS, KENAN",8.0
,,,,,,,,,,,,,,,,,,,,,,,,,,"CALE, MYLES",8.0
,,,,,,,,,,,,,,,,,,,,,,,,,,"FERNANDO, BRUNO",8.0
,,,,,,,,,,,,,,,,,,,,,,,,,,"FRISCH, CLEMENT",8.0
,,,,,,,,,,,,,,,,,,,,,,,,,,"TRAORE, ARMEL",8.0
,,,,,,,,,,,,,,,,,,,,,,,,,,"KRAMER, DAVID",8.0
,,,,,,,,,,,,,,,,,,,,,,,,,,"DOKOSSI, ALLAN",7.9
77.0,34.0,11.0,16.54264705882353,8.4,1.0,1.9,51.5%,1.7,4.3,38.8%,1.4,2.0,69.1%,0.6,2.0,2.6,0.8,0.5,1.1,0.1,0.1,1.5,1.5,7.0,007029,"SIRVYDIS, DEIVIDAS",7.8
,,,,,,,,,,,,,,,,,,,,,,,,,,"AVRAMOVIC, ALEKSA",7.8
,,,,,,,,,,,,,,,,,,,,,,,,,,"PREPELIC, KLEMEN",7.8
,,,,,,,,,,,,,,,,,,,,,,,,,,"FAYE, MOUHAMED",7.8
84.0,33.0,9.0,18.953535353535354,7.7,1.7,3.1,55.3%,1.0,3.2,32.7%,1.1,1.5,77.1%,0.6,1.9,2.5,1.2,0.4,0.7,0.2,0.2,1.3,1.5,7.2,012609,"MALCOLM, COLLIN",7.7
,,,,,,,,,,,,,,,,,,,,,,,,,,"ROGAKAVOPOULOS, NIKOS",7.7
,,,,,,,,,,,,,,,,,,,,,,,,,,"PLAVSIC, UROS",7.7
96.0,27.0,23.0,22.02469135802469,8.5,1.9,3.3,57.3%,1.1,3.3,33%,1.5,1.9,82%,0.1,1.3,1.4,4.0,0.7,2.3,0.0,0.2,2.5,2.0,7.8,011064,"MANNION, NICCOLO",7.7
,,,,,,,,,,,,,,,,,,,,,,,,,,"ABASS, AWUDU",7.7
106.0,37.0,18.0,19.57072072072072,7.1,1.8,2.9,62.6%,0.8,2.0,41.3%,1.0,1.1,88.1%,0.7,2.1,2.8,1.4,0.7,0.5,0.3,0.1,1.8,1.1,8.5,012795,"ANDERSON, JUSTIN",7.6
100.0,33.0,11.0,18.870202020202026,8.9,1.6,2.8,57.6%,1.7,3.7,45.9%,0.6,0.7,86.4%,0.2,1.2,1.4,1.6,0.7,0.5,0.3,0.1,1.9,1.0,8.1,006590,"BEAUBOIS, RODRIGUE",7.6
,,,,,,,,,,,,,,,,,,,,,,,,,,"DESSERT, BRICE",7.6
63.0,32.0,3.0,15.011979166666666,7.6,1.0,2.2,45.8%,1.6,3.8,41.3%,0.9,0.9,96.6%,0.4,1.6,2.0,0.8,0.5,0.5,0.1,0.2,1.4,0.7,6.1,013384,"BROOKS, ARMONI",7.5
47.0,29.0,18.0,10.44425287356322,4.4,1.9,2.7,70.1%,0.0,0.0,0%,0.7,1.0,66.7%,1.4,2.0,3.3,0.0,0.1,0.9,0.2,0.1,1.8,1.0,5.2,006568,"FALL, YOUSSOUPHA",7.5
86.0,26.0,14.0,24.91217948717949,7.9,1.1,3.2,34.9%,1.4,4.0,34.6%,1.5,1.9,80%,0.6,1.7,2.2,3.0,0.9,1.1,0.0,0.3,2.0,1.8,7.3,010781,"LUNDBERG, IFFE",7.5
94.0,26.0,17.0,20.512179487179488,9.7,2.8,4.5,61.9%,0.8,3.7,21.9%,1.7,2.2,78.6%,0.6,1.7,2.2,0.8,0.7,1.2,0.3,0.1,1.8,2.0,7.7,008384,"PROCIDA, GABRIELE",7.5
,,,,,,,,,,,,,,,,,,,,,,,,,,"MESSINA, ETTORE",7.5
,,,,,,,,,,,,,,,,,,,,,,,,,,"TOLIOPOULOS, VASSILIS",7.5
,,,,,,,,,,,,,,,,,,,,,,,,,,"JESSUP, JUSTINIAN",7.5
,,,,,,,,,,,,,,,,,,,,,,,,,,"MAKOUNDOU, YOAN",7.5
,,,,,,,,,,,,,,,,,,,,,,,,,,"HAPP, ETHAN",7.5
,,,,,,,,,,,,,,,,,,,,,,,,,,"CALATHES, NICK",7.4
83.0,38.0,0.0,16.432894736842105,7.6,1.7,2.7,62.7%,0.9,2.9,31.2%,1.5,2.3,65.2%,0.6,1.5,2.1,1.6,0.5,1.0,0.0,0.3,1.4,1.8,7.2,007853,"MCKISSIC, SHAQUIELLE",7.4
,,,,,,,,,,,,,,,,,,,,,,,,,,"MARINKOVIC, VANJA",7.4
,,,,,,,,,,,,,,,,,,,,,,,,,,"NIANG, SALIOU",7.4
43.0,33.0,5.0,14.193939393939392,4.8,1.5,2.7,54.4%,0.4,1.5,29.2%,0.5,0.9,62.1%,0.4,1.4,1.8,1.6,0.7,0.7,0.1,0.3,2.1,1.5,4.8,011247,"FELIZ, ANDRES",7.4
28.0,23.0,13.0,15.357971014492756,3.9,1.0,1.7,63.2%,0.4,1.7,25.6%,0.5,0.8,57.9%,1.0,1.4,2.4,0.7,0.6,0.6,0.1,0.1,1.8,1.0,4.0,011836,"MIKE, ISIAHA",7.3
115.0,38.0,38.0,20.226754385964917,6.5,2.5,4.1,61.9%,0.0,0.0,0%,1.4,1.8,78.3%,1.8,2.8,4.6,0.5,1.0,0.9,0.8,0.3,2.8,1.6,9.0,010390,"HAYES, KEVARRIUS",7.3
81.0,30.0,21.0,23.61555555555556,5.4,0.8,1.7,49%,1.0,3.0,34.8%,0.6,0.8,79.2%,0.3,2.1,2.4,4.1,1.2,1.3,0.1,0.3,2.7,1.3,7.2,006739,"PAJOLA, ALESSANDRO",7.3
97.0,31.0,10.0,15.853225806451611,6.2,2.1,3.5,60%,0.0,0.0,0%,2.0,2.8,70.1%,1.3,1.8,3.1,0.4,0.6,0.7,0.4,0.2,2.0,2.2,7.9,013374,"DIOUF, MOUHAMET",7.3
,,,,,,,,,,,,,,,,,,,,,,,,,,"MASSA, BODIAN",7.3
87.0,25.0,5.0,15.576666666666668,5.0,1.6,2.9,53.4%,0.4,1.6,27.5%,0.5,0.8,65%,0.6,1.9,2.5,3.4,0.8,1.3,0.0,0.1,2.1,2.0,7.4,010106,"NUNEZ, JUAN",7.2
59.0,22.0,13.0,14.91439393939394,5.9,0.5,1.3,42.9%,1.0,3.1,32.4%,1.8,2.4,75%,0.4,0.8,1.1,2.3,0.4,1.3,0.0,0.0,2.0,2.8,5.8,008104,"ZAGARS, ARTURS",7.2
116.0,31.0,7.0,14.638709677419357,7.5,3.2,4.9,65.6%,0.0,0.0,0%,1.2,1.8,63.2%,1.5,2.4,4.0,0.6,0.5,1.1,0.3,0.2,2.1,2.0,9.0,002581,"JAITEH, MAM",7.2
,,,,,,,,,,,,,,,,,,,,,,,,,,"TRIFUNOVIC, UROS",7.2
,,,,,,,,,,,,,,,,,,,,,,,,,,"SIMA, YANKUBA",7.2
66.0,25.0,13.0,21.412,7.1,2.0,4.6,43%,0.8,2.6,30.3%,0.8,1.0,80%,0.2,1.5,1.7,3.7,0.9,0.9,0.2,0.2,2.4,1.0,6.4,012597,"BALDWIN, KAMAR",7.1
,,,,,,,,,,,,,,,,,,,,,,,,,,"HOMMES, DAULTON",7.1
99.0,41.0,9.0,20.24878048780488,8.3,1.2,2.4,50.5%,1.4,3.4,41%,1.7,2.0,84.3%,0.5,0.8,1.2,2.4,0.5,1.0,0.0,0.3,2.0,2.4,8.0,008099,"STRAZEL, MATTHEW",7.1
49.0,36.0,19.0,13.665277777777778,3.5,1.3,2.3,58.5%,0.0,0.0,0%,0.8,1.1,72.5%,1.6,2.0,3.7,0.6,0.4,0.9,0.4,0.0,2.3,1.1,5.2,007182,"BIRCH, KHEM",7.1
90.0,29.0,24.0,14.729885057471265,6.4,2.3,3.9,59.3%,0.3,0.7,47.4%,0.9,1.6,54.3%,1.2,1.9,3.1,0.9,0.3,0.9,0.3,0.1,2.0,2.0,7.5,LCZ,"MOTIEJUNAS, DONATAS",7.0
71.0,39.0,4.0,18.14145299145299,6.8,1.6,2.4,67.7%,0.8,2.1,38.6%,1.2,1.4,81.8%,0.6,1.8,2.5,0.9,0.3,0.9,0.1,0.2,2.2,1.7,6.7,007109,"SMITS, ROLANDS",7.0
,,,,,,,,,,,,,,,,,,,,,,,,,,"SFAIROPOULOS, IOANNIS",7.0
,,,,,,,,,,,,,,,,,,,,,,,,,,"KATTASH, ODED",7.0
,,,,,,,,,,,,,,,,,,,,,,,,,,"ELLIS, QUINN",7.0
,,,,,,,,,,,,,,,,,,,,,,,,,,"JOVIC, STEFAN",7.0
,,,,,,,,,,,,,,,,,,,,,,,,,,"BITIM, ONURALP",7.0
,,,,,,,,,,,,,,,,,,,,,,,,,,"GOLEMAC, JURICA",7.0
,,,,,,,,,,,,,,,,,,,,,,,,,,"VAUTIER, BASTIEN",7.0
,,,,,,,,,,,,,,,,,,,,,,,,,,"REUVERS, NATHAN",7.0
,,,,,,,,,,,,,,,,,,,,,,,,,,"SANTOS, MARCIO",6.9
,,,,,,,,,,,,,,,,,,,,,,,,,,"KURUCS, RODIONS",6.9
55.0,31.0,6.0,14.97956989247312,4.9,1.6,2.8,58.6%,0.4,1.5,23.9%,0.5,0.7,77.3%,0.9,1.9,2.8,0.6,0.6,0.4,0.1,0.2,1.4,0.8,5.5,007464,"PARRA, JOEL",6.8
,,,,,,,,,,,,,,,,,,,,,,,,,,"ALMANSA, IZAN",6.8
,,,,,,,,,,,,,,,,,,,,,,,,,,"HAZER, SEHMUS",6.7
37.0,30.0,18.0,24.011666666666667,5.8,1.5,3.1,46.8%,0.8,2.1,39.1%,0.4,0.5,78.6%,0.7,1.1,1.8,1.9,0.6,1.1,0.1,0.4,2.0,0.9,4.5,007513,"GIEDRAITIS, DOVYDAS",6.6
54.0,34.0,17.0,13.02156862745098,5.3,2.1,3.4,63.5%,0.0,0.0,0%,1.0,1.7,59.6%,0.9,1.8,2.7,0.4,0.1,0.7,0.5,0.2,2.3,1.5,5.4,005504,"BIRUTIS, LAURYNAS",6.6
76.0,36.0,17.0,23.862962962962964,10.2,0.6,1.4,41.2%,2.8,6.7,42.5%,0.6,0.8,74.1%,0.4,1.5,1.9,1.5,0.5,1.2,0.0,0.2,2.1,1.3,7.0,004508,"OBST, ANDREAS",6.5
,,,,,,,,,,,,,,,,,,,,,,,,,,"NDIAYE, MBAYE",6.5
70.0,35.0,8.0,21.01904761904762,10.0,1.3,2.7,46.8%,2.0,5.2,38.3%,1.5,1.7,86.4%,0.3,1.1,1.5,1.3,0.6,0.9,0.0,0.2,1.9,1.2,6.7,010612,"CANAAN, ISAIAH",6.5
,,,,,,,,,,,,,,,,,,,,,,,,,,"IVANOVIC, DUSKO",6.5
,,,,,,,,,,,,,,,,,,,,,,,,,,"MASIULIS, TOMAS",6.5
,,,,,,,,,,,,,,,,,,,,,,,,,,"MARTINEZ, PEDRO",6.5
,,,,,,,,,,,,,,,,,,,,,,,,,,"PUERTO, JOSEP",6.5
,,,,,,,,,,,,,,,,,,,,,,,,,,"DE LARREA, SERGIO",6.5
,,,,,,,,,,,,,,,,,,,,,,,,,,"ANDJUSIC, DANILO",6.5
,,,,,,,,,,,,,,,,,,,,,,,,,,"LAVY, GUR",6.5
75.0,39.0,35.0,16.582905982905984,6.5,1.6,2.9,55.7%,0.7,1.9,39.2%,1.0,1.1,92.7%,0.9,2.0,2.9,1.0,0.5,1.0,0.2,0.2,1.7,1.3,6.9,012710,"OSMANI, ERCAN",6.5
,,,,,,,,,,,,,,,,,,,,,,,,,,"BANGO, JILSON",6.4
19.0,31.0,9.0,15.51774193548387,2.5,0.4,1.1,38.2%,0.4,1.2,36.1%,0.4,0.5,85.7%,0.3,1.7,2.0,1.7,0.4,0.9,0.0,0.0,2.4,1.2,2.9,001844,"HACKETT, DANIEL",6.3
58.0,32.0,11.0,14.4609375,4.1,1.8,2.8,62.9%,0.0,0.1,0%,0.6,1.1,52.8%,1.7,1.9,3.6,0.5,0.3,0.7,0.5,0.3,2.0,1.4,5.8,008072,"DIOP, KHALIFA",6.3
69.0,39.0,28.0,18.87136752136752,5.9,1.1,1.9,58.9%,1.0,2.2,46%,0.6,0.7,88.5%,0.4,1.9,2.4,1.7,0.5,0.5,0.0,0.0,1.8,0.6,6.6,003733,"ABALDE, ALBERTO",6.1
,,,,,,,,,,,,,,,,,,,,,,,,,,"MARCOS, JUANI",6.1
53.0,34.0,16.0,15.699019607843136,4.1,1.7,2.7,62.4%,0.0,0.1,0%,0.7,1.1,63.9%,1.7,1.6,3.3,0.9,0.5,0.6,0.5,0.1,2.8,1.0,5.4,003048,"DUNSTON, BRYANT",6.0
,,,,,,,,,,,,,,,,,,,,,,,,,,"HERBERT, GORDON",6.0
48.0,33.0,6.0,17.421212121212122,5.2,0.2,0.6,33.3%,1.3,3.1,42.7%,0.7,0.8,88.9%,0.7,1.2,1.9,0.7,0.7,0.2,0.0,0.1,2.3,1.8,5.2,007990,"DIBARTOLOMEO, JOHN",6.0
,,,,,,,,,,,,,,,,,,,,,,,,,,"TABELLINI, FRANCESCO",6.0
39.0,27.0,6.0,15.406172839506173,3.2,0.7,1.3,55.6%,0.5,1.1,45.2%,0.2,0.3,55.6%,0.4,1.5,1.9,1.1,0.3,0.3,0.1,0.1,1.1,0.7,4.5,006509,"TONUT, STEFANO",6.0
68.0,33.0,17.0,22.01313131313131,4.5,0.6,1.3,46.5%,0.8,2.2,38%,0.8,1.1,74.3%,0.9,2.8,3.7,1.2,1.0,0.7,0.3,0.2,2.5,1.6,6.5,002676,"BUTKEVICIUS, ARNAS",6.0
,,,,,,,,,,,,,,,,,,,,,,,,,,"SESTINA, NATHAN",6.0
,,,,,,,,,,,,,,,,,,,,,,,,,,"NAKIC, MARIO",5.9
13.0,35.0,17.0,14.864285714285714,4.5,0.9,1.7,49.2%,0.8,2.6,30.4%,0.4,0.4,100%,0.7,1.1,1.8,0.3,0.4,0.5,0.1,0.2,1.3,0.3,2.6,004197,"OUATTARA, YAKUBA",5.8
56.0,25.0,5.0,15.460666666666668,4.8,1.8,2.8,65.2%,0.2,0.8,31.6%,0.5,0.8,68.4%,1.2,1.9,3.1,0.5,0.5,0.8,0.2,0.2,2.1,1.3,5.6,011244,"DA SILVA, OSCAR",5.7
45.0,40.0,3.0,17.098333333333333,6.6,0.8,2.0,40.5%,1.4,4.6,29.2%,1.0,1.2,81.2%,0.4,1.0,1.4,2.2,0.4,0.7,0.0,0.2,1.5,1.5,5.1,TGB,"LLULL, SERGIO",5.6
52.0,25.0,8.0,18.192666666666668,6.4,1.0,1.8,54.5%,1.3,2.3,57.9%,0.6,0.7,77.8%,0.5,1.3,1.8,0.9,0.2,0.8,0.2,0.2,2.6,1.2,5.3,001557,"GIFFEY, NIELS",5.6
,,,,,,,,,,,,,,,,,,,,,,,,,,"GALBIATI, PAOLO",5.5
,,,,,,,,,,,,,,,,,,,,,,,,,,"HOLLATZ, JUSTUS",5.5
34.0,28.0,5.0,9.81904761904762,4.1,1.4,2.1,65%,0.0,0.2,16.7%,1.2,1.3,89.2%,0.7,0.8,1.5,0.5,0.1,0.3,0.0,0.1,1.2,1.0,4.4,005460,"HARRIS, ELIAS",5.5
,,,,,,,,,,,,,,,,,,,,,,,,,,"ANTETOKOUNMPO, KOSTAS",5.5
28.0,23.0,6.0,11.567391304347826,2.2,0.3,0.7,53.3%,0.3,0.9,38.1%,0.5,0.7,73.3%,0.7,1.5,2.3,0.4,1.0,0.0,0.3,0.0,1.7,0.6,4.0,012515,"TARPEY, TERRY",5.4
,,,,,,,,,,,,,,,,,,,,,,,,,,"LARENTZAKIS, GIANNOULIS",5.3
,,,,,,,,,,,,,,,,,,,,,,,,,,"YILMAZ, ERKAN",5.3
23.0,33.0,8.0,11.39090909090909,2.6,0.5,1.2,40%,0.2,0.6,40%,0.9,1.2,75%,1.2,1.8,3.1,0.2,0.2,0.2,0.1,0.2,2.4,1.3,3.3,013381,"RAYMAN, WILLIAM",5.3
,,,,,,,,,,,,,,,,,,,,,,,,,,"DIOP, OUSMANE",5.2
,,,,,,,,,,,,,,,,,,,,,,,,,,"AKELE, NICOLA",5.2
25.0,36.0,0.0,10.934722222222222,2.8,1.0,1.6,64.9%,0.1,0.3,40%,0.4,0.6,72.7%,1.1,1.7,2.7,0.4,0.2,0.5,0.0,0.0,1.9,0.9,3.7,013373,"CAVALIERE, LEOPOLD",5.1
,,,,,,,,,,,,,,,,,,,,,,,,,,"VILLAR, RAFA",5.1
9.0,27.0,13.0,11.079629629629627,3.5,0.9,1.4,60.5%,0.5,1.7,28.9%,0.3,0.4,75%,0.3,0.8,1.1,0.4,0.5,0.6,0.1,0.0,1.3,0.6,2.3,004007,"DOBRIC, OGNJEN",5.0
20.0,33.0,22.0,19.44242424242424,4.4,0.7,1.7,43.6%,0.8,2.1,40.6%,0.4,0.5,77.8%,0.3,1.5,1.8,1.0,0.5,0.6,0.1,0.1,2.5,0.9,3.2,003526,"LIGHTY, DAVID",5.0
,,,,,,,,,,,,,,,,,,,,,,,,,,"SHAHRVIN, ENZO",5.0
22.0,32.0,15.0,15.1125,3.6,0.5,0.7,65.2%,0.8,1.8,44.8%,0.2,0.2,100%,0.6,1.9,2.5,0.4,0.4,0.4,0.2,0.0,2.5,0.3,3.2,001518,"RICCI, GIAMPAOLO",5.0
,,,,,,,,,,,,,,,,,,,,,,,,,,"PUPET, PIERRIC",5.0
,,,,,,,,,,,,,,,,,,,,,,,,,,"BLAYZER, OZ",5.0
,,,,,,,,,,,,,,,,,,,,,,,,,,"MUTAF, DAVID",5.0
,,,,,,,,,,,,,,,,,,,,,,,,,,"MILJENOVIC, STEFAN",5.0
,,,,,,,,,,,,,,,,,,,,,,,,,,"CANKA, ABRAMO",4.9
,,,,,,,,,,,,,,,,,,,,,,,,,,"FLACCADORI, DIEGO",4.8
,,,,,,,,,,,,,,,,,,,,,,,,,,"DANGUBIC, NEMANJA",4.8
,,,,,,,,,,,,,,,,,,,,,,,,,,"BEGARIN, JUHANN",4.5
1.0,27.0,0.0,9.522222222222224,0.6,0.3,0.8,33.3%,0.0,0.0,0%,0.1,0.2,60%,0.9,1.4,2.4,0.2,0.3,0.8,0.3,0.0,2.6,0.3,0.1,004512,"KRATZER, LEON",4.5
,,,,,,,,,,,,,,,,,,,,,,,,,,"HERRERA, SEBASTIAN",4.5
,,,,,,,,,,,,,,,,,,,,,,,,,,"MAHMUTOGLU, MELIH",4.5
,,,,,,,,,,,,,,,,,,,,,,,,,,"ILIC, DALIBOR",4.5
,,,,,,,,,,,,,,,,,,,,,,,,,,"LAKIC, ARIJAN",4.3
7.0,22.0,3.0,15.02727272727273,3.6,0.8,1.8,46.2%,0.5,2.2,25%,0.4,0.4,100%,0.4,1.1,1.5,0.6,0.2,0.5,0.0,0.2,1.7,0.9,1.8,000229,"JACKSON, EDWIN",4.2
,,,,,,,,,,,,,,,,,,,,,,,,,,"DIRSEN, METECAN",4.2
,,,,,,,,,,,,,,,,,,,,,,,,,,"RAVENA, THIRDY",4.2
,,,,,,,,,,,,,,,,,,,,,,,,,,"KOUZELOGLOU, IOANNIS",4.2
5.0,32.0,10.0,7.355729166666666,1.8,0.5,0.9,55.2%,0.1,0.7,19%,0.4,0.6,72.2%,0.3,0.4,0.8,0.4,0.5,0.3,0.0,0.1,1.1,0.5,1.3,011209,"KALAITZAKIS, PANAGIOTIS",4.1
,,,,,,,,,,,,,,,,,,,,,,,,,,"BOSNJAKOVIC, MITAR",4.0
,,,,,,,,,,,,,,,,,,,,,,,,,,"YILDIZLI, BURAKCAN",4.0
,,,,,,,,,,,,,,,,,,,,,,,,,,"MESTOGLU, YIGIT HAMZA",4.0
,,,,,,,,,,,,,,,,,,,,,,,,,,"EKSIOGLU, MERT",4.0
,,,,,,,,,,,,,,,,,,,,,,,,,,"PALATIN, GUY",4.0
,,,,,,,,,,,,,,,,,,,,,,,,,,"SAMODUROV, ALEXANDROS",4.0
,,,,,,,,,,,,,,,,,,,,,,,,,,"TIMOR, BAR",4.0
,,,,,,,,,,,,,,,,,,,,,,,,,,"STOJKOVIC, LAZAR",4.0
,,,,,,,,,,,,,,,,,,,,,,,,,,"RADOSIC, OGNJEN",4.0
,,,,,,,,,,,,,,,,,,,,,,,,,,"ZIV, IFTACH",4.0
,,,,,,,,,,,,,,,,,,,,,,,,,,"SEGEV, ITAY",4.0
,,,,,,,,,,,,,,,,,,,,,,,,,,"NETZIPOGLOU, OMIROS",4.0
,,,,,,,,,,,,,,,,,,,,,,,,,,"MOUNGALLA, ILIAN",4.0
,,,,,,,,,,,,,,,,,,,,,,,,,,"ACCORSI, MATTEO",4.0
