playerRanking,gamesPlayed,gamesStarted,minutesPlayed,pointsScored,twoPointersMade,twoPointersAttempted,twoPointersPercentage,threePointersMade,threePointersAttempted,threePointersPercentage,freeThrowsMade,freeThrowsAttempted,freeThrowsPercentage,offensiveRebounds,defensiveRebounds,totalRebounds,assists,steals,turnovers,blocks,blocksAgainst,foulsCommited,foulsDrawn,pir,player.code,player.name,league,merge_key,index,player_name,price,full_name_prices
181.0,78.0,77.0,29.80363247863248,18.6,4.7,7.3,65%,1.9,5.1,38%,3.4,3.9,88.4%,1.7,5.0,6.7,1.9,0.9,1.0,0.2,0.3,1.5,3.1,22.6,003469,"VEZENKOV, SASHA",EuroLeague,VEZENKOV SASHA,VEZENKOV, SASHA,16.00,VEZENKOV SASHA
,,,,,,,,,,,,,,,,,,,,,,,,,,,,MICIC VASILIJE,MICIC, VASILIJE,15.70,MICIC VASILIJE
168.0,75.0,66.0,29.25133333333333,18.2,4.2,8.2,51.6%,2.4,6.0,39.9%,2.5,2.8,89.6%,0.6,2.5,3.1,3.6,0.9,2.9,0.2,0.7,2.5,3.4,15.5,012774,"NUNN, KENDRICK",EuroLeague,NUNN KENDRICK,NUNN, KENDRICK,15.60,NUNN KENDRICK
179.0,80.0,76.0,26.320208333333333,16.6,3.2,5.4,58.9%,2.1,5.2,39.8%,4.0,4.7,85.4%,1.7,3.8,5.5,1.4,0.9,1.6,0.4,0.2,1.9,4.2,19.1,000796,"MIROTIC, NIKOLA",EuroLeague,MIROTIC NIKOLA,MIROTIC, NIKOLA,15.50,MIROTIC NIKOLA
172.0,84.0,73.0,26.11706349206349,13.5,3.9,7.3,53.6%,0.7,2.3,32.1%,3.4,4.3,79.5%,1.3,3.2,4.5,3.1,0.9,2.5,0.3,0.5,2.4,4.8,15.8,001133,"SHENGELIA, TORNIKE",EuroLeague,SHENGELIA TORNIKE,SHENGELIA, TORNIKE,15.50,SHENGELIA TORNIKE
180.0,98.0,68.0,29.053571428571427,13.0,4.7,7.1,66.1%,0.0,0.0,0%,3.7,5.6,65.5%,2.6,4.0,6.7,1.4,0.9,1.6,0.8,0.4,2.6,5.6,19.5,003842,"LESSORT, MATHIAS",EuroLeague,LESSORT MATHIAS,LESSORT, MATHIAS,15.40,LESSORT MATHIAS
171.0,83.0,37.0,23.778915662650604,11.9,3.1,5.0,61.3%,0.8,2.6,31.3%,3.3,4.1,79.5%,1.9,3.8,5.7,1.6,0.9,1.7,0.4,0.4,1.7,3.9,15.8,012201,"MONEKE, CHIMA",EuroLeague,MONEKE CHIMA,MONEKE, CHIMA,15.30,MONEKE CHIMA
178.0,118.0,118.0,30.437429378531075,16.6,3.5,7.7,45.9%,1.9,5.7,32.7%,4.0,5.1,78.1%,0.5,3.1,3.6,5.1,1.1,2.1,0.0,0.5,1.8,4.8,17.7,005985,"JAMES, MIKE",EuroLeague,JAMES MIKE,JAMES, MIKE,15.20,JAMES MIKE
169.0,102.0,79.0,29.586601307189543,12.6,3.1,5.8,53%,1.1,2.6,41.4%,3.3,3.7,88.9%,1.0,3.7,4.7,1.3,0.7,1.2,0.2,0.4,2.1,4.3,15.6,008987,"LEDAY, ZACH",EuroLeague,LEDAY ZACH,LEDAY, ZACH,15.20,LEDAY ZACH
173.0,114.0,108.0,23.760964912280706,10.3,4.1,6.0,67.6%,0.0,0.0,0%,2.2,2.9,75%,2.5,4.2,6.7,1.4,0.8,2.0,1.6,0.2,2.9,3.1,16.1,005791,"TAVARES, WALTER",EuroLeague,TAVARES WALTER,TAVARES, WALTER,15.00,TAVARES WALTER
177.0,85.0,76.0,25.843529411764703,12.1,2.4,4.1,57%,1.4,4.2,33.1%,3.2,3.7,86.7%,0.6,2.3,3.0,6.2,1.2,2.4,0.0,0.3,2.3,4.9,17.3,005928,"CAMPAZZO, FACUNDO",EuroLeague,CAMPAZZO FACUNDO,CAMPAZZO, FACUNDO,15.00,CAMPAZZO FACUNDO
,,,,,,,,,,,,,,,,,,,,,,,,,,,,JONES CARLIK,JONES, CARLIK,14.90,JONES CARLIK
153.0,66.0,18.0,20.00757575757576,9.3,3.7,5.8,63.3%,0.0,0.0,0%,2.0,3.0,66.5%,2.3,2.8,5.1,1.0,0.9,1.2,0.5,0.3,2.6,3.0,12.7,011981,"JONES, TYRIQUE",EuroLeague,JONES TYRIQUE,JONES, TYRIQUE,14.50,JONES TYRIQUE
,,,,,,,,,,,,,,,,,,,,,,,,,,,,SHORTS TJ,SHORTS, TJ,14.30,SHORTS TJ
103.0,31.0,5.0,20.58010752688172,12.4,4.6,6.5,70%,0.2,0.5,35.7%,2.7,3.9,70.8%,1.7,3.4,5.1,0.8,1.0,0.8,0.5,0.3,1.8,2.3,15.7,006835,"HOARD, JAYLEN",EuroCup,HOARD JAYLEN,HOARD, JAYLEN,14.30,HOARD JAYLEN
157.0,67.0,18.0,22.43681592039801,12.6,1.8,4.0,45.7%,2.0,5.7,34.7%,3.0,3.9,77.5%,0.5,1.7,2.2,3.9,0.8,2.1,0.2,0.3,1.7,4.3,13.2,007975,"FRANCISCO, SYLVAIN",EuroLeague,FRANCISCO SYLVAIN,FRANCISCO, SYLVAIN,14.10,FRANCISCO SYLVAIN
113.0,103.0,63.0,22.397896440129447,13.3,2.8,5.6,49.4%,1.9,5.7,34.4%,2.0,2.2,90.2%,0.4,1.4,1.8,2.1,0.8,1.7,0.1,0.6,1.9,2.9,10.0,011987,"EDWARDS, CARSEN",EuroLeague,EDWARDS CARSEN,EDWARDS, CARSEN,14.10,EDWARDS CARSEN
130.0,71.0,34.0,22.55469483568076,7.5,1.5,2.8,55.3%,1.1,3.0,37.4%,1.0,1.5,67.9%,1.3,4.1,5.5,1.0,0.8,0.7,0.3,0.2,1.2,1.8,11.1,012712,"HERNANGOMEZ, JUANCHO",EuroLeague,HERNANGOMEZ JUANCHO,HERNANGOMEZ, JUANCHO,14.00,HERNANGOMEZ JUANCHO
,,,,,,,,,,,,,,,,,,,,,,,,,,,,WALKER IV LONNIE,WALKER IV, LONNIE,14.00,WALKER IV LONNIE
149.0,115.0,46.0,23.60913043478261,13.0,2.6,4.7,55.8%,2.0,5.3,38.7%,1.6,1.9,83.7%,0.4,3.8,4.3,1.2,0.8,1.3,0.1,0.2,1.8,1.8,12.2,003108,"HEZONJA, MARIO",EuroLeague,HEZONJA MARIO,HEZONJA, MARIO,13.90,HEZONJA MARIO
161.0,67.0,64.0,27.96069651741293,13.0,2.6,4.8,54.8%,1.9,4.8,39.6%,2.1,2.6,78%,0.6,2.9,3.5,2.6,1.0,1.7,0.1,0.2,1.6,3.1,14.1,007831,"SHIELDS, SHAVON",EuroLeague,SHIELDS SHAVON,SHIELDS, SHAVON,13.80,SHIELDS SHAVON
176.0,80.0,52.0,29.105625,14.0,2.2,4.2,52.6%,2.3,5.8,39.1%,2.8,3.2,87.7%,0.2,2.4,2.7,4.8,1.1,2.0,0.0,0.3,1.3,4.0,17.2,007200,"LARKIN, SHANE",EuroLeague,LARKIN SHANE,LARKIN, SHANE,13.60,LARKIN SHANE
167.0,102.0,81.0,27.938235294117646,16.0,3.3,6.3,52%,2.0,4.9,39.8%,3.5,3.8,92.3%,0.3,2.0,2.3,2.7,1.1,1.7,0.1,0.4,2.4,3.9,15.3,009862,"PUNTER, KEVIN",EuroLeague,PUNTER KEVIN,PUNTER, KEVIN,13.50,PUNTER KEVIN
,,,,,,,,,,,,,,,,,,,,,,,,,,,,MOTLEY JONATHAN,MOTLEY, JONATHAN,13.50,MOTLEY JONATHAN
,,,,,,,,,,,,,,,,,,,,,,,,,,,,MALEDON THEO,MALEDON, THEO,13.30,MALEDON THEO
,,,,,,,,,,,,,,,,,,,,,,,,,,,,OKEKE CHUMA,OKEKE, CHUMA,13.30,OKEKE CHUMA
165.0,114.0,83.0,22.25687134502924,13.5,2.8,4.9,57.8%,1.5,3.8,38.5%,3.5,4.2,83.4%,0.6,2.3,2.9,2.3,0.4,1.5,0.2,0.3,1.4,3.4,14.4,006540,"MUSA, DZANAN",EuroLeague,MUSA DZANAN,MUSA, DZANAN,13.20,MUSA DZANAN
175.0,83.0,59.0,30.028915662650604,14.8,3.3,6.6,50.2%,1.8,5.3,34.9%,2.7,3.3,81.5%,1.0,4.0,5.1,2.2,1.0,1.5,0.2,0.4,1.9,4.3,16.5,004888,"CLYBURN, WILL",EuroLeague,CLYBURN WILL,CLYBURN, WILL,13.00,CLYBURN WILL
146.0,96.0,63.0,24.1546875,10.9,2.7,5.2,52.4%,1.2,3.1,37.5%,1.9,2.2,88.4%,0.7,3.4,4.1,2.5,0.9,1.8,0.3,0.4,2.4,2.7,12.1,009846,"BRYANT, ELIJAH",EuroLeague,BRYANT ELIJAH,BRYANT, ELIJAH,13.00,BRYANT ELIJAH
,,,,,,,,,,,,,,,,,,,,,,,,,,,,FOURNIER EVAN,FOURNIER, EVAN,13.00,FOURNIER EVAN
,,,,,,,,,,,,,,,,,,,,,,,,,,,,THEIS DANIEL,THEIS, DANIEL,13.00,THEIS DANIEL
,,,,,,,,,,,,,,,,,,,,,,,,,,,,BOSTON BRANDON,BOSTON, BRANDON,12.90,BOSTON BRANDON
,,,,,,,,,,,,,,,,,,,,,,,,,,,,KEENAN EVANS,KEENAN, EVANS,12.80,KEENAN EVANS
145.0,108.0,41.0,18.340123456790124,8.3,3.3,5.0,65.4%,0.0,0.1,26.7%,1.6,2.3,71%,1.9,2.9,4.8,0.8,0.4,0.9,1.2,0.2,2.2,2.0,11.9,004887,"POIRIER, VINCENT",EuroLeague,POIRIER VINCENT,POIRIER, VINCENT,12.80,POIRIER VINCENT
138.0,113.0,24.0,17.81165191740413,7.0,2.7,3.8,72.8%,0.0,0.0,0%,1.5,2.2,67.7%,1.8,3.0,4.8,0.6,0.5,0.5,0.8,0.2,1.9,2.1,11.5,011196,"HALL, DONTA",EuroLeague,HALL DONTA,HALL, DONTA,12.80,HALL DONTA
143.0,72.0,10.0,16.047453703703706,9.7,3.6,6.0,60%,0.1,0.2,33.3%,2.3,3.3,69.5%,1.7,2.8,4.5,0.5,0.5,1.3,0.3,0.2,1.8,3.3,11.8,003196,"HERNANGOMEZ, WILLY",EuroLeague,HERNANGOMEZ WILLY,HERNANGOMEZ, WILLY,12.70,HERNANGOMEZ WILLY
,,,,,,,,,,,,,,,,,,,,,,,,,,,,HOLMES RICHUAN,HOLMES, RICHUAN,12.70,HOLMES RICHUAN
164.0,109.0,17.0,23.50779816513761,10.9,1.8,3.5,53.2%,1.4,3.7,37.2%,3.1,3.4,90.1%,0.4,2.0,2.4,5.3,0.6,2.0,0.1,0.3,1.6,3.2,14.3,001926,"SLOUKAS, KOSTAS",EuroLeague,SLOUKAS KOSTAS,SLOUKAS, KOSTAS,12.60,SLOUKAS KOSTAS
93.0,103.0,26.0,17.66990291262136,7.3,2.3,4.4,51.9%,0.5,1.5,35.5%,1.2,1.5,79.5%,0.5,1.7,2.2,3.2,0.5,1.5,0.0,0.2,1.4,1.9,8.7,007519,"JOKUBAITIS, ROKAS",EuroLeague,JOKUBAITIS ROKAS,JOKUBAITIS, ROKAS, 12.60,JOKUBAITIS ROKAS
132.0,86.0,48.0,19.45949612403101,7.6,2.8,4.3,65.1%,0.2,0.5,35.9%,1.5,1.9,75.9%,2.1,3.2,5.3,0.6,0.6,1.0,0.6,0.2,2.0,2.1,11.3,009035,"BOLOMBOY, JOEL",EuroLeague,BOLOMBOY JOEL,BOLOMBOY, JOEL, 12.50,BOLOMBOY JOEL
128.0,87.0,68.0,24.49789272030652,10.0,3.0,5.4,56.1%,0.7,2.1,35.1%,1.7,2.1,80.2%,1.6,2.9,4.5,1.3,0.5,1.3,0.3,0.2,2.4,2.5,11.0,007056,"BOOKER, DEVIN",EuroLeague,BOOKER DEVIN,BOOKER, DEVIN,12.50,BOOKER DEVIN
166.0,56.0,8.0,19.01547619047619,8.0,2.9,4.8,59.5%,0.0,0.0,0%,2.3,2.7,83%,2.6,3.1,5.7,0.8,0.4,0.8,0.6,0.2,0.8,3.0,14.4,003941,"MILUTINOV, NIKOLA",EuroLeague,MILUTINOV NIKOLA,MILUTINOV, NIKOLA, 12.40,MILUTINOV NIKOLA
163.0,82.0,27.0,22.02947154471545,12.5,2.1,4.2,51.2%,1.7,4.3,39.2%,3.1,3.4,91.7%,0.2,1.8,2.0,4.0,0.9,2.5,0.0,0.4,1.5,3.9,14.1,002100,"DE COLO, NANDO",EuroLeague,DE COLO NANDO,DE COLO, NANDO,12.40,DE COLO NANDO
,,,,,,,,,,,,,,,,,,,,,,,,,,,,BRISSETT OSHAE,BRISSETT, OSHAE, 12.40,BRISSETT OSHAE
,,,,,,,,,,,,,,,,,,,,,,,,,,,,MILTON SHAKE,MILTON, SHAKE, 12.40,MILTON SHAKE
147.0,88.0,24.0,19.98617424242424,10.4,3.3,5.6,59.3%,0.4,1.4,30.7%,2.4,3.5,69.8%,1.3,3.2,4.5,1.0,0.5,1.1,0.6,0.3,2.1,3.0,12.2,011194,"PETRUSEV, FILIP",EuroLeague,PETRUSEV FILIP,PETRUSEV,FILIP, 12.30,PETRUSEV FILIP
144.0,113.0,18.0,25.36002949852508,12.0,2.7,5.4,50.7%,1.2,3.6,33.8%,2.9,3.5,84.7%,0.2,2.0,2.2,3.6,0.9,1.9,0.1,0.3,2.3,2.9,11.8,011212,"OKOBO, ELIE",EuroLeague,OKOBO ELIE,OKOBO, ELIE, 12.20,OKOBO ELIE
129.0,77.0,58.0,25.62965367965368,12.2,3.0,5.5,53.6%,1.6,4.3,38.2%,1.4,1.8,77.9%,1.0,3.1,4.1,1.2,0.7,1.3,0.3,0.2,1.9,1.6,11.0,012745,"PARKER, JABARI",EuroLeague,PARKER JABARI,PARKER, JABARI, 12.10,PARKER JABARI
,,,,,,,,,,,,,,,,,,,,,,,,,,,,KABENGELE MFIONDU,KABENGELE, MFIONDU, 12.10,KABENGELE MFIONDU
,,,,,,,,,,,,,,,,,,,,,,,,,,,,OSMAN CEDI,OSMAN, CEDI, 12.10,OSMAN CEDI
,,,,,,,,,,,,,,,,,,,,,,,,,,,,GABRIEL WENYEN,GABRIEL, WENYEN, 12.00,GABRIEL WENYEN
160.0,82.0,75.0,22.51849593495935,9.2,3.7,5.6,65.8%,0.0,0.0,0%,1.9,2.9,66.5%,2.6,3.9,6.5,0.6,0.5,0.9,0.7,0.2,1.9,2.3,14.0,011199,"NEBO, JOSH",EuroLeague,NEBO JOSH,NEBO, JOSH, 12.00,NEBO JOSH
,,,,,,,,,,,,,,,,,,,,,,,,,,,,MONTERO JEAN,MONTERO, JEAN, 12.00,MONTERO JEAN
,,,,,,,,,,,,,,,,,,,,,,,,,,,,GRAHAM DEVONTE,GRAHAM, DEVONTE, 12.00,GRAHAM DEVONTE
,,,,,,,,,,,,,,,,,,,,,,,,,,,,DOWTIN JR JEFF,DOWTIN JR., JEFF, 12,DOWTIN JR. JEFF
,,,,,,,,,,,,,,,,,,,,,,,,,,,,LYLES TREY,LYLES, TREY, 12,LYLES TREY
159.0,61.0,57.0,24.47267759562841,13.0,3.4,6.6,51.2%,1.4,3.5,40.2%,2.0,2.4,85.4%,0.2,1.9,2.1,4.3,1.2,1.8,0.0,0.4,1.5,2.7,14.0,010568,"JONES, CHRIS",EuroLeague,JONES CHRIS,JONES, CHRIS, 11.80,JONES CHRIS
,,,,,,,,,,,,,,,,,,,,,,,,,,,,BACON DWAYNE,BACON, DWAYNE, 11.70,BACON DWAYNE
135.0,111.0,39.0,22.474324324324325,10.8,2.0,3.5,57.9%,1.4,3.8,37.7%,2.4,2.7,86.8%,0.5,2.2,2.7,2.9,0.8,1.8,0.0,0.3,2.4,2.9,11.4,004004,"GUDURIC, MARKO",EuroLeague,GUDURIC MARKO,GUDURIC, MARKO, 11.50,GUDURIC MARKO
,,,,,,,,,,,,,,,,,,,,,,,,,,,,ROBINSON JUSTIN,ROBINSON, JUSTIN, 11.5,ROBINSON JUSTIN
,,,,,,,,,,,,,,,,,,,,,,,,,,,,BACOT ARMANDO,BACOT, ARMANDO, 11.50,BACOT ARMANDO
,,,,,,,,,,,,,,,,,,,,,,,,,,,,NORRIS MILES,NORRIS, MILES, 11.40,NORRIS MILES
,,,,,,,,,,,,,,,,,,,,,,,,,,,,LEAF T J,LEAF, T.J, 11.40,LEAF T.J
139.0,76.0,65.0,23.19298245614036,11.2,1.5,2.9,52.5%,2.1,5.2,40.7%,1.8,2.2,82%,0.6,1.5,2.1,4.7,0.6,2.2,0.0,0.2,2.5,2.8,11.5,006435,"LAPROVITTOLA, NICOLAS",EuroLeague,LAPROVITTOLA NICOLAS,LAPROVITTOLA, NICOLAS, 11.30,LAPROVITTOLA NICOLAS
,,,,,,,,,,,,,,,,,,,,,,,,,,,,CANCAR VLATKO,CANCAR, VLATKO, 11.20,CANCAR VLATKO
156.0,100.0,68.0,21.012166666666666,10.4,4.1,6.9,59.2%,0.1,0.2,39.1%,2.0,2.5,78.9%,1.4,2.6,4.0,1.5,1.0,1.1,0.4,0.2,2.4,2.7,12.8,000925,"VESELY, JAN",EuroLeague,VESELY JAN,VESELY, JAN, 11.10,VESELY JAN
155.0,108.0,90.0,26.41172839506173,10.9,2.7,5.0,54.1%,1.3,3.4,38.7%,1.6,2.0,79.3%,0.7,1.6,2.4,4.6,1.2,1.8,0.5,0.3,2.3,2.3,12.7,011078,"THOMPSON, DARIUS",EuroLeague,THOMPSON DARIUS,THOMPSON, DARIUS, 11.00,THOMPSON DARIUS
,,,,,,,,,,,,,,,,,,,,,,,,,,,,HIFI NADIR,HIFI, NADIR, 11.00,HIFI NADIR
,,,,,,,,,,,,,,,,,,,,,,,,,,,,SWIDER COLE,SWIDER, COLE, 10.90,SWIDER COLE
141.0,114.0,58.0,26.04078947368421,10.9,3.2,5.7,55.6%,0.9,2.4,36.9%,1.9,2.6,73%,1.4,2.8,4.1,1.8,1.1,1.2,0.3,0.3,2.9,2.6,11.7,011226,"DIALLO, ALPHA",EuroLeague,DIALLO ALPHA,DIALLO, ALPHA, 10.80,DIALLO ALPHA
124.0,84.0,64.0,23.20297619047619,9.5,2.7,4.8,56.6%,0.8,2.6,28.9%,1.9,2.3,79.2%,0.8,2.7,3.5,2.9,0.8,1.7,0.3,0.1,2.6,2.6,10.8,009549,"CORDINIER, ISAIA",EuroLeague,CORDINIER ISAIA,CORDINIER, ISAIA, 10.80,CORDINIER ISAIA
,,,,,,,,,,,,,,,,,,,,,,,,,,,,JONES KAI,JONES, KAI, 10.80,JONES KAI
140.0,87.0,53.0,23.629310344827587,9.8,3.0,4.7,64.4%,0.6,1.7,36.4%,1.9,2.3,80.3%,1.0,3.0,4.0,1.5,0.5,1.1,0.1,0.3,1.9,2.2,11.6,009005,"DECK, GABRIEL",EuroLeague,DECK GABRIEL,DECK, GABRIEL, 10.70,DECK GABRIEL
150.0,83.0,56.0,24.207831325301203,7.6,2.2,3.3,66.4%,0.6,1.5,40.2%,1.3,1.6,80.5%,1.4,4.0,5.4,1.4,0.5,0.8,0.2,0.3,1.2,1.9,12.3,007230,"SEDEKERSKIS, TADAS",EuroLeague,SEDEKERSKIS TADAS,SEDEKERSKIS, TADAS, 10.70,SEDEKERSKIS TADAS
148.0,111.0,84.0,25.1018018018018,11.8,3.1,6.4,48.7%,1.4,3.9,34.6%,1.6,1.8,87.1%,0.4,2.2,2.6,4.7,1.0,2.3,0.1,0.3,1.7,2.3,12.2,009622,"BROWN, LORENZO",EuroLeague,BROWN LORENZO,BROWN, LORENZO, 10.60,BROWN LORENZO
134.0,111.0,105.0,20.734384384384388,6.8,2.9,3.9,74.8%,0.0,0.0,0%,1.0,2.1,46.2%,1.5,2.7,4.2,2.1,0.4,1.2,0.9,0.2,2.1,2.6,11.4,008811,"FALL, MOUSTAPHA",EuroLeague,FALL MOUSTAPHA,FALL, MOUSTAPHA, 10.60,FALL MOUSTAPHA
120.0,67.0,18.0,21.10771144278607,9.5,2.3,3.5,65%,1.3,3.8,33.7%,1.1,1.6,70%,1.3,2.9,4.2,1.6,0.6,1.1,0.9,0.2,2.7,2.0,10.5,010444,"COSTELLO, MATTHEW",EuroLeague,COSTELLO MATTHEW,COSTELLO, MATTHEW, 10.60,COSTELLO MATTHEW
151.0,74.0,70.0,27.553603603603605,9.9,3.0,5.6,53.5%,0.9,3.0,29.9%,1.2,1.7,70.3%,0.6,3.2,3.8,6.0,0.8,2.4,0.0,0.5,2.2,2.3,12.6,009048,"MILLER-MCINTYRE, CODI",EuroLeague,MILLER MCINTYRE CODI,MILLER-MCINTYRE, CODI, 10.50,MILLER-MCINTYRE CODI
106.0,117.0,47.0,18.497578347578347,8.7,1.7,3.1,55.2%,1.3,2.6,50.2%,1.4,1.5,91.4%,0.9,2.4,3.3,0.9,0.4,0.8,0.1,0.3,1.8,1.6,9.4,008829,"PETERS, ALEC",EuroLeague,PETERS ALEC,PETERS, ALEC, 10.50,PETERS ALEC
,,,,,,,,,,,,,,,,,,,,,,,,,,,,WRIGHT MOSES,WRIGHT, MOSES, 10.50,WRIGHT MOSES
152.0,51.0,33.0,22.829738562091503,12.0,2.4,4.4,54.1%,1.5,3.2,46.6%,2.9,3.3,86.9%,1.1,3.0,4.2,0.5,0.7,1.2,0.2,0.4,1.8,2.6,12.6,011982,"OJELEYE, SEMI",EuroLeague,OJELEYE SEMI,OJELEYE, SEMI, 10.50,OJELEYE SEMI
,,,,,,,,,,,,,,,,,,,,,,,,,,,,DIALLO HAMIDOU,DIALLO, HAMIDOU, 10.50,DIALLO HAMIDOU
,,,,,,,,,,,,,,,,,,,,,,,,,,,,CABOCLO BRUNO,CABOCLO, BRUNO, 10.40,CABOCLO BRUNO
115.0,63.0,51.0,25.00740740740741,11.9,2.3,4.5,52.1%,2.0,4.8,41.1%,1.3,1.3,92.9%,0.7,2.4,3.1,2.2,0.8,1.7,0.2,0.5,2.1,1.3,10.2,012720,"BROWN, STERLING",EuroLeague,BROWN STERLING,BROWN, STERLING, 10.40,BROWN STERLING
104.0,99.0,63.0,24.49090909090909,7.4,1.1,2.2,49.5%,1.5,3.9,38.5%,0.7,0.9,77.6%,1.0,2.6,3.6,3.1,1.0,1.1,0.1,0.2,2.3,1.4,9.3,010391,"WEILER-BABB, NICK",EuroLeague,WEILER BABB NICK,WEILER-BABB, NICK, 10.40,WEILER-BABB NICK
,,,,,,,,,,,,,,,,,,,,,,,,,,,,WRIGHT MCKINLEY,WRIGHT, MCKINLEY, 10.40,WRIGHT MCKINLEY
174.0,91.0,76.0,26.75311355311356,15.5,3.8,7.7,49.5%,1.5,4.3,34.1%,3.4,4.1,82.8%,0.5,2.5,3.0,4.6,0.9,2.5,0.2,0.3,2.3,4.4,16.1,009863,"BALDWIN IV, WADE",EuroLeague,BALDWIN IV WADE,BALDWIN IV, WADE, 10.30,BALDWIN IV WADE
,,,,,,,,,,,,,,,,,,,,,,,,,,,,NWORA JORDAN,NWORA, JORDAN, 10.30,NWORA JORDAN
117.0,60.0,7.0,16.176944444444445,8.2,3.4,4.8,70.5%,0.0,0.0,0%,1.4,2.2,65.4%,1.9,2.2,4.0,0.5,0.4,1.0,1.0,0.3,2.4,2.0,10.3,012788,"OTURU, DAN",EuroLeague,OTURU DAN,OTURU, DAN, 10.30,OTURU DAN
,,,,,,,,,,,,,,,,,,,,,,,,,,,,SAKO NEAL,SAKO, NEAL, 10.30,SAKO NEAL
101.0,101.0,34.0,18.435808580858087,8.8,3.0,5.0,60.6%,0.4,1.3,33.1%,1.4,1.8,78.1%,1.6,1.8,3.5,0.8,0.4,1.0,0.6,0.2,2.1,1.7,9.1,011219,"SORKIN, ROMAN",EuroLeague,SORKIN ROMAN,SORKIN, ROMAN, 10.20,SORKIN ROMAN
,,,,,,,,,,,,,,,,,,,,,,,,,,,,ENNIS TYLER,ENNIS, TYLER, 1O.20,ENNIS TYLER
131.0,114.0,106.0,24.39327485380117,7.1,1.7,3.3,51.6%,0.9,2.2,39.8%,1.1,1.4,74.8%,0.8,3.0,3.8,4.5,0.9,1.6,0.1,0.1,2.3,2.1,11.2,002939,"SATORANSKY, TOMAS",EuroLeague,SATORANSKY TOMAS,SATORANSKY, TOMAS, 10.10,SATORANSKY TOMAS
112.0,84.0,13.0,18.051388888888887,8.7,3.3,5.7,58.5%,0.1,0.4,28.1%,1.8,2.7,65.7%,1.7,1.8,3.5,0.9,0.7,1.1,0.3,0.5,2.1,2.8,9.7,011214,"RIVERO, JASIEL",EuroLeague,RIVERO JASIEL,RIVERO, JASIEL, 10.10,RIVERO JASIEL
21.0,61.0,15.0,13.485245901639344,3.6,1.4,2.3,58.7%,0.2,0.5,35.5%,0.3,0.6,52.6%,1.1,1.6,2.7,0.7,0.4,0.7,0.1,0.2,1.6,0.9,4.2,010393,"PRADILLA, JAIME",EuroLeague,PRADILLA JAIME,PRADILLA, JAIME, 10.10,PRADILLA JAIME
,,,,,,,,,,,,,,,,,,,,,,,,,,,,TAYLOR BRANDON,TAYLOR, BRANDON, 10.10,TAYLOR BRANDON
125.0,82.0,66.0,27.2260162601626,8.6,1.7,3.3,52.2%,1.2,2.8,42.3%,1.6,1.8,85.4%,0.4,1.8,2.2,3.3,1.2,0.9,0.1,0.1,2.2,2.1,10.8,011204,"GRANT, JERIAN",EuroLeague,GRANT JERIAN,GRANT, JERIAN, 10.10,GRANT JERIAN
,,,,,,,,,,,,,,,,,,,,,,,,,,,,ATAMAN ERGIN,ATAMAN, ERGIN, 10.00,ATAMAN ERGIN
76.0,93.0,43.0,20.601612903225806,8.4,2.3,4.8,49.1%,0.8,2.0,38.9%,1.4,1.7,80.1%,0.2,1.7,2.0,2.9,0.8,1.5,0.0,0.3,2.4,1.9,7.9,007982,"WILLIAMS-GOSS, NIGEL",EuroLeague,WILLIAMS GOSS NIGEL,WILLIAMS-GOSS, NIGEL, 10.00,WILLIAMS-GOSS NIGEL
,,,,,,,,,,,,,,,,,,,,,,,,,,,,SAMANIC LUKA,SAMANIC, LUKA, 10.00,SAMANIC LUKA
,,,,,,,,,,,,,,,,,,,,,,,,,,,,STEVENS LAMAR,STEVENS, LAMAR, 10.00,STEVENS LAMAR
,,,,,,,,,,,,,,,,,,,,,,,,,,,,MOORE OMARI,MOORE, OMARI, 10.00,MOORE OMARI
,,,,,,,,,,,,,,,,,,,,,,,,,,,,DIAKITE MAMADI,DIAKITE, MAMADI, 10.00,DIAKITE MAMADI
,,,,,,,,,,,,,,,,,,,,,,,,,,,,FORREST TRENT,FORREST, TRENT, 9.90,FORREST TRENT
102.0,112.0,99.0,24.696875,7.5,1.6,3.1,52%,1.1,2.7,41.5%,1.0,1.4,66.5%,0.9,2.8,3.7,2.2,0.8,1.4,0.1,0.3,1.9,1.9,9.1,004866,"KALINIC, NIKOLA",EuroLeague,KALINIC NIKOLA,KALINIC, NIKOLA, 9.90,KALINIC NIKOLA
,,,,,,,,,,,,,,,,,,,,,,,,,,,,SELJAAS ZAC,SELJAAS, ZAC, 9.90,SELJAAS ZAC
,,,,,,,,,,,,,,,,,,,,,,,,,,,,WARD TYSON,WARD, TYSON, 9.80,WARD TYSON
96.0,76.0,30.0,19.4015350877193,9.9,2.1,3.9,52.7%,1.5,4.2,35.7%,1.2,1.6,80.5%,0.3,1.3,1.6,2.5,0.5,1.4,0.0,0.4,1.3,2.2,8.8,007032,"LO, MAODO",EuroLeague,LO MAODO,LO, MAODO, 9.80,LO MAODO
,,,,,,,,,,,,,,,,,,,,,,,,,,,,ASTON JR DERRICK,ASTON JR., DERRICK, 9.80,ASTON JR. DERRICK
,,,,,,,,,,,,,,,,,,,,,,,,,,,,DIARRA ALIOU,DIARRA, ALIOU, 9.80,DIARRA ALIOU
,,,,,,,,,,,,,,,,,,,,,,,,,,,,WATSON GLYNN,WATSON, GLYNN, 9.80,WATSON GLYNN
69.0,90.0,39.0,18.940740740740743,7.6,1.2,2.4,47.3%,1.4,3.8,36.2%,1.1,1.3,86.6%,0.3,1.5,1.8,2.7,0.9,1.5,0.1,0.3,1.6,1.4,7.3,007947,"VILDOZA, LUCA",EuroLeague,VILDOZA LUCA,VILDOZA, LUCA, 9.70,VILDOZA LUCA
136.0,67.0,41.0,23.96417910447761,12.1,1.3,2.9,45.9%,2.6,6.8,38.6%,1.5,1.9,82.4%,0.4,1.6,2.0,3.0,1.0,1.5,0.0,0.2,1.8,2.7,11.4,006661,"WILBEKIN, SCOTTIE",EuroLeague,WILBEKIN SCOTTIE,WILBEKIN, SCOTTIE, 9.70,WILBEKIN SCOTTIE
,,,,,,,,,,,,,,,,,,,,,,,,,,,,MASON NATE,MASON, NATE, 9.70,MASON NATE
95.0,104.0,52.0,22.02451923076924,15.5,2.1,4.5,46.8%,3.0,8.1,37.3%,2.2,2.6,85.6%,0.3,1.0,1.3,1.4,0.5,1.6,0.0,0.6,2.5,2.6,8.7,011948,"HOWARD, MARKUS",EuroLeague,HOWARD MARKUS,HOWARD, MARKUS, 9.60,HOWARD MARKUS
32.0,73.0,28.0,13.351141552511416,5.1,1.3,2.4,54%,0.5,1.6,32.2%,0.9,1.1,85.7%,0.3,0.8,1.2,1.8,0.6,0.9,0.2,0.1,1.7,1.2,4.9,011052,"MADAR, YAM",EuroLeague,MADAR YAM,MADAR, YAM, 9.60,MADAR YAM
,,,,,,,,,,,,,,,,,,,,,,,,,,,,HUERTEL THOMAS,HUERTEL, THOMAS, 9.60,HUERTEL THOMAS
100.0,104.0,66.0,22.08301282051282,6.6,1.7,3.0,56.4%,0.8,2.2,37.4%,0.8,1.3,61.7%,1.2,3.3,4.4,1.5,0.8,1.0,0.4,0.1,2.8,2.2,9.1,002849,"MELLI, NICOLO",EuroLeague,MELLI NICOLO,MELLI, NICOLO, 9.50,MELLI NICOLO
,,,,,,,,,,,,,,,,,,,,,,,,,,,,RATHAN MAYES XAVIER,RATHAN-MAYES, XAVIER, 9.50,RATHAN-MAYES XAVIER
,,,,,,,,,,,,,,,,,,,,,,,,,,,,BARTZOKAS GEROGIOS,BARTZOKAS, GEROGIOS, 9.50,BARTZOKAS GEROGIOS
,,,,,,,,,,,,,,,,,,,,,,,,,,,,OSETKOWSKI DYLAN,OSETKOWSKI, DYLAN, 9.50,OSETKOWSKI DYLAN
63.0,56.0,13.0,17.716369047619047,5.9,1.4,2.7,49.7%,0.6,2.0,31.9%,1.2,1.4,86.2%,0.9,2.3,3.2,1.2,0.6,1.3,0.0,0.3,1.6,2.2,7.0,005356,"LOPEZ-AROSTEGUI, XABI",EuroLeague,LOPEZ AROSTEGUI XABI,LOPEZ-AROSTEGUI, XABI, 9.40,LOPEZ-AROSTEGUI XABI
,,,,,,,,,,,,,,,,,,,,,,,,,,,,BERTANS DAVIS,BERTANS, DAVIS, 9.40,BERTANS DAVIS
133.0,118.0,106.0,24.36638418079096,10.0,2.6,4.8,54.5%,1.1,3.0,37.5%,1.4,1.8,76.3%,1.4,3.4,4.8,0.6,1.1,0.7,0.4,0.2,2.0,1.8,11.3,009783,"COLSON, BONZIE",EuroLeague,COLSON BONZIE,COLSON, BONZIE, 9.30,COLSON BONZIE
,,,,,,,,,,,,,,,,,,,,,,,,,,,,CLARK III JIMMY,CLARK III, JIMMY, 9.30,CLARK III JIMMY
,,,,,,,,,,,,,,,,,,,,,,,,,,,,CARTER TYSON,CARTER, TYSON, 9.30,CARTER TYSON
,,,,,,,,,,,,,,,,,,,,,,,,,,,,NTILIKINA FRANK,NTILIKINA FRANK, 9.20,,NTILIKINA FRANK 9.20
111.0,107.0,101.0,24.401869158878505,6.7,1.4,2.9,50.7%,1.0,3.2,31.9%,0.8,1.0,78.1%,0.6,2.2,2.7,5.1,1.5,1.8,0.1,0.1,2.5,1.8,9.7,008855,"WALKUP, THOMAS",EuroLeague,WALKUP THOMAS,WALKUP, THOMAS, 9.20,WALKUP THOMAS
86.0,100.0,65.0,20.096166666666665,6.2,1.5,2.6,58.8%,0.9,2.7,32.2%,0.5,0.8,65.1%,1.1,3.4,4.5,2.0,0.4,1.2,0.3,0.1,1.5,1.0,8.5,007201,"VOIGTMANN, JOHANNES",EuroLeague,VOIGTMANN JOHANNES,VOIGTMANN, JOHANNES, 9.20,VOIGTMANN JOHANNES
89.0,58.0,51.0,24.25862068965517,10.5,3.9,6.0,64.6%,0.5,1.7,29.7%,1.2,1.8,65.7%,1.7,3.5,5.2,1.4,0.9,1.1,0.1,0.4,2.1,2.0,12.4,010550,"GINAT, TOMER",EuroCup,GINAT TOMER,GINAT, TOMER, 9.20,GINAT TOMER
,,,,,,,,,,,,,,,,,,,,,,,,,,,,BLAKENEY ANTONIO,BLAKENEY, ANTONIO, 9.20,BLAKENEY ANTONIO
122.0,89.0,60.0,23.073033707865168,10.8,2.0,4.1,49.2%,1.4,3.9,36.5%,2.5,2.8,89.9%,0.4,2.2,2.7,2.2,0.9,1.1,0.1,0.2,2.8,3.0,10.6,009754,"LOYD, JORDAN",EuroLeague,LOYD JORDAN,LOYD, JORDAN, 9.10,LOYD JORDAN
,,,,,,,,,,,,,,,,,,,,,,,,,,,,TAYLOR KAMERON,TAYLOR, KAMERON, 9.10,TAYLOR KAMERON
109.0,77.0,48.0,22.075108225108224,8.6,2.4,4.5,54.5%,0.9,2.3,37.7%,1.2,1.6,72.6%,1.4,3.2,4.5,0.8,0.6,0.8,0.2,0.2,1.9,1.5,9.5,007866,"MITOGLOU, KONSTANTINOS",EuroLeague,MITOGLOU KONSTANTINOS,MITOGLOU, KONSTANTINOS, 9.00,MITOGLOU KONSTANTINOS
,,,,,,,,,,,,,,,,,,,,,,,,,,,,JANTUNEN MIKAEL,JANTUNEN, MIKAEL, 9.00,JANTUNEN MIKAEL
,,,,,,,,,,,,,,,,,,,,,,,,,,,,SCARIOLO SERGIO,SCARIOLO, SERGIO, 9.00,SCARIOLO SERGIO
54.0,90.0,31.0,13.87611111111111,6.3,1.8,2.7,64.9%,0.6,1.5,40.9%,1.0,1.4,70.3%,1.1,1.3,2.4,0.5,0.5,0.7,0.5,0.2,2.3,1.6,6.3,011051,"SMAILAGIC, ALEN",EuroLeague,SMAILAGIC ALEN,SMAILAGIC, ALEN, 9.00,SMAILAGIC ALEN
84.0,61.0,53.0,21.49617486338797,10.1,3.9,6.2,62.8%,0.0,0.1,0%,2.3,3.2,72.3%,1.7,2.3,4.0,0.5,0.2,0.9,1.0,0.3,2.2,2.7,11.8,011823,"ODIASE, TAI",EuroCup,ODIASE TAI,ODIASE, TAI, 9.00,ODIASE TAI
71.0,51.0,43.0,25.166013071895424,10.2,3.0,4.9,60.8%,0.7,2.5,29.4%,2.1,2.8,74.5%,0.8,2.4,3.2,1.4,1.0,1.5,0.1,0.3,2.1,3.1,10.7,005422,"JALLOW, KARIM",EuroCup,JALLOW KARIM,JALLOW, KARIM, 9.00,JALLOW KARIM
,,,,,,,,,,,,,,,,,,,,,,,,,,,,DOZIER JR PERRY,DOZIER JR, PERRY, 9.00,DOZIER JR PERRY
75.0,91.0,63.0,21.715201465201464,6.6,1.3,2.7,48.6%,0.9,2.5,35.8%,1.3,1.5,84.3%,1.5,2.7,4.2,1.1,0.7,1.0,0.3,0.2,2.4,1.7,7.9,006760,"BONGA, ISAAC",EuroLeague,BONGA ISAAC,BONGA ISAAC, 8.80,,BONGA ISAAC 8.80
,,,,,,,,,,,,,,,,,,,,,,,,,,,,SLEVA DUSTIN,SLEVA, DUSTIN, 8.80,SLEVA DUSTIN
,,,,,,,,,,,,,,,,,,,,,,,,,,,,YURTSEVEN OMER,YURTSEVEN, OMER, 8.80,YURTSEVEN OMER
,,,,,,,,,,,,,,,,,,,,,,,,,,,,LEE SABEN,LEE, SABEN, 8.80,LEE SABEN
,,,,,,,,,,,,,,,,,,,,,,,,,,,,BADIO BRANCOU,BADIO, BRANCOU, 8.70,BADIO BRANCOU
,,,,,,,,,,,,,,,,,,,,,,,,,,,,M BAYE AMATH,M'BAYE, AMATH, 8.70,M'BAYE AMATH
,,,,,,,,,,,,,,,,,,,,,,,,,,,,MICHINEAU DAVID,MICHINEAU, DAVID, 8.60,MICHINEAU DAVID
,,,,,,,,,,,,,,,,,,,,,,,,,,,,WASHINGTON DUANE,WASHINGTON, DUANE, 8.50,WASHINGTON DUANE
116.0,105.0,85.0,26.237301587301587,8.2,1.9,3.8,49.4%,0.7,2.0,36%,2.2,2.6,84.1%,1.2,2.2,3.4,2.4,0.7,1.4,0.1,0.2,2.4,3.2,10.3,002329,"ULANOVAS, EDGARAS",EuroLeague,ULANOVAS EDGARAS,ULANOVAS, EDGARAS, 8.50,ULANOVAS EDGARAS
,,,,,,,,,,,,,,,,,,,,,,,,,,,,LUWAWU CABARROT TIMOTH,LUWAWU-CABARROT, TIMOTHÈ, 8.50,LUWAWU-CABARROT TIMOTHÈ
99.0,55.0,46.0,20.973030303030303,7.7,2.7,5.0,53.1%,0.4,1.6,27%,1.1,1.6,70.1%,0.5,2.1,2.6,3.2,1.1,1.6,0.3,0.2,2.2,2.2,9.1,008985,"BOLMARO, LEANDRO",EuroLeague,BOLMARO LEANDRO,BOLMARO, LEANDRO, 8.50,BOLMARO LEANDRO
,,,,,,,,,,,,,,,,,,,,,,,,,,,,SPANOULIS VASILIS,SPANOULIS, VASILIS, 8.50,SPANOULIS VASILIS
,,,,,,,,,,,,,,,,,,,,,,,,,,,,JASIKEVICIUS SARAS,JASIKEVICIUS, SARAS, 8.50,JASIKEVICIUS SARAS
,,,,,,,,,,,,,,,,,,,,,,,,,,,,WAINRIGHT ISH,WAINRIGHT, ISH, 8.50,WAINRIGHT ISH
,,,,,,,,,,,,,,,,,,,,,,,,,,,,ITOUDIS DIMITRIS,ITOUDIS, DIMITRIS, 8.50,ITOUDIS DIMITRIS
,,,,,,,,,,,,,,,,,,,,,,,,,,,,AYAYI JOEL,AYAYI, JOEL, 8.50,AYAYI JOEL
,,,,,,,,,,,,,,,,,,,,,,,,,,,,IZUNDU EBUKA,IZUNDU, EBUKA, 8.50,IZUNDU EBUKA
,,,,,,,,,,,,,,,,,,,,,,,,,,,,DORSEY TYLER,DORSEY, TYLER, 8.40,DORSEY TYLER
,,,,,,,,,,,,,,,,,,,,,,,,,,,,TUBELIS AZOULAS,TUBELIS, AZOULAS, 8.40,TUBELIS AZOULAS
,,,,,,,,,,,,,,,,,,,,,,,,,,,,PAPAGIANNIS GERORGIOS,PAPAGIANNIS, GERORGIOS, 8.30,PAPAGIANNIS GERORGIOS
127.0,84.0,30.0,20.498412698412697,12.3,2.5,4.8,51.7%,1.8,4.9,35.5%,2.1,2.5,85.2%,0.3,1.2,1.5,2.8,0.6,1.6,0.1,0.4,1.8,3.2,10.9,000848,"NEDOVIC, NEMANJA",EuroLeague,NEDOVIC NEMANJA,NEDOVIC, NEMANJA, 8.30,NEDOVIC NEMANJA
56.0,91.0,51.0,17.46923076923077,8.1,2.5,5.1,48.3%,0.6,2.3,27.3%,1.4,1.7,81.7%,0.7,1.9,2.6,1.1,0.3,0.9,0.1,0.4,1.5,1.6,6.5,011983,"BRAZDEIKIS, IGNAS",EuroLeague,BRAZDEIKIS IGNAS,BRAZDEIKIS, IGNAS, 8.30,BRAZDEIKIS IGNAS
,,,,,,,,,,,,,,,,,,,,,,,,,,,,BAKO ISMAEL,BAKO, ISMAEL, 8.30,BAKO ISMAEL
,,,,,,,,,,,,,,,,,,,,,,,,,,,,MORGAN MATTHEW,MORGAN, MATTHEW, 8.20,MORGAN MATTHEW
59.0,53.0,13.0,17.175786163522012,5.2,0.9,1.6,54.1%,1.0,2.4,40.8%,0.6,0.7,79.5%,0.9,2.2,3.1,0.6,0.5,0.5,0.3,0.1,1.1,1.0,6.7,009664,"WILLIS, DEREK",EuroLeague,WILLIS DEREK,WILLIS, DEREK, 8.20,WILLIS DEREK
60.0,117.0,57.0,20.39273504273504,6.5,2.1,3.4,61.2%,0.6,2.0,27.3%,0.7,1.2,61.5%,1.1,2.3,3.4,0.3,0.4,0.4,0.2,0.1,2.0,1.6,6.7,011231,"BLOSSOMGAME, JARON",EuroLeague,BLOSSOMGAME JARON,BLOSSOMGAME, JARON, 8.20,BLOSSOMGAME JARON
79.0,72.0,45.0,21.42129629629629,8.4,1.2,2.2,53.8%,1.5,3.6,41.8%,1.5,1.8,86.6%,0.3,1.8,2.1,1.4,0.5,1.0,0.0,0.1,2.3,2.3,8.0,002328,"GRIGONIS, MARIUS",EuroLeague,GRIGONIS MARIUS,GRIGONIS, MARIUS, 8.20,GRIGONIS MARIUS
87.0,89.0,49.0,25.529026217228463,7.9,1.7,3.4,49.5%,1.1,3.0,36.7%,1.3,1.5,83.6%,0.6,2.0,2.5,2.6,0.8,1.3,0.1,0.2,2.0,2.0,8.5,011205,"HALL, DEVON",EuroLeague,HALL DEVON,HALL, DEVON, 8.20,HALL DEVON
51.0,80.0,15.0,18.216041666666666,8.0,1.2,2.4,50%,1.6,3.6,45.5%,0.7,0.8,84.6%,0.6,1.8,2.4,1.0,0.4,0.9,0.1,0.2,2.2,0.9,6.2,006961,"BIBEROVIC, TARIK",EuroLeague,BIBEROVIC TARIK,BIBEROVIC, TARIK, 8.20,BIBEROVIC TARIK
92.0,94.0,37.0,20.65921985815603,7.8,0.5,1.2,41.6%,1.9,5.2,36.9%,1.0,1.1,91.2%,0.2,1.4,1.6,5.3,0.4,2.2,0.0,0.1,1.2,1.2,8.7,011193,"BLATT, TAMIR",EuroLeague,BLATT TAMIR,BLATT, TAMIR, 8.20,BLATT TAMIR
,,,,,,,,,,,,,,,,,,,,,,,,,,,,GARUBA USMAN,GARUBA, USMAN, 8.10,GARUBA USMAN
,,,,,,,,,,,,,,,,,,,,,,,,,,,,PAPANIKOLAU KOSTAS,PAPANIKOLAU, KOSTAS, 8.10,PAPANIKOLAU KOSTAS
50.0,68.0,7.0,16.20122549019608,8.0,1.7,3.3,51.6%,1.3,3.1,41.1%,0.7,0.9,78.3%,0.3,0.9,1.2,1.9,0.3,1.1,0.1,0.2,1.8,1.4,6.2,009992,"BRIZUELA, DARIO",EuroLeague,BRIZUELA DARIO,BRIZUELA, DARIO, 8.10,BRIZUELA DARIO
57.0,42.0,27.0,20.946031746031743,8.4,0.9,1.9,49.4%,1.6,3.6,43.4%,1.8,2.5,72.6%,0.4,2.1,2.5,1.7,1.5,0.9,0.4,0.1,2.9,2.2,9.1,010431,"MORGAN, JEREMY",EuroCup,MORGAN JEREMY,MORGAN, JEREMY, 8.10,MORGAN JEREMY
,,,,,,,,,,,,,,,,,,,,,,,,,,,,PENARROYA JOAN,PENARROYA, JOAN, 8.00,PENARROYA JOAN
72.0,52.0,31.0,20.620512820512825,8.5,2.8,6.4,44.1%,0.4,1.6,24.4%,1.7,2.0,82.9%,0.5,1.7,2.1,3.6,0.4,2.3,0.0,0.4,1.6,2.4,7.5,008173,"SPAGNOLO, MATTEO",EuroLeague,SPAGNOLO MATTEO,SPAGNOLO, MATTEO, 8.00,SPAGNOLO MATTEO
,,,,,,,,,,,,,,,,,,,,,,,,,,,,KOKOSKOV IGOR,KOKOSKOV, IGOR, 8.00,KOKOSKOV IGOR
78.0,40.0,19.0,18.180416666666662,8.0,3.1,5.3,59.2%,0.0,0.1,50%,1.6,2.0,78.8%,1.7,3.3,5.0,1.4,0.9,1.3,0.0,0.3,1.5,1.8,11.4,008325,"KAMENJAS, KENAN",EuroCup,KAMENJAS KENAN,KAMENJAS, KENAN, 8.00,KAMENJAS KENAN
,,,,,,,,,,,,,,,,,,,,,,,,,,,,CALE MYLES,CALE, MYLES, 8.00,CALE MYLES
,,,,,,,,,,,,,,,,,,,,,,,,,,,,FERNANDO BRUNO,FERNANDO, BRUNO, 8.00,FERNANDO BRUNO
,,,,,,,,,,,,,,,,,,,,,,,,,,,,FRISCH CLEMENT,FRISCH, CLEMENT, 8.00,FRISCH CLEMENT
,,,,,,,,,,,,,,,,,,,,,,,,,,,,TRAORE ARMEL,TRAORE, ARMEL, 8.00,TRAORE ARMEL
,,,,,,,,,,,,,,,,,,,,,,,,,,,,KRAMER DAVID,KRAMER, DAVID, 8.00,KRAMER DAVID
,,,,,,,,,,,,,,,,,,,,,,,,,,,,DOKOSSI ALLAN,DOKOSSI, ALLAN, 7.90,DOKOSSI ALLAN
,,,,,,,,,,,,,,,,,,,,,,,,,,,,SIRVYDIS DEIVIDAS,SIRVYDIS, DEIVIDAS, 7.80,SIRVYDIS DEIVIDAS
65.0,47.0,13.0,16.365248226950353,8.3,2.3,3.7,61.5%,1.0,3.1,31%,0.9,1.2,75%,0.3,1.5,1.8,1.7,0.7,1.1,0.2,0.1,2.0,1.5,7.1,003983,"AVRAMOVIC, ALEKSA",EuroLeague,AVRAMOVIC ALEKSA,AVRAMOVIC, ALEKSA, 7.80,AVRAMOVIC ALEKSA
,,,,,,,,,,,,,,,,,,,,,,,,,,,,PREPELIC KLEMEN,PREPELIC, KLEMEN, 7.80,PREPELIC KLEMEN
,,,,,,,,,,,,,,,,,,,,,,,,,,,,FAYE MOUHAMED,FAYE, MOUHAMED, 7.80,FAYE MOUHAMED
,,,,,,,,,,,,,,,,,,,,,,,,,,,,MALCOLM COLLIN,MALCOLM, COLLIN, 7.70,MALCOLM COLLIN
,,,,,,,,,,,,,,,,,,,,,,,,,,,,ROGAKAVOPOULOS NIKOS,ROGAKAVOPOULOS, NIKOS, 7.70,ROGAKAVOPOULOS NIKOS
,,,,,,,,,,,,,,,,,,,,,,,,,,,,PLAVSIC UROS,PLAVSIC, UROS, 7.70,PLAVSIC UROS
,,,,,,,,,,,,,,,,,,,,,,,,,,,,MANNION NICCOLO,MANNION, NICCOLO, 7.70,MANNION NICCOLO
,,,,,,,,,,,,,,,,,,,,,,,,,,,,ABASS AWUDU,ABASS, AWUDU, 7.70,ABASS AWUDU
,,,,,,,,,,,,,,,,,,,,,,,,,,,,ANDERSON JUSTIN,ANDERSON, JUSTIN, 7.60,ANDERSON JUSTIN
110.0,94.0,45.0,22.32677304964539,9.9,2.0,3.7,55.3%,1.7,3.8,44.5%,0.8,0.9,86.2%,0.3,1.6,1.9,2.0,0.8,0.8,0.5,0.1,1.9,1.1,9.6,006590,"BEAUBOIS, RODRIGUE",EuroLeague,BEAUBOIS RODRIGUE,BEAUBOIS, RODRIGUE, 7.60,BEAUBOIS RODRIGUE
,,,,,,,,,,,,,,,,,,,,,,,,,,,,DESSERT BRICE,DESSERT, BRICE, 7.60,DESSERT BRICE
,,,,,,,,,,,,,,,,,,,,,,,,,,,,BROOKS ARMONI,BROOKS, ARMONI, 7.50,BROOKS ARMONI
118.0,94.0,74.0,16.935460992907803,7.6,3.1,4.7,65.8%,0.0,0.0,0%,1.4,2.2,65.4%,2.1,3.4,5.4,0.2,0.2,1.0,0.4,0.2,2.3,2.3,10.3,006568,"FALL, YOUSSOUPHA",EuroLeague,FALL YOUSSOUPHA,FALL, YOUSSOUPHA, 7.50,FALL YOUSSOUPHA
81.0,90.0,37.0,21.34611111111112,8.5,1.8,3.6,50%,1.2,3.6,32.8%,1.4,1.8,79.2%,0.4,1.8,2.2,2.3,0.7,1.2,0.0,0.2,1.6,2.0,8.1,010781,"LUNDBERG, IFFE",EuroLeague,LUNDBERG IFFE,LUNDBERG, IFFE, 7.50,LUNDBERG IFFE
57.0,78.0,24.0,17.476282051282052,7.9,2.0,3.3,60.5%,0.9,3.4,25%,1.3,1.7,76.9%,0.6,1.3,1.9,0.7,0.9,1.0,0.3,0.2,1.3,1.6,6.5,008384,"PROCIDA, GABRIELE",EuroLeague,PROCIDA GABRIELE,PROCIDA, GABRIELE, 7.50,PROCIDA GABRIELE
,,,,,,,,,,,,,,,,,,,,,,,,,,,,MESSINA ETTORE,MESSINA, ETTORE, 7.50,MESSINA ETTORE
74.0,32.0,18.0,24.380729166666665,14.0,2.2,4.6,48.6%,2.5,7.6,33.2%,1.9,2.2,88.6%,0.3,1.9,2.2,3.1,0.9,2.8,0.1,0.7,2.2,4.1,11.1,004292,"TOLIOPOULOS, VASSILIS",EuroCup,TOLIOPOULOS VASSILIS,TOLIOPOULOS, VASSILIS, 7.50,TOLIOPOULOS VASSILIS
,,,,,,,,,,,,,,,,,,,,,,,,,,,,JESSUP JUSTINIAN,JESSUP, JUSTINIAN, 7.50,JESSUP JUSTINIAN
92.0,37.0,21.0,22.847747747747743,11.1,3.5,5.7,61.1%,0.7,2.0,35.6%,2.1,2.5,80.9%,1.6,3.2,4.8,0.9,0.6,1.9,1.3,0.2,2.6,2.5,12.5,011935,"MAKOUNDOU, YOAN",EuroCup,MAKOUNDOU YOAN,MAKOUNDOU, YOAN, 7.50,MAKOUNDOU YOAN
,,,,,,,,,,,,,,,,,,,,,,,,,,,,HAPP ETHAN,HAPP, ETHAN, 7.50,HAPP ETHAN
107.0,90.0,81.0,23.658703703703704,7.0,2.1,4.1,51.2%,0.8,2.5,32.7%,0.4,0.8,44%,0.5,3.3,3.8,4.7,1.0,1.9,0.1,0.3,2.2,1.3,9.4,001932,"CALATHES, NICK",EuroLeague,CALATHES NICK,CALATHES, NICK, 7.40,CALATHES NICK
73.0,111.0,7.0,16.865015015015015,8.0,1.9,2.9,63.9%,0.9,2.8,32.4%,1.5,2.3,68%,0.5,1.2,1.7,1.4,0.8,0.9,0.0,0.2,1.3,1.9,7.7,007853,"MCKISSIC, SHAQUIELLE",EuroLeague,MCKISSIC SHAQUIELLE,MCKISSIC, SHAQUIELLE, 7.40,MCKISSIC SHAQUIELLE
64.0,92.0,57.0,22.9572463768116,9.4,1.4,2.7,52%,1.8,4.7,39.2%,1.1,1.5,78.4%,0.5,1.4,1.9,1.3,0.4,0.8,0.0,0.3,2.2,1.5,7.1,004761,"MARINKOVIC, VANJA",EuroLeague,MARINKOVIC VANJA,MARINKOVIC, VANJA, 7.40,MARINKOVIC VANJA
,,,,,,,,,,,,,,,,,,,,,,,,,,,,NIANG SALIOU,NIANG, SALIOU, 7.40,NIANG SALIOU
102.0,36.0,26.0,25.20092592592593,11.7,3.2,5.6,56.7%,1.3,2.8,48%,1.4,1.9,71%,0.9,3.3,4.3,4.4,1.4,1.8,0.1,0.4,3.0,3.0,15.2,011247,"FELIZ, ANDRES",EuroCup,FELIZ ANDRES,FELIZ, ANDRES, 7.40,FELIZ ANDRES
95.0,41.0,40.0,23.867073170731707,11.8,2.9,5.0,56.5%,1.4,3.8,37.2%,1.9,2.4,79.4%,1.0,3.4,4.4,1.6,1.4,1.3,0.4,0.1,2.4,2.3,13.2,011836,"MIKE, ISIAHA",EuroCup,MIKE ISIAHA,MIKE, ISIAHA, 7.30,MIKE ISIAHA
80.0,109.0,81.0,18.86376146788991,5.8,2.3,4.1,56.1%,0.0,0.0,50%,1.1,1.5,75.9%,1.9,2.4,4.3,0.5,0.8,0.9,0.8,0.3,2.3,1.5,8.1,010390,"HAYES, KEVARRIUS",EuroLeague,HAYES KEVARRIUS,HAYES, KEVARRIUS, 7.30,HAYES KEVARRIUS
43.0,93.0,29.0,19.052688172043013,4.1,0.7,1.4,48.4%,0.7,2.1,34.5%,0.6,0.8,75%,0.4,1.6,2.0,3.2,1.0,1.1,0.1,0.2,2.5,1.3,5.6,006739,"PAJOLA, ALESSANDRO",EuroLeague,PAJOLA ALESSANDRO,PAJOLA, ALESSANDRO, 7.30,PAJOLA ALESSANDRO
,,,,,,,,,,,,,,,,,,,,,,,,,,,,DIOUF MOUHAMET,DIOUF, MOUHAMET, 7.30,DIOUF MOUHAMET
,,,,,,,,,,,,,,,,,,,,,,,,,,,,MASSA BODIAN,MASSA, BODIAN, 7.30,MASSA BODIAN
87.0,35.0,14.0,22.65095238095238,9.0,2.5,4.9,51.7%,0.8,2.2,35.5%,1.6,2.7,57.9%,0.9,2.5,3.4,5.0,1.5,2.8,0.0,0.4,2.0,3.4,12.1,010106,"NUNEZ, JUAN",EuroCup,NUNEZ JUAN,NUNEZ, JUAN, 7.20,NUNEZ JUAN
,,,,,,,,,,,,,,,,,,,,,,,,,,,,ZAGARS ARTURS,ZAGARS, ARTURS, 7.20,ZAGARS ARTURS
74.0,89.0,46.0,14.310674157303373,6.7,2.8,4.6,61.4%,0.0,0.0,0%,1.0,1.8,57.4%,1.4,2.3,3.8,0.5,0.4,1.1,0.2,0.2,1.8,1.8,7.8,002581,"JAITEH, MAM",EuroLeague,JAITEH MAM,JAITEH, MAM, 7.20,JAITEH MAM
,,,,,,,,,,,,,,,,,,,,,,,,,,,,TRIFUNOVIC UROS,TRIFUNOVIC, UROS, 7.20,TRIFUNOVIC UROS
,,,,,,,,,,,,,,,,,,,,,,,,,,,,SIMA YANKUBA,SIMA, YANKUBA, 7.20,SIMA YANKUBA
,,,,,,,,,,,,,,,,,,,,,,,,,,,,BALDWIN KAMAR,BALDWIN, KAMAR, 7.10,BALDWIN KAMAR
,,,,,,,,,,,,,,,,,,,,,,,,,,,,HOMMES DAULTON,HOMMES, DAULTON, 7.10,HOMMES DAULTON
37.0,83.0,23.0,15.146586345381529,5.8,1.0,1.9,50%,0.9,2.3,38.4%,1.2,1.5,81.1%,0.2,0.6,0.8,1.7,0.4,0.8,0.0,0.2,1.6,1.8,5.3,008099,"STRAZEL, MATTHEW",EuroLeague,STRAZEL MATTHEW,STRAZEL, MATTHEW, 7.10,STRAZEL MATTHEW
,,,,,,,,,,,,,,,,,,,,,,,,,,,,BIRCH KHEM,BIRCH, KHEM, 7.10,BIRCH KHEM
105.0,109.0,93.0,16.96834862385321,8.0,2.8,4.6,61.6%,0.4,1.1,35%,1.2,2.0,61.5%,1.1,2.3,3.4,0.9,0.4,1.0,0.2,0.2,1.9,2.6,9.4,LCZ,"MOTIEJUNAS, DONATAS",EuroLeague,MOTIEJUNAS DONATAS,MOTIEJUNAS, DONATAS, 7.00,MOTIEJUNAS DONATAS
94.0,107.0,64.0,21.34127725856698,8.9,2.2,3.5,62%,1.1,2.9,38.1%,1.2,1.4,81.8%,1.1,2.7,3.7,1.1,0.4,1.2,0.1,0.2,2.6,1.9,8.7,007109,"SMITS, ROLANDS",EuroLeague,SMITS ROLANDS,SMITS, ROLANDS, 7.00,SMITS ROLANDS
,,,,,,,,,,,,,,,,,,,,,,,,,,,,SFAIROPOULOS IOANNIS,SFAIROPOULOS, IOANNIS, 7.00,SFAIROPOULOS IOANNIS
,,,,,,,,,,,,,,,,,,,,,,,,,,,,KATTASH ODED,KATTASH, ODED, 7.00,KATTASH ODED
62.0,32.0,22.0,23.398958333333333,8.4,2.2,4.5,50%,0.6,2.6,24.4%,2.1,2.6,79.5%,0.4,2.8,3.2,4.1,0.9,2.2,0.2,0.4,2.5,3.0,9.9,012593,"ELLIS, QUINN",EuroCup,ELLIS QUINN,ELLIS, QUINN, 7.00,ELLIS QUINN
,,,,,,,,,,,,,,,,,,,,,,,,,,,,JOVIC STEFAN,JOVIC, STEFAN, 7.00,JOVIC STEFAN
,,,,,,,,,,,,,,,,,,,,,,,,,,,,BITIM ONURALP,BITIM, ONURALP, 7.00,BITIM ONURALP
,,,,,,,,,,,,,,,,,,,,,,,,,,,,GOLEMAC JURICA,GOLEMAC, JURICA, 7.00,GOLEMAC JURICA
,,,,,,,,,,,,,,,,,,,,,,,,,,,,VAUTIER BASTIEN,VAUTIER, BASTIEN, 7.00,VAUTIER BASTIEN
,,,,,,,,,,,,,,,,,,,,,,,,,,,,REUVERS NATHAN,REUVERS, NATHAN, 7.00,REUVERS NATHAN
,,,,,,,,,,,,,,,,,,,,,,,,,,,,SANTOS MARCIO,SANTOS, MARCIO, 6.90,SANTOS MARCIO
,,,,,,,,,,,,,,,,,,,,,,,,,,,,KURUCS RODIONS,KURUCS, RODIONS, 6.90,KURUCS RODIONS
20.0,57.0,7.0,14.117543859649125,4.0,1.2,2.1,55.8%,0.4,1.6,25.6%,0.5,0.6,74.3%,0.9,1.7,2.5,0.5,0.4,0.4,0.1,0.1,1.4,0.8,4.2,007464,"PARRA, JOEL",EuroLeague,PARRA JOEL,PARRA, JOEL, 6.80,PARRA JOEL
,,,,,,,,,,,,,,,,,,,,,,,,,,,,ALMANSA IZAN,ALMANSA, IZAN, 6.80,ALMANSA IZAN
,,,,,,,,,,,,,,,,,,,,,,,,,,,,HAZER SEHMUS,HAZER, SEHMUS, 6.70,HAZER SEHMUS
10.0,76.0,41.0,17.928947368421053,4.6,1.1,2.4,45.1%,0.7,1.7,37.9%,0.5,0.6,88.1%,0.4,0.8,1.2,1.3,0.8,0.8,0.0,0.2,1.8,0.7,3.3,007513,"GIEDRAITIS, DOVYDAS",EuroLeague,GIEDRAITIS DOVYDAS,GIEDRAITIS, DOVYDAS, 6.60,GIEDRAITIS DOVYDAS
66.0,105.0,37.0,13.736031746031744,6.0,2.5,3.9,63.9%,0.0,0.0,0%,1.0,1.6,64.8%,1.2,2.0,3.2,0.4,0.2,0.7,0.4,0.2,1.8,1.6,7.1,005504,"BIRUTIS, LAURYNAS",EuroLeague,BIRUTIS LAURYNAS,BIRUTIS, LAURYNAS, 6.60,BIRUTIS LAURYNAS
58.0,83.0,34.0,21.326506024096386,9.4,0.6,1.3,44.2%,2.6,6.3,41.2%,0.5,0.7,81.8%,0.3,1.5,1.8,1.2,0.5,1.0,0.0,0.2,1.8,1.1,6.6,004508,"OBST, ANDREAS",EuroLeague,OBST ANDREAS,OBST, ANDREAS, 6.50,OBST ANDREAS
,,,,,,,,,,,,,,,,,,,,,,,,,,,,NDIAYE MBAYE,NDIAYE, MBAYE,6.50,NDIAYE MBAYE
49.0,115.0,85.0,20.078840579710143,9.1,1.1,2.3,47.8%,1.9,4.8,40%,1.2,1.4,84.3%,0.3,1.0,1.2,1.2,0.7,1.0,0.1,0.2,2.0,1.3,6.2,010612,"CANAAN, ISAIAH",EuroLeague,CANAAN ISAIAH,CANAAN, ISAIAH, 6.50,CANAAN ISAIAH
,,,,,,,,,,,,,,,,,,,,,,,,,,,,IVANOVIC DUSKO,IVANOVIC, DUSKO, 6.50,IVANOVIC DUSKO
,,,,,,,,,,,,,,,,,,,,,,,,,,,,MASIULIS TOMAS,MASIULIS, TOMAS, 6.50,MASIULIS TOMAS
,,,,,,,,,,,,,,,,,,,,,,,,,,,,MARTINEZ PEDRO,MARTINEZ, PEDRO, 6.50,MARTINEZ PEDRO
12.0,58.0,34.0,14.867241379310345,3.9,0.7,1.4,51.9%,0.6,1.6,39.4%,0.5,0.6,85.7%,0.6,1.6,2.3,0.5,0.3,0.8,0.0,0.2,1.5,1.0,3.7,006643,"PUERTO, JOSEP",EuroLeague,PUERTO JOSEP,PUERTO, JOSEP, 6.50,PUERTO JOSEP
,,,,,,,,,,,,,,,,,,,,,,,,,,,,DE LARREA SERGIO,DE LARREA, SERGIO, 6.50,DE LARREA SERGIO
34.0,54.0,7.0,13.09783950617284,5.7,0.8,1.7,47.8%,0.9,2.1,41.4%,1.4,1.6,89.7%,0.1,0.9,1.1,0.9,0.3,0.9,0.1,0.1,1.4,1.5,4.9,000956,"ANDJUSIC, DANILO",EuroLeague,ANDJUSIC DANILO,ANDJUSIC, DANILO, 6.50,ANDJUSIC DANILO
,,,,,,,,,,,,,,,,,,,,,,,,,,,,LAVY GUR,LAVY, GUR, 6.50,LAVY GUR
46.0,62.0,51.0,15.409408602150538,5.7,1.5,2.7,54.2%,0.7,1.8,37.5%,0.8,0.8,94.1%,0.8,2.0,2.8,0.9,0.5,0.8,0.1,0.2,1.7,1.1,6.0,012710,"OSMANI, ERCAN",EuroLeague,OSMANI ERCAN,OSMANI, ERCAN, 6.50,OSMANI ERCAN
,,,,,,,,,,,,,,,,,,,,,,,,,,,,BANGO JILSON,BANGO, JILSON, 6.40,BANGO JILSON
68.0,95.0,69.0,20.563333333333333,5.7,1.1,2.2,50%,0.8,2.0,38.8%,1.2,1.5,78.9%,0.4,2.1,2.4,2.8,0.6,1.4,0.0,0.2,2.4,2.4,7.3,001844,"HACKETT, DANIEL",EuroLeague,HACKETT DANIEL,HACKETT, DANIEL, 6.30,HACKETT DANIEL
,,,,,,,,,,,,,,,,,,,,,,,,,,,,DIOP KHALIFA,DIOP, KHALIFA, 6.30,DIOP KHALIFA
33.0,87.0,47.0,15.964942528735632,4.3,0.7,1.4,52.5%,0.8,1.9,40.2%,0.5,0.7,79.3%,0.4,1.8,2.1,1.4,0.4,0.4,0.0,0.1,1.6,0.6,4.9,003733,"ABALDE, ALBERTO",EuroLeague,ABALDE ALBERTO,ABALDE, ALBERTO, 6.10,ABALDE ALBERTO
,,,,,,,,,,,,,,,,,,,,,,,,,,,,MARCOS JUANI,MARCOS, JUANI, 6.10,MARCOS JUANI
52.0,99.0,50.0,16.38922558922559,4.3,1.8,2.8,63.7%,0.0,0.1,15.4%,0.7,1.2,62.1%,1.5,1.8,3.3,0.8,0.7,0.6,0.6,0.1,2.4,1.3,6.3,003048,"DUNSTON, BRYANT",EuroLeague,DUNSTON BRYANT,DUNSTON, BRYANT, 6.00,DUNSTON BRYANT
,,,,,,,,,,,,,,,,,,,,,,,,,,,,HERBERT GORDON,HERBERT, GORDON, 6.00,HERBERT GORDON
44.0,101.0,15.0,16.455940594059406,5.4,0.3,0.9,38.5%,1.3,3.0,41.4%,1.0,1.0,96.1%,0.7,1.3,1.9,1.0,0.7,0.4,0.0,0.1,2.1,1.8,5.8,007990,"DIBARTOLOMEO, JOHN",EuroLeague,DIBARTOLOMEO JOHN,DIBARTOLOMEO, JOHN, 6.00,DIBARTOLOMEO JOHN
,,,,,,,,,,,,,,,,,,,,,,,,,,,,TABELLINI FRANCESCO,TABELLINI, FRANCESCO, 6.00,TABELLINI FRANCESCO
38.0,80.0,16.0,15.943958333333333,4.5,1.0,1.8,56.8%,0.7,1.5,45.5%,0.3,0.5,64.3%,0.4,1.6,1.9,1.1,0.5,0.4,0.0,0.2,1.2,0.8,5.3,006509,"TONUT, STEFANO",EuroLeague,TONUT STEFANO,TONUT, STEFANO, 6.00,TONUT STEFANO
61.0,92.0,34.0,21.95905797101449,4.9,0.9,1.7,54.8%,0.6,1.9,33.3%,1.2,1.4,80.5%,0.9,2.7,3.6,1.3,1.0,1.0,0.2,0.2,2.6,1.8,6.7,002676,"BUTKEVICIUS, ARNAS",EuroLeague,BUTKEVICIUS ARNAS,BUTKEVICIUS, ARNAS, 6.00,BUTKEVICIUS ARNAS
42.0,43.0,16.0,22.60232558139535,8.7,1.3,2.3,57.7%,1.8,4.8,37.2%,0.7,0.8,82.9%,0.8,3.0,3.8,1.0,0.3,1.0,0.2,0.2,2.3,0.8,7.2,011980,"SESTINA, NATHAN",EuroCup,SESTINA NATHAN,SESTINA, NATHAN, 6.00,SESTINA NATHAN
,,,,,,,,,,,,,,,,,,,,,,,,,,,,NAKIC MARIO,NAKIC, MARIO, 5.90,NAKIC MARIO
6.0,96.0,52.0,12.718055555555557,4.1,0.8,1.5,54.6%,0.8,2.1,36.1%,0.2,0.3,78.6%,0.5,0.9,1.4,0.2,0.3,0.3,0.0,0.1,1.2,0.3,2.7,004197,"OUATTARA, YAKUBA",EuroLeague,OUATTARA YAKUBA,OUATTARA, YAKUBA, 5.80,OUATTARA YAKUBA
19.0,89.0,25.0,14.149250936329588,3.7,1.3,2.1,59.9%,0.2,0.8,27.8%,0.5,0.7,64.1%,1.1,1.6,2.8,0.4,0.5,0.4,0.2,0.2,1.7,0.8,4.2,011244,"DA SILVA, OSCAR",EuroLeague,DA SILVA OSCAR,DA SILVA, OSCAR, 5.70,DA SILVA OSCAR
36.0,102.0,8.0,17.31078431372549,6.9,0.9,2.2,39.3%,1.4,4.4,30.9%,1.1,1.4,81.9%,0.2,1.1,1.3,2.2,0.3,0.9,0.0,0.1,1.4,1.5,5.1,TGB,"LLULL, SERGIO",EuroLeague,LLULL SERGIO,LLULL, SERGIO, 5.60,LLULL SERGIO
30.0,82.0,19.0,16.634349593495934,5.2,1.0,1.9,51.9%,0.9,2.0,45.6%,0.6,0.7,83.6%,0.6,1.4,2.0,0.7,0.4,0.5,0.1,0.1,2.0,1.0,4.7,001557,"GIFFEY, NIELS",EuroLeague,GIFFEY NIELS,GIFFEY, NIELS, 5.60,GIFFEY NIELS
,,,,,,,,,,,,,,,,,,,,,,,,,,,,GALBIATI PAOLO,GALBIATI, PAOLO, 5.50,GALBIATI PAOLO
,,,,,,,,,,,,,,,,,,,,,,,,,,,,HOLLATZ JUSTUS,HOLLATZ, JUSTUS, 5.50,HOLLATZ JUSTUS
,,,,,,,,,,,,,,,,,,,,,,,,,,,,HARRIS ELIAS,HARRIS, ELIAS, 5.50,HARRIS ELIAS
,,,,,,,,,,,,,,,,,,,,,,,,,,,,ANTETOKOUNMPO KOSTAS,ANTETOKOUNMPO, KOSTAS, 5.50,ANTETOKOUNMPO KOSTAS
,,,,,,,,,,,,,,,,,,,,,,,,,,,,TARPEY TERRY,TARPEY, TERRY, 5.40,TARPEY TERRY
18.0,95.0,0.0,12.58140350877193,5.2,0.6,1.4,41.5%,1.1,2.9,35.8%,0.9,1.2,77.3%,0.3,1.1,1.4,1.2,0.5,0.9,0.1,0.1,1.7,1.5,4.2,010392,"LARENTZAKIS, GIANNOULIS",EuroLeague,LARENTZAKIS GIANNOULIS,LARENTZAKIS, GIANNOULIS, 5.30,LARENTZAKIS GIANNOULIS
,,,,,,,,,,,,,,,,,,,,,,,,,,,,YILMAZ ERKAN,YILMAZ, ERKAN, 5.30,YILMAZ ERKAN
,,,,,,,,,,,,,,,,,,,,,,,,,,,,RAYMAN WILLIAM,RAYMAN, WILLIAM, 5.30,RAYMAN WILLIAM
,,,,,,,,,,,,,,,,,,,,,,,,,,,,DIOP OUSMANE,DIOP, OUSMANE, 5.20,DIOP OUSMANE
,,,,,,,,,,,,,,,,,,,,,,,,,,,,AKELE NICOLA,AKELE, NICOLA, 5.20,AKELE NICOLA
,,,,,,,,,,,,,,,,,,,,,,,,,,,,CAVALIERE LEOPOLD,CAVALIERE, LEOPOLD, 5.10,CAVALIERE LEOPOLD
,,,,,,,,,,,,,,,,,,,,,,,,,,,,VILLAR RAFA,VILLAR, RAFA, 5.10,VILLAR RAFA
35.0,86.0,38.0,16.372093023255815,6.2,1.5,2.6,58.5%,0.9,2.7,33.5%,0.5,0.6,73.6%,0.4,1.3,1.8,0.9,0.5,0.7,0.0,0.1,1.4,1.0,5.1,004007,"DOBRIC, OGNJEN",EuroLeague,DOBRIC OGNJEN,DOBRIC, OGNJEN, 5.00,DOBRIC OGNJEN
23.0,90.0,66.0,19.55462962962963,5.2,1.1,2.5,44.7%,0.7,1.8,39.8%,0.8,1.0,73.9%,0.5,1.4,1.9,1.2,0.6,0.8,0.0,0.2,2.1,1.3,4.3,003526,"LIGHTY, DAVID",EuroLeague,LIGHTY DAVID,LIGHTY, DAVID, 5.00,LIGHTY DAVID
,,,,,,,,,,,,,,,,,,,,,,,,,,,,SHAHRVIN ENZO,SHAHRVIN, ENZO, 5.00,SHAHRVIN ENZO
4.0,83.0,22.0,11.285341365461846,2.5,0.4,0.7,59.3%,0.5,1.4,35.7%,0.2,0.2,81.2%,0.6,1.4,2.0,0.3,0.4,0.3,0.2,0.0,2.0,0.3,2.2,001518,"RICCI, GIAMPAOLO",EuroLeague,RICCI GIAMPAOLO,RICCI, GIAMPAOLO, 5.00,RICCI GIAMPAOLO
,,,,,,,,,,,,,,,,,,,,,,,,,,,,PUPET PIERRIC,PUPET, PIERRIC, 5.00,PUPET PIERRIC
,,,,,,,,,,,,,,,,,,,,,,,,,,,,BLAYZER OZ,BLAYZER, OZ, 5.00,BLAYZER OZ
,,,,,,,,,,,,,,,,,,,,,,,,,,,,MUTAF DAVID,MUTAF, DAVID, 5.00,MUTAF DAVID
,,,,,,,,,,,,,,,,,,,,,,,,,,,,MILJENOVIC STEFAN,MILJENOVIC, STEFAN, 5.00,MILJENOVIC STEFAN
,,,,,,,,,,,,,,,,,,,,,,,,,,,,CANKA ABRAMO,CANKA, ABRAMO, 4.90,CANKA ABRAMO
,,,,,,,,,,,,,,,,,,,,,,,,,,,,FLACCADORI DIEGO,FLACCADORI, DIEGO, 4.80,FLACCADORI DIEGO
,,,,,,,,,,,,,,,,,,,,,,,,,,,,DANGUBIC NEMANJA,DANGUBIC, NEMANJA, 4.80,DANGUBIC NEMANJA
,,,,,,,,,,,,,,,,,,,,,,,,,,,,BEGARIN JUHANN,BEGARIN, JUHANN, 4.50,BEGARIN JUHANN
,,,,,,,,,,,,,,,,,,,,,,,,,,,,KRATZER LEON,KRATZER, LEON, 4.50,KRATZER LEON
,,,,,,,,,,,,,,,,,,,,,,,,,,,,HERRERA SEBASTIAN,HERRERA, SEBASTIAN, 4.50,HERRERA SEBASTIAN
,,,,,,,,,,,,,,,,,,,,,,,,,,,,MAHMUTOGLU MELIH,MAHMUTOGLU, MELIH, 4.50,MAHMUTOGLU MELIH
,,,,,,,,,,,,,,,,,,,,,,,,,,,,ILIC DALIBOR,ILIC, DALIBOR, 4.5,ILIC DALIBOR
,,,,,,,,,,,,,,,,,,,,,,,,,,,,LAKIC ARIJAN,LAKIC, ARIJAN, 4.30,LAKIC ARIJAN
11.0,53.0,14.0,15.26194968553459,4.6,1.2,2.0,57%,0.5,1.8,30.2%,0.7,0.8,85.4%,0.3,1.0,1.3,0.8,0.3,0.8,0.0,0.1,1.6,1.2,3.5,000229,"JACKSON, EDWIN",EuroLeague,JACKSON EDWIN,JACKSON, EDWIN, 4.20,JACKSON EDWIN
,,,,,,,,,,,,,,,,,,,,,,,,,,,,DIRSEN METECAN,DIRSEN, METECAN, 4.20,DIRSEN METECAN
,,,,,,,,,,,,,,,,,,,,,,,,,,,,RAVENA THIRDY,RAVENA, THIRDY, 4.20,RAVENA THIRDY
,,,,,,,,,,,,,,,,,,,,,,,,,,,,KOUZELOGLOU IOANNIS,KOUZELOGLOU, IOANNIS, 4.20,KOUZELOGLOU IOANNIS
3.0,87.0,17.0,7.1432950191570885,2.1,0.5,0.9,59.7%,0.2,0.7,30.2%,0.4,0.5,73.8%,0.3,0.6,0.9,0.3,0.4,0.3,0.0,0.1,1.1,0.6,1.8,011209,"KALAITZAKIS, PANAGIOTIS",EuroLeague,KALAITZAKIS PANAGIOTIS,KALAITZAKIS, PANAGIOTIS, 4.10,KALAITZAKIS PANAGIOTIS
,,,,,,,,,,,,,,,,,,,,,,,,,,,,BOSNJAKOVIC MITAR,BOSNJAKOVIC, MITAR, 4.00,BOSNJAKOVIC MITAR
,,,,,,,,,,,,,,,,,,,,,,,,,,,,YILDIZLI BURAKCAN,YILDIZLI, BURAKCAN, 4.00,YILDIZLI BURAKCAN
,,,,,,,,,,,,,,,,,,,,,,,,,,,,MESTOGLU YIGIT HAMZA,MESTOGLU, YIGIT HAMZA, 4.00,MESTOGLU YIGIT HAMZA
,,,,,,,,,,,,,,,,,,,,,,,,,,,,EKSIOGLU MERT,EKSIOGLU, MERT, 4.00,EKSIOGLU MERT
,,,,,,,,,,,,,,,,,,,,,,,,,,,,PALATIN GUY,PALATIN, GUY, 4.00,PALATIN GUY
,,,,,,,,,,,,,,,,,,,,,,,,,,,,SAMODUROV ALEXANDROS,SAMODUROV, ALEXANDROS, 4.00,SAMODUROV ALEXANDROS
43.0,61.0,17.0,21.64453551912568,6.6,1.6,2.8,55.6%,0.7,2.3,31.2%,1.3,1.8,75.7%,0.2,1.6,1.8,3.4,0.8,1.4,0.0,0.2,2.1,1.6,7.3,004846,"TIMOR, BAR",EuroCup,TIMOR BAR,TIMOR, BAR, 4.00,TIMOR BAR
,,,,,,,,,,,,,,,,,,,,,,,,,,,,STOJKOVIC LAZAR,STOJKOVIC, LAZAR, 4.00,STOJKOVIC LAZAR
,,,,,,,,,,,,,,,,,,,,,,,,,,,,RADOSIC OGNJEN,RADOSIC, OGNJEN, 4.00,RADOSIC OGNJEN
,,,,,,,,,,,,,,,,,,,,,,,,,,,,ZIV IFTACH,ZIV, IFTACH, 4.00,ZIV IFTACH
,,,,,,,,,,,,,,,,,,,,,,,,,,,,SEGEV ITAY,SEGEV, ITAY, 4.00,SEGEV ITAY
,,,,,,,,,,,,,,,,,,,,,,,,,,,,NETZIPOGLOU OMIROS,NETZIPOGLOU, OMIROS, 4.00,NETZIPOGLOU OMIROS
,,,,,,,,,,,,,,,,,,,,,,,,,,,,MOUNGALLA ILIAN,MOUNGALLA, ILIAN, 4.00,MOUNGALLA ILIAN
,,,,,,,,,,,,,,,,,,,,,,,,,,,,ACCORSI MATTEO,ACCORSI, MATTEO, 4.00,ACCORSI MATTEO
