NAME_KEY,competition
1,EuroLeague
2,EuroLeague
3,EuroLeague
4,EuroLeague
5,EuroLeague
6,EuroLeague
7,EuroLeague
8,EuroLeague
9,EuroLeague
10,EuroLeague
12,EuroLeague
13,EuroLeague
14,EuroLeague
15,EuroLeague
16,EuroLeague
17,EuroLeague
18,EuroLeague
19,EuroLeague
20,EuroLeague
21,EuroLeague
22,EuroLeague
23,EuroLeague
24,EuroLeague
25,EuroLeague
28,EuroLeague
29,EuroLeague
30,EuroLeague
31,EuroLeague
32,EuroLeague
33,EuroLeague
34,EuroLeague
35,EuroLeague
36,EuroLeague
37,EuroLeague
39,EuroLeague
40,EuroLeague
41,EuroLeague
42,EuroLeague
43,EuroLeague
44,EuroLeague
45,EuroLeague
46,EuroLeague
47,EuroLeague
48,EuroLeague
49,EuroLeague
50,EuroLeague
51,EuroLeague
52,EuroLeague
53,EuroLeague
54,EuroLeague
55,EuroLeague
56,EuroLeague
57,EuroLeague
58,EuroLeague
59,EuroLeague
60,EuroLeague
61,EuroLeague
62,EuroLeague
63,EuroLeague
64,EuroLeague
65,EuroLeague
66,EuroLeague
68,EuroLeague
70,EuroLeague
71,EuroLeague
72,EuroLeague
73,EuroLeague
74,EuroLeague
77,EuroLeague
78,EuroLeague
79,EuroLeague
80,EuroLeague
81,EuroLeague
82,EuroLeague
83,EuroLeague
85,EuroLeague
86,EuroLeague
87,EuroLeague
89,EuroLeague
90,EuroLeague
91,EuroLeague
93,EuroLeague
94,EuroLeague
95,EuroLeague
96,EuroLeague
97,EuroLeague
98,EuroLeague
99,EuroLeague
100,EuroLeague
101,EuroLeague
102,EuroLeague
103,EuroLeague
104,EuroLeague
105,EuroLeague
107,EuroLeague
108,EuroLeague
110,EuroLeague
115,EuroLeague
116,EuroLeague
117,EuroLeague
118,EuroLeague
119,EuroLeague
120,EuroLeague
121,EuroLeague
122,EuroLeague
123,EuroLeague
125,EuroLeague
126,EuroLeague
127,EuroLeague
129,EuroLeague
131,EuroLeague
132,EuroLeague
133,EuroLeague
135,EuroLeague
138,EuroLeague
139,EuroLeague
141,EuroLeague
143,EuroLeague
144,EuroLeague
145,EuroLeague
148,EuroLeague
150,EuroLeague
151,EuroLeague
152,EuroLeague
153,EuroLeague
154,EuroLeague
155,EuroLeague
160,EuroLeague
163,EuroLeague
164,EuroLeague
166,EuroLeague
168,EuroLeague
169,EuroLeague
170,EuroLeague
171,EuroLeague
172,EuroLeague
173,EuroLeague
174,EuroLeague
177,EuroLeague
178,EuroLeague
180,EuroLeague
182,EuroLeague
183,EuroLeague
185,EuroLeague
186,EuroLeague
189,EuroLeague
190,EuroLeague
191,EuroLeague
192,EuroLeague
193,EuroLeague
194,EuroLeague
195,EuroLeague
196,EuroLeague
198,EuroLeague
200,EuroLeague
203,EuroLeague
204,EuroLeague
205,EuroLeague
207,EuroLeague
208,EuroLeague
209,EuroLeague
210,EuroLeague
213,EuroLeague
214,EuroLeague
215,EuroLeague
216,EuroLeague
217,EuroLeague
218,EuroLeague
219,EuroLeague
220,EuroLeague
222,EuroLeague
224,EuroLeague
225,EuroLeague
227,EuroLeague
228,EuroLeague
229,EuroLeague
230,EuroLeague
232,EuroLeague
233,EuroLeague
234,EuroLeague
235,EuroLeague
236,EuroLeague
237,EuroLeague
238,EuroLeague
239,EuroLeague
241,EuroLeague
242,EuroLeague
244,EuroLeague
245,EuroLeague
248,EuroLeague
250,EuroLeague
251,EuroLeague
252,EuroLeague
253,EuroLeague
254,EuroLeague
255,EuroLeague
257,EuroLeague
258,EuroLeague
259,EuroLeague
260,EuroLeague
261,EuroLeague
262,EuroLeague
263,EuroLeague
1,EuroCup
2,EuroCup
3,EuroCup
4,EuroCup
5,EuroCup
6,EuroCup
7,EuroCup
8,EuroCup
9,EuroCup
10,EuroCup
11,EuroCup
12,EuroCup
13,EuroCup
14,EuroCup
15,EuroCup
16,EuroCup
17,EuroCup
18,EuroCup
19,EuroCup
20,EuroCup
21,EuroCup
22,EuroCup
23,EuroCup
24,EuroCup
25,EuroCup
26,EuroCup
27,EuroCup
28,EuroCup
29,EuroCup
30,EuroCup
31,EuroCup
32,EuroCup
33,EuroCup
34,EuroCup
35,EuroCup
36,EuroCup
37,EuroCup
38,EuroCup
39,EuroCup
40,EuroCup
41,EuroCup
42,EuroCup
43,EuroCup
44,EuroCup
45,EuroCup
47,EuroCup
48,EuroCup
49,EuroCup
50,EuroCup
51,EuroCup
52,EuroCup
53,EuroCup
54,EuroCup
55,EuroCup
56,EuroCup
57,EuroCup
58,EuroCup
59,EuroCup
60,EuroCup
61,EuroCup
62,EuroCup
63,EuroCup
64,EuroCup
65,EuroCup
66,EuroCup
67,EuroCup
68,EuroCup
69,EuroCup
70,EuroCup
71,EuroCup
72,EuroCup
73,EuroCup
74,EuroCup
75,EuroCup
76,EuroCup
78,EuroCup
79,EuroCup
80,EuroCup
81,EuroCup
82,EuroCup
83,EuroCup
84,EuroCup
85,EuroCup
86,EuroCup
87,EuroCup
88,EuroCup
89,EuroCup
90,EuroCup
91,EuroCup
93,EuroCup
94,EuroCup
95,EuroCup
96,EuroCup
97,EuroCup
98,EuroCup
99,EuroCup
100,EuroCup
101,EuroCup
102,EuroCup
103,EuroCup
104,EuroCup
105,EuroCup
106,EuroCup
107,EuroCup
108,EuroCup
109,EuroCup
110,EuroCup
111,EuroCup
112,EuroCup
113,EuroCup
114,EuroCup
115,EuroCup
116,EuroCup
117,EuroCup
118,EuroCup
119,EuroCup
120,EuroCup
121,EuroCup
122,EuroCup
123,EuroCup
124,EuroCup
125,EuroCup
126,EuroCup
127,EuroCup
128,EuroCup
129,EuroCup
130,EuroCup
131,EuroCup
132,EuroCup
133,EuroCup
134,EuroCup
135,EuroCup
136,EuroCup
137,EuroCup
138,EuroCup
139,EuroCup
140,EuroCup
141,EuroCup
142,EuroCup
143,EuroCup
144,EuroCup
145,EuroCup
146,EuroCup
147,EuroCup
148,EuroCup
149,EuroCup
150,EuroCup
151,EuroCup
152,EuroCup
153,EuroCup
155,EuroCup
156,EuroCup
157,EuroCup
158,EuroCup
159,EuroCup
160,EuroCup
161,EuroCup
162,EuroCup
163,EuroCup
164,EuroCup
165,EuroCup
166,EuroCup
167,EuroCup
168,EuroCup
169,EuroCup
170,EuroCup
171,EuroCup
172,EuroCup
173,EuroCup
174,EuroCup
175,EuroCup
176,EuroCup
177,EuroCup
178,EuroCup
179,EuroCup
180,EuroCup
181,EuroCup
182,EuroCup
183,EuroCup
184,EuroCup
185,EuroCup
186,EuroCup
187,EuroCup
188,EuroCup
